"priority_rank","ignore_rank","warehouse","category","priority_score","completed_stays","historical_long_stays","historical_long_stay_rate_pct","open_stays","open_long_stays","open_long_stay_rate_pct","max_open_dwell_hours"
1,NULL,"bijainagar, bijainagar, rajasthan","Prioritize for Clearing",71.11,1368,1240,90.64,75,75,100.00,105.07
2,NULL,"bhiwandi hub","Prioritize for Clearing",64.35,3572,1123,31.44,635,186,29.29,148.70
3,NULL,"cod processing centre ii","Prioritize for Clearing",59.96,8086,1569,19.40,1117,173,15.49,92.45
4,NULL,"del/lh1, gurgaon, haryana","Prioritize for Clearing",42.47,8342,1100,13.19,989,122,12.34,255.02
5,NULL,"ludhiana","Prioritize for Clearing",41.94,506,278,54.94,159,76,47.80,84.14
6,NULL,"jalpaiguri","Prioritize for Clearing",36.92,86,65,75.58,26,18,69.23,100.10
7,NULL,"guwahati","Prioritize for Clearing",32.37,88,68,77.27,39,19,48.72,108.41
8,NULL,"cochin","Prioritize for Clearing",30.17,79,41,51.90,27,17,62.96,98.40
9,NULL,"gurugram, haryana, in","Prioritize for Clearing",27.53,985,331,33.60,57,27,47.37,388.23
10,NULL,"uluberia","Prioritize for Clearing",26.66,226,125,55.31,28,13,46.43,73.14
11,NULL,"ernakulam","Prioritize for Clearing",25.64,296,174,58.78,98,26,26.53,98.40
12,NULL,"bhiwandi/lh1, bhiwandi, maharashtra","Prioritize for Clearing",24.75,3513,962,27.38,277,33,11.91,88.04
13,NULL,"lucknow","Prioritize for Clearing",23.76,321,69,21.50,44,24,54.55,78.09
14,NULL,"cuttack","Prioritize for Clearing",22.95,100,66,66.00,23,7,30.43,79.10
15,NULL,"nadia","Prioritize for Clearing",22.80,293,84,28.67,39,19,48.72,175.39
16,NULL,"surm","Prioritize for Clearing",22.79,226,98,43.36,20,9,45.00,72.45
17,NULL,"raipur","Prioritize for Clearing",22.63,182,60,32.97,36,17,47.22,84.10
18,NULL,"del/lh3, gurgaon, haryana","Prioritize for Clearing",22.60,479,199,41.54,110,28,25.45,72.95
19,NULL,"gau/lh1, guwahati, assam","Prioritize for Clearing",21.85,423,21,4.96,25,17,68.00,181.27
20,NULL,"agra","Prioritize for Clearing",19.69,93,42,45.16,20,7,35.00,179.85
21,NULL,"aslali warehouse","Prioritize for Clearing",18.71,3787,376,9.93,355,46,12.96,67.97
22,NULL,"kona warehouse","Prioritize for Clearing",18.39,302,131,43.38,51,12,23.53,95.08
23,NULL,"jhajjhar","Prioritize for Clearing",17.85,480,229,47.71,63,10,15.87,67.07
24,NULL,"mulm","Prioritize for Clearing",17.54,1805,808,44.76,13,4,30.77,56.47
25,NULL,"ahmedabad","Prioritize for Clearing",17.44,920,139,15.11,81,25,30.86,227.69
26,NULL,"ranchi","Prioritize for Clearing",15.38,87,29,33.33,21,6,28.57,75.92
27,NULL,"pune - pnq","Prioritize for Clearing",14.79,176,23,13.07,298,40,13.42,83.63
28,NULL,"ccuh","Prioritize for Clearing",14.02,1855,67,3.61,183,36,19.67,250.44
29,NULL,"gurgaon","Prioritize for Clearing",13.78,644,156,24.22,89,15,16.85,81.90
30,NULL,"taoru, haryana, in","Prioritize for Clearing",13.55,304,67,22.04,25,7,28.00,70.50
31,NULL,"farukhnagar","Prioritize for Clearing",13.40,641,53,8.27,31,11,35.48,402.11
32,NULL,"gurugram - ggn","Prioritize for Clearing",13.06,136,63,46.32,59,5,8.47,147.87
33,NULL,"ixch","Prioritize for Clearing",12.97,865,31,3.58,82,23,28.05,160.75
34,NULL,"bengaluru","Prioritize for Clearing",12.91,671,115,17.14,30,8,26.67,244.46
35,NULL,"patna","Prioritize for Clearing",12.15,52,27,51.92,13,7,53.85,77.22
36,NULL,"rkt/pc, rajkot, gujarat","Prioritize for Clearing",12.10,1693,175,10.34,235,26,11.06,100.85
37,NULL,"surat","Prioritize for Clearing",11.90,2107,170,8.07,94,18,19.15,224.67
38,NULL,"koramangala","Prioritize for Clearing",11.72,3829,793,20.71,4,0,0.00,37.52
39,NULL,"surat/lh1, surat, gujarat","Prioritize for Clearing",11.70,1865,176,9.44,227,25,11.01,93.06
40,NULL,"idr/msr, indore, madhya pradesh","Prioritize for Clearing",11.68,26,15,57.69,0,0,0.00,0.00
41,NULL,"bangalore","Prioritize for Clearing",11.65,379,65,17.15,34,8,23.53,93.99
42,NULL,"bhiwandi, maharashtra, in","Prioritize for Clearing",11.32,595,144,24.20,31,5,16.13,78.59
43,NULL,"coimbatore","Prioritize for Clearing",10.90,636,142,22.33,49,7,14.29,74.41
44,NULL,"jai/lh1, jaipur, rajasthan","Prioritize for Clearing",10.62,2040,150,7.35,117,18,15.38,67.49
45,NULL,"cokh","Prioritize for Clearing",10.51,688,40,5.81,32,9,28.13,253.89
46,NULL,"hyderabad","Prioritize for Clearing",9.83,663,138,20.81,76,8,10.53,210.90
47,NULL,"jaipur","Prioritize for Clearing",9.69,265,70,26.42,47,5,10.64,68.50
48,NULL,"pnq/lh1, pune, maharashtra","Prioritize for Clearing",9.39,2531,538,21.26,45,0,0.00,43.84
49,NULL,"hmng","Prioritize for Clearing",8.93,111,11,9.91,27,6,22.22,347.54
50,NULL,"dedh","Prioritize for Clearing",8.63,45,19,42.22,0,0,0.00,0.00
51,NULL,"saharanpur, saharanpur, uttar pradesh","Prioritize for Clearing",8.57,26,11,42.31,7,0,0.00,33.43
52,NULL,"parrys","Prioritize for Clearing",8.53,209,81,38.76,1,0,0.00,15.22
53,NULL,"nagpur, maharashtra, in","Prioritize for Clearing",8.21,91,33,36.26,12,3,25.00,53.12
53,NULL,"knde","Prioritize for Clearing",8.21,549,61,11.11,22,4,18.18,81.59
55,NULL,"surat ground hub","Prioritize for Clearing",8.06,605,96,15.87,89,8,8.99,71.97
56,NULL,"snpd","Prioritize for Clearing",7.91,23,9,39.13,10,0,0.00,40.12
57,NULL,"hinjewadi warehouse","Prioritize for Clearing",7.87,5952,478,8.03,203,5,2.46,68.78
58,NULL,"jodhpur","Prioritize for Clearing",7.86,31,12,38.71,8,0,0.00,36.72
59,NULL,"pck/wdl, delhi ncr, delhi","Prioritize for Clearing",6.95,581,158,27.19,0,0,0.00,0.00
60,NULL,"bangalore, karnataka, in","Prioritize for Clearing",6.82,786,79,10.05,22,3,13.64,322.74
61,NULL,"chembur","Prioritize for Clearing",6.81,9741,586,6.02,0,0,0.00,0.00
62,NULL,"majra, dehradun, uttarakhand","Prioritize for Clearing",6.67,46,15,32.61,0,0,0.00,0.00
63,NULL,"bengaluru etail hub","Prioritize for Clearing",6.60,6351,390,6.14,428,6,1.40,62.83
64,NULL,"cbvs","Prioritize for Clearing",6.53,260,73,28.08,6,1,16.67,56.76
65,NULL,"hyderabad hub","Prioritize for Clearing",6.12,1924,94,4.89,180,12,6.67,466.18
66,NULL,"chennai","Prioritize for Clearing",6.11,139,30,21.58,15,7,46.67,60.46
67,NULL,"vijayawada","Prioritize for Clearing",6.10,239,44,18.41,32,2,6.25,64.76
68,NULL,"bangalore hub","Prioritize for Clearing",6.04,79,23,29.11,2,0,0.00,45.02
69,NULL,"vasm","Prioritize for Clearing",5.67,2885,265,9.19,23,1,4.35,54.43
69,NULL,"rktm","Prioritize for Clearing",5.67,5020,387,7.71,6,2,33.33,79.98
71,NULL,"borv","Prioritize for Clearing",5.48,83,21,25.30,11,1,9.09,79.82
72,NULL,"bicholim","Prioritize for Clearing",5.41,30,8,26.67,0,0,0.00,0.00
73,NULL,"kushkhera","Prioritize for Clearing",5.15,27,6,22.22,7,3,42.86,178.90
74,NULL,"yakubpur","Prioritize for Clearing",5.05,57,14,24.56,1,0,0.00,24.79
75,NULL,"ctmk","Prioritize for Clearing",4.90,211,47,22.27,7,0,0.00,31.25
75,NULL,"hirankudna","Prioritize for Clearing",4.90,4122,325,7.88,1,1,100.00,59.63
77,NULL,"secb","Prioritize for Clearing",4.88,245,42,17.14,30,1,3.33,52.10
78,NULL,"dehradun","Prioritize for Clearing",4.83,1048,161,15.36,4,1,25.00,83.35
79,NULL,"lprl","Prioritize for Clearing",4.72,79,6,7.59,30,3,10.00,81.67
80,NULL,"bopl","Prioritize for Clearing",4.66,32,7,21.88,5,1,20.00,56.10
81,NULL,"dwrk","Prioritize for Clearing",4.64,104,23,22.12,12,0,0.00,37.41
82,NULL,"changodar gidc, gujarat, in","Prioritize for Clearing",4.58,83,14,16.87,11,5,45.45,62.47
83,NULL,"path","Prioritize for Clearing",4.56,53,4,7.55,16,14,87.50,174.71
84,NULL,"slg/hub, siliguri, west bengal","Prioritize for Clearing",4.49,136,9,6.62,45,4,8.89,298.32
85,NULL,"shimla","Prioritize for Clearing",4.44,32,7,21.88,2,0,0.00,34.60
86,NULL,"belapur","Prioritize for Clearing",4.43,1177,167,14.19,1,0,0.00,15.23
87,NULL,"delhi hub (delw)","Prioritize for Clearing",4.30,108,21,19.44,3,1,33.33,62.25
88,NULL,"guwahati hub","Prioritize for Clearing",4.19,622,88,14.15,83,1,1.20,86.00
89,NULL,"cjbs","Prioritize for Clearing",3.94,33,5,15.15,15,4,26.67,77.70
89,NULL,"rjcx","Prioritize for Clearing",3.94,3074,192,6.25,15,4,26.67,85.05
91,NULL,"chsk","Prioritize for Clearing",3.78,568,70,12.32,3,3,100.00,62.70
92,NULL,"guwahati, assam, in","Prioritize for Clearing",3.73,23,4,17.39,1,1,100.00,92.56
93,NULL,"nida","Prioritize for Clearing",3.69,83,13,15.66,18,2,11.11,175.82
94,NULL,"cahm","Prioritize for Clearing",3.63,2542,171,6.73,3,3,100.00,445.77
95,NULL,"belgium square office.","Prioritize for Clearing",3.58,1645,165,10.03,0,0,0.00,0.00
96,NULL,"jaih","Prioritize for Clearing",3.45,72,12,16.67,27,0,0.00,38.26
97,NULL,"national highway hub","Prioritize for Clearing",3.39,65,10,15.38,6,1,16.67,53.82
98,NULL,"hyderabad, telangana, in","Prioritize for Clearing",3.34,69,9,13.04,12,3,25.00,188.09
99,NULL,"bilaspur mini hub (a","Prioritize for Clearing",3.31,138,13,9.42,23,1,4.35,64.78
100,NULL,"pune, maharashtra, in","Prioritize for Clearing",3.30,72,7,9.72,18,6,33.33,243.64
101,NULL,"rto/amd, ahmedabad, gujarat","Prioritize for Clearing",3.15,52,8,15.38,0,0,0.00,0.00
102,NULL,"hsrl","Prioritize for Clearing",3.14,978,76,7.77,14,4,28.57,64.24
103,NULL,"pck/agra, agra, uttar pradesh","Prioritize for Clearing",3.13,1490,136,9.13,0,0,0.00,0.00
104,NULL,"jalandhar","Prioritize for Clearing",3.12,26,4,15.38,1,0,0.00,19.35
104,NULL,"okhl","Prioritize for Clearing",3.12,317,34,10.73,17,3,17.65,54.47
106,NULL,"ixrh","Prioritize for Clearing",3.09,60,9,15.00,4,0,0.00,33.61
107,NULL,"komp","Prioritize for Clearing",3.08,33,5,15.15,2,0,0.00,27.65
108,NULL,"bengaluru - blr","Prioritize for Clearing",2.98,26,3,11.54,7,3,42.86,224.08
109,NULL,"jpng","Prioritize for Clearing",2.93,269,20,7.43,24,1,4.17,57.38
110,NULL,"hdpm","Prioritize for Clearing",2.80,204,26,12.75,2,0,0.00,37.13
111,NULL,"rajkot","Prioritize for Clearing",2.78,1227,99,8.07,4,1,25.00,126.59
112,NULL,"pnq/chn, chakan, maharashtra","Prioritize for Clearing",2.70,1841,132,7.17,1,0,0.00,14.32
112,NULL,"delhi - del","Prioritize for Clearing",2.70,75,9,12.00,19,1,5.26,54.82
114,NULL,"gauh","Prioritize for Clearing",2.58,75,7,9.33,8,3,37.50,51.60
115,NULL,"gandhinagar","Prioritize for Clearing",2.52,135,16,11.85,1,0,0.00,14.85
116,NULL,"bareja service centre","Prioritize for Clearing",2.50,584,57,9.76,0,0,0.00,0.00
117,NULL,"bengaluru transit hu","Prioritize for Clearing",2.48,1290,60,4.65,33,1,3.03,72.15
118,NULL,"ddb branch office","Prioritize for Clearing",2.46,33,4,12.12,0,0,0.00,0.00
119,NULL,"okhla","Prioritize for Clearing",2.45,1457,105,7.21,0,0,0.00,0.00
120,NULL,"air hub in siw","Prioritize for Clearing",2.43,234,12,5.13,13,6,46.15,67.80
121,NULL,"panvel hub","Prioritize for Clearing",2.42,77,9,11.69,5,0,0.00,19.57
122,NULL,"bhowanipur","Prioritize for Clearing",2.35,801,68,8.49,0,0,0.00,0.00
123,NULL,"pnq/hdp, pune, maharashtra","Prioritize for Clearing",2.34,26,3,11.54,1,0,0.00,15.02
124,NULL,"rhni","Prioritize for Clearing",2.33,231,13,5.63,16,5,31.25,119.48
125,NULL,"pck/bje, delhi ncr, delhi","Prioritize for Clearing",2.32,2268,126,5.56,0,0,0.00,0.00
126,NULL,"kom service centre","Prioritize for Clearing",2.27,45,5,11.11,4,0,0.00,27.98
127,NULL,"moradabad","Prioritize for Clearing",2.25,282,28,9.93,1,0,0.00,20.11
128,NULL,"pnpn","Prioritize for Clearing",2.24,61,6,9.84,5,1,20.00,58.15
129,NULL,"rto/mld, mumbai, maharashtra","Prioritize for Clearing",2.23,1116,81,7.26,0,0,0.00,0.00
130,NULL,"kovaipudur","Prioritize for Clearing",2.20,597,51,8.54,0,0,0.00,0.00
131,NULL,"patna air hub","Prioritize for Clearing",2.15,537,46,8.57,61,0,0.00,29.12
132,NULL,"silchar hub","Prioritize for Clearing",1.94,120,11,9.17,12,0,0.00,33.48
132,NULL,"rto/vasai, mumbai, maharashtra","Prioritize for Clearing",1.94,1178,73,6.20,0,0,0.00,0.00
134,NULL,"dharwad","Prioritize for Clearing",1.89,210,18,8.57,30,0,0.00,48.31
135,NULL,"varanasi","Prioritize for Clearing",1.84,164,14,8.54,47,0,0.00,35.43
136,NULL,"bhiwandi - brt","Prioritize for Clearing",1.82,61,3,4.92,134,2,1.49,211.25
137,NULL,"gwl/hub, gwalior, madhya pradesh","Prioritize for Clearing",1.79,125,8,6.40,6,2,33.33,190.87
138,NULL,"hoogly, west bengal, in","Prioritize for Clearing",1.72,72,6,8.33,1,0,0.00,28.40
139,NULL,"rudrapur hub","Prioritize for Clearing",1.70,125,10,8.00,11,0,0.00,38.18
140,NULL,"pck/spt, hyderabad, telangana","Prioritize for Clearing",1.62,25,2,8.00,0,0,0.00,0.00
141,NULL,"rto/maz, mumbai, maharashtra","Prioritize for Clearing",1.60,105,8,7.62,0,0,0.00,0.00
142,NULL,"mann","Prioritize for Clearing",1.56,143,9,6.29,10,1,10.00,57.30
143,NULL,"bom/chb, mumbai, maharashtra","Prioritize for Clearing",1.53,40,3,7.50,3,0,0.00,32.45
144,NULL,"makroniya mp, makroniya, madhya pradesh","Prioritize for Clearing",1.52,63,4,6.35,9,1,11.11,61.77
144,NULL,"ngp/ghr, nagpur, maharashtra","Prioritize for Clearing",1.52,727,41,5.64,2,0,0.00,16.40
144,NULL,"nbm/ghn, navi mumbai, maharashtra","Prioritize for Clearing",1.52,1371,63,4.60,0,0,0.00,0.00
147,NULL,"spet","Prioritize for Clearing",1.50,27,2,7.41,11,0,0.00,16.21
148,NULL,"fatehabad hr, fatehabad hr, haryana","Prioritize for Clearing",1.48,114,8,7.02,1,0,0.00,39.93
149,NULL,"del/apt, delhi ncr, delhi","Prioritize for Clearing",1.42,73,5,6.85,2,0,0.00,18.80
150,NULL,"htcy","Prioritize for Clearing",1.40,29,2,6.90,29,0,0.00,33.31
151,NULL,"amritsar","Prioritize for Clearing",1.38,43,2,4.65,14,2,14.29,76.09
152,NULL,"baner service centre","Prioritize for Clearing",1.35,30,2,6.67,0,0,0.00,0.00
153,NULL,"bom/bdp, mumbai, maharashtra","Prioritize for Clearing",1.31,31,2,6.45,3,0,0.00,15.70
154,NULL,"hadapsar service centre","Prioritize for Clearing",1.30,516,27,5.23,0,0,0.00,0.00
154,NULL,"nelamangala","Prioritize for Clearing",1.30,57,3,5.26,5,1,20.00,52.92
156,NULL,"rto/mat, bangalore, karnataka","Prioritize for Clearing",1.29,150,9,6.00,0,0,0.00,0.00
156,NULL,"ixs/hub, silchar, assam","Prioritize for Clearing",1.29,38,2,5.26,3,1,33.33,58.44
158,NULL,"edlc","Prioritize for Clearing",1.22,20,1,5.00,11,1,9.09,61.32
159,NULL,"bareily choki choraha","Prioritize for Clearing",1.13,36,2,5.56,14,0,0.00,37.37
160,NULL,"cjbh","Prioritize for Clearing",1.11,265,13,4.91,2,0,0.00,25.79
160,NULL,"pck/fbd, delhi ncr, delhi","Prioritize for Clearing",1.11,218,11,5.05,0,0,0.00,0.00
162,NULL,"sxr/hum, srinagar, jammu and kashmir","Prioritize for Clearing",1.10,75,4,5.33,0,0,0.00,0.00
163,NULL,"unnao, uttar pradesh, in","Prioritize for Clearing",1.09,76,4,5.26,3,0,0.00,49.33
164,NULL,"bsgd","Prioritize for Clearing",1.05,59,3,5.08,6,0,0.00,33.63
165,NULL,"nag","Prioritize for Clearing",1.04,39,2,5.13,0,0,0.00,0.00
166,NULL,"dhankawadi hub pune","Prioritize for Clearing",1.01,20,1,5.00,0,0,0.00,0.00
167,NULL,"kota, kota, rajasthan","Prioritize for Clearing",0.96,21,1,4.76,7,0,0.00,19.12
NULL,1,"siticsaraniodh_arn sevoor","Ignore",0.00,2,0,0.00,0,0,0.00,0.00
NULL,1,"siticsbangarpetodh_bng bangarpet","Ignore",0.00,2,0,0.00,0,0,0.00,0.00
NULL,1,"siticschitturodh_cht chittur","Ignore",0.00,1,0,0.00,0,0,0.00,0.00
NULL,1,"siticsgokakodh_gkk","Ignore",0.00,2,0,0.00,0,0,0.00,0.00
NULL,1,"siticsgokakodh_gkk gokak","Ignore",0.00,1,0,0.00,0,0,0.00,0.00
NULL,1,"siticskairoliodh_kar agra","Ignore",0.00,1,0,0.00,0,0,0.00,0.00
NULL,1,"siticskaranjiaodh_krn karanjia","Ignore",0.00,1,0,0.00,0,0,0.00,0.00
NULL,1,"siticskhadoorsahibmdh_kds gurdaspur","Ignore",0.00,1,0,0.00,0,0,0.00,0.00
NULL,1,"siticskhandagirispiltodh_bbi","Ignore",0.00,1,0,0.00,0,0,0.00,0.00
NULL,1,"siticskhandagirispiltodh_bbi bhubaneswar","Ignore",0.00,3,0,0.00,0,0,0.00,0.00
NULL,1,"siticskundaraodh_kdr","Ignore",0.00,1,0,0.00,0,0,0.00,0.00
NULL,1,"siticskundaraodh_kdr kundara","Ignore",0.00,3,0,0.00,0,0,0.00,0.00
NULL,1,"siticsmarthandamodh_mtm marthandam","Ignore",0.00,2,0,0.00,0,0,0.00,0.00
NULL,1,"siticsmejakhasodh_mjk allahabad","Ignore",0.00,1,0,0.00,0,0,0.00,0.00
NULL,1,"siticsmotihaodh_mti allahabad","Ignore",0.00,1,0,0.00,0,0,0.00,0.00
NULL,1,"siticsmukkamodh_mkm mukkam","Ignore",0.00,1,0,0.00,0,0,0.00,0.00
NULL,1,"siticsnagapattinamodh_ngp nagapattinam","Ignore",0.00,2,0,0.00,0,0,0.00,0.00
NULL,1,"siticsnawabganjodh_nwb allahabad","Ignore",0.00,1,0,0.00,0,0,0.00,0.00
NULL,1,"siticsportblairodh_pbr haddo","Ignore",0.00,1,0,0.00,0,0,0.00,0.00
NULL,1,"siticstarntaranodh_trn amritsar","Ignore",0.00,1,0,0.00,0,0,0.00,0.00
NULL,1,"siticsthazhechovvaodh_tcv","Ignore",0.00,2,0,0.00,0,0,0.00,0.00
NULL,1,"siticsthazhechovvaodh_tcv kannur","Ignore",0.00,4,0,0.00,1,0,0.00,15.44
NULL,1,"siuri","Ignore",0.00,1,0,0.00,2,0,0.00,14.80
NULL,1,"siurihub_sur","Ignore",0.00,1,0,0.00,0,0,0.00,0.00
NULL,1,"siurihub_sur siuri","Ignore",0.00,1,0,0.00,0,0,0.00,0.00
NULL,1,"sivaganga","Ignore",0.00,1,0,0.00,0,0,0.00,0.00
NULL,1,"sivagangai","Ignore",0.00,2,0,0.00,0,0,0.00,0.00
NULL,1,"sivagangaihub_sai","Ignore",0.00,1,0,0.00,0,0,0.00,0.00
NULL,1,"sivagangaihub_sai sivagangai","Ignore",0.00,1,0,0.00,0,0,0.00,0.00
NULL,1,"sivakasi","Ignore",0.00,2,0,0.00,0,0,0.00,0.00
NULL,1,"sivakasi hub sivakasi","Ignore",0.00,1,0,0.00,0,0,0.00,0.00
NULL,1,"sivsagar, sivsagar, assam","Ignore",0.00,1,0,0.00,0,0,0.00,0.00
NULL,1,"siwan","Ignore",0.00,4,0,0.00,0,0,0.00,0.00
NULL,1,"siwanhub_swn siwan","Ignore",0.00,2,0,0.00,0,0,0.00,0.00
NULL,1,"sixmile hub guwahati","Ignore",0.00,1,0,0.00,0,0,0.00,0.00
NULL,1,"smgd","Ignore",0.00,11,0,0.00,22,0,0.00,33.26
NULL,1,"snahasis samal paradip","Ignore",0.00,1,0,0.00,0,0,0.00,0.00
NULL,1,"sodepur hub kolkata","Ignore",0.00,2,0,0.00,0,0,0.00,0.00
NULL,1,"sohail khan khandwa","Ignore",0.00,4,0,0.00,0,0,0.00,0.00
NULL,1,"sohal traders amritsar","Ignore",0.00,2,0,0.00,0,0,0.00,0.00
NULL,1,"soham patel kirana surat","Ignore",0.00,1,0,0.00,0,0,0.00,0.00
NULL,1,"sohan singh general kirana new delhi","Ignore",0.00,2,0,0.00,0,0,0.00,0.00
NULL,1,"sohna","Ignore",0.00,41,0,0.00,0,0,0.00,0.00
NULL,1,"solan","Ignore",0.00,10,0,0.00,1,0,0.00,17.80
NULL,1,"solanhub_sln solan","Ignore",0.00,5,0,0.00,0,0,0.00,0.00
NULL,1,"solapur","Ignore",0.00,11,0,0.00,6,0,0.00,14.62
NULL,1,"solapur air hub","Ignore",0.00,76,0,0.00,3,0,0.00,23.37
NULL,1,"solapur hub","Ignore",0.00,2,0,0.00,0,0,0.00,0.00
NULL,1,"solapur hub solapur","Ignore",0.00,10,0,0.00,0,0,0.00,0.00
NULL,1,"solutions point new delhi","Ignore",0.00,1,0,0.00,0,0,0.00,0.00
NULL,1,"somajiguda","Ignore",0.00,3,0,0.00,1,0,0.00,15.27
NULL,1,"somatane phata hub","Ignore",0.00,2,0,0.00,0,0,0.00,0.00
NULL,1,"somatane phata hub pune","Ignore",0.00,7,0,0.00,0,0,0.00,0.00
NULL,1,"somavaram village","Ignore",0.00,1,0,0.00,0,0,0.00,0.00
NULL,1,"somesarmdh_jdh jodhpur","Ignore",0.00,2,0,0.00,1,0,0.00,14.05
NULL,1,"sompetahub_smt srikakulam","Ignore",0.00,1,0,0.00,0,0,0.00,0.00
NULL,1,"son and w nashik","Ignore",0.00,1,0,0.00,0,0,0.00,0.00
NULL,1,"sonada","Ignore",0.00,2,0,0.00,0,0,0.00,0.00
NULL,1,"sonadamdh_son sonada","Ignore",0.00,3,0,0.00,0,0,0.00,0.00
NULL,1,"sonai","Ignore",0.00,4,0,0.00,0,0,0.00,0.00
NULL,1,"sonaimukh, sonaimukh, assam","Ignore",0.00,0,0,0.00,2,0,0.00,35.33
NULL,1,"sonali sonu malgunkar mumbai","Ignore",0.00,1,0,0.00,0,0,0.00,0.00
NULL,1,"sonam sharma gautam buddha nagar","Ignore",0.00,1,0,0.00,0,0,0.00,0.00
NULL,1,"sonari","Ignore",0.00,1,0,0.00,0,0,0.00,0.00
NULL,1,"sonbhadrahub_son sonbhadra","Ignore",0.00,1,0,0.00,0,0,0.00,0.00
NULL,1,"sonepat hub sonipat","Ignore",0.00,8,0,0.00,0,0,0.00,0.00
NULL,1,"songadh","Ignore",0.00,1,0,0.00,0,0,0.00,0.00
NULL,1,"sonipat","Ignore",0.00,8,0,0.00,1,0,0.00,19.17
NULL,1,"sonipat /murthal","Ignore",0.00,2,0,0.00,1,0,0.00,22.23
NULL,1,"sonu accupressure physiotherapy bathinda","Ignore",0.00,1,0,0.00,0,0,0.00,0.00
NULL,1,"sonu kirana store new delhi","Ignore",0.00,1,0,0.00,0,0,0.00,0.00
NULL,1,"sonu kumar gurgaon","Ignore",0.00,1,0,0.00,0,0,0.00,0.00
NULL,1,"soro","Ignore",0.00,1,0,0.00,1,0,0.00,15.60
NULL,1,"soukya etail cpu","Ignore",0.00,12,0,0.00,0,0,0.00,0.00
NULL,1,"soukya road","Ignore",0.00,3,0,0.00,1,0,0.00,38.65
NULL,1,"southtukoganjhub_idr","Ignore",0.00,1,0,0.00,0,0,0.00,0.00
NULL,1,"southtukoganjhub_idr indore","Ignore",0.00,6,0,0.00,0,0,0.00,0.00
NULL,1,"speeder couriers powerflex alappuzha","Ignore",0.00,1,0,0.00,0,0,0.00,0.00
NULL,1,"sreerag home alappuzha","Ignore",0.00,1,0,0.00,0,0,0.00,0.00
NULL,1,"sri devi auto consultant & travels krishnagiri","Ignore",0.00,1,0,0.00,0,0,0.00,0.00
NULL,1,"sri ganganagar","Ignore",0.00,3,0,0.00,1,0,0.00,27.41
NULL,1,"sri muthalamman leath works dindigul","Ignore",0.00,1,0,0.00,0,0,0.00,0.00
NULL,1,"sriganganagar","Ignore",0.00,28,0,0.00,20,0,0.00,27.63
NULL,1,"sriganganagar hub","Ignore",0.00,2,0,0.00,0,0,0.00,0.00
NULL,1,"sriganganagar hub sri ganganagar","Ignore",0.00,2,0,0.00,0,0,0.00,0.00
NULL,1,"sriganganagar, sriganganagar, rajasthan","Ignore",0.00,0,0,0.00,3,0,0.00,38.88
NULL,1,"srikakulam","Ignore",0.00,7,0,0.00,0,0,0.00,0.00
NULL,1,"srikakulam - che","Ignore",0.00,2,0,0.00,0,0,0.00,0.00
NULL,1,"srikakulam, srikakulam, andhra pradesh","Ignore",0.00,2,0,0.00,1,0,0.00,18.69
NULL,1,"srikakulamhub_skm srikakulam","Ignore",0.00,3,0,0.00,0,0,0.00,0.00
NULL,1,"srikalahastihub_skh tirupati","Ignore",0.00,4,0,0.00,0,0,0.00,0.00
NULL,1,"srikanth water supply bangalore","Ignore",0.00,1,0,0.00,0,0,0.00,0.00
NULL,1,"srikrishna basak home raiganj","Ignore",0.00,1,0,0.00,0,0,0.00,0.00
NULL,1,"srikshetraodh_pur puri","Ignore",0.00,1,0,0.00,0,0,0.00,0.00
NULL,1,"srinagar, jammu and kashmir, in","Ignore",0.00,1,0,0.00,1,0,0.00,14.74
NULL,1,"srinagargarhwal, srinagar garhwal, uttarakhand","Ignore",0.00,0,0,0.00,1,0,0.00,28.77
NULL,1,"srinagarhub_srg","Ignore",0.00,1,0,0.00,0,0,0.00,0.00
NULL,1,"srinagarhub_srg srinagar","Ignore",0.00,2,0,0.00,0,0,0.00,0.00
NULL,1,"srinagarhubtemp_srg","Ignore",0.00,1,0,0.00,0,0,0.00,0.00
NULL,1,"srinagarhubtemp_srg srinagar","Ignore",0.00,1,0,0.00,0,0,0.00,0.00
NULL,1,"srinagarkahub_blr bengaluru","Ignore",0.00,4,0,0.00,1,0,0.00,14.84
NULL,1,"srinagarukhub_sri srinagar","Ignore",0.00,1,0,0.00,0,0,0.00,0.00
NULL,1,"sripur bazar, asansol, west bengal","Ignore",0.00,0,0,0.00,1,0,0.00,14.42
NULL,1,"srirangapatna","Ignore",0.00,2,0,0.00,1,0,0.00,25.20
NULL,1,"srirangapatnahub_srp srirangapatna","Ignore",0.00,2,0,0.00,0,0,0.00,0.00
NULL,1,"srivilliputhurhub_svpr virudhunagar","Ignore",0.00,2,0,0.00,0,0,0.00,0.00
NULL,1,"srt/adj, surat, gujarat","Ignore",0.00,2,0,0.00,0,0,0.00,0.00
NULL,1,"srt/ktg, surat, gujarat","Ignore",0.00,1,0,0.00,0,0,0.00,0.00
NULL,1,"ss kirana store patiala","Ignore",0.00,1,0,0.00,0,0,0.00,0.00
NULL,1,"star stationary mumbai","Ignore",0.00,1,0,0.00,0,0,0.00,0.00
NULL,1,"stcnuranimdh_nur palakkad","Ignore",0.00,4,0,0.00,0,0,0.00,0.00
NULL,1,"subaida home kalpetta","Ignore",0.00,1,0,0.00,0,0,0.00,0.00
NULL,1,"sudam mallick berhampur","Ignore",0.00,1,0,0.00,0,0,0.00,0.00
NULL,1,"sudhar, sudhar, punjab","Ignore",0.00,0,0,0.00,1,0,0.00,18.57
NULL,1,"sudhir majanu store new delhi","Ignore",0.00,1,0,0.00,0,0,0.00,0.00
NULL,1,"sudhirkumar rami himatnagar","Ignore",0.00,1,0,0.00,0,0,0.00,0.00
NULL,1,"sufdar jung (sjex)","Ignore",0.00,4,0,0.00,0,0,0.00,0.00
NULL,1,"sugunan home thrissur","Ignore",0.00,1,0,0.00,0,0,0.00,0.00
NULL,1,"suhnathub_baw","Ignore",0.00,1,0,0.00,0,0,0.00,0.00
NULL,1,"sujanpuramdh_sjn khargapur","Ignore",0.00,0,0,0.00,1,0,0.00,14.27
NULL,1,"sukamdh_hwi nainital","Ignore",0.00,1,0,0.00,0,0,0.00,0.00
NULL,1,"sukmahub_suk jashpur","Ignore",0.00,1,0,0.00,0,0,0.00,0.00
NULL,1,"sukuliaparamdh_tng udalguri","Ignore",0.00,1,0,0.00,0,0,0.00,0.00
NULL,1,"sulliahub_sul sullia","Ignore",0.00,1,0,0.00,0,0,0.00,0.00
NULL,1,"sullurpeta","Ignore",0.00,1,0,0.00,0,0,0.00,0.00
NULL,1,"sullurpetahub_slp naidupeta","Ignore",0.00,3,0,0.00,0,0,0.00,0.00
NULL,1,"sulluru, andhra pradesh, in","Ignore",0.00,1,0,0.00,0,0,0.00,0.00
NULL,1,"sultan chhindwara","Ignore",0.00,1,0,0.00,0,0,0.00,0.00
NULL,1,"sultanbatheryhub_sbe mutil","Ignore",0.00,3,0,0.00,1,0,0.00,14.24
NULL,1,"sultanpur","Ignore",0.00,4,0,0.00,0,0,0.00,0.00
NULL,1,"sultanpur lodhi, sultanpur lodhi, punjab","Ignore",0.00,0,0,0.00,2,0,0.00,16.04
NULL,1,"sultanpur, sultanpur, uttar pradesh","Ignore",0.00,0,0,0.00,1,0,0.00,15.26
NULL,1,"sultanpurhub_stp sultanpur","Ignore",0.00,3,0,0.00,0,0,0.00,0.00
NULL,1,"sulurhub_cjb coimbatore","Ignore",0.00,2,0,0.00,0,0,0.00,0.00
NULL,1,"suman home pathankot","Ignore",0.00,1,0,0.00,0,0,0.00,0.00
NULL,1,"suman store new delhi","Ignore",0.00,3,0,0.00,0,0,0.00,0.00
NULL,1,"sumit das alipurduar","Ignore",0.00,1,0,0.00,0,0,0.00,0.00
NULL,1,"sumit laundry aurangabad","Ignore",0.00,2,0,0.00,0,0,0.00,0.00
NULL,1,"sunam","Ignore",0.00,2,0,0.00,0,0,0.00,0.00
NULL,1,"sundargarh","Ignore",0.00,2,0,0.00,0,0,0.00,0.00
NULL,1,"sundargarhhub_sdg sundargarh","Ignore",0.00,1,0,0.00,0,0,0.00,0.00
NULL,1,"sunder nagar","Ignore",0.00,1,0,0.00,1,0,0.00,31.81
NULL,1,"sunder nagar hp, sunder nagar, himachal pradesh","Ignore",0.00,0,0,0.00,1,0,0.00,14.50
NULL,1,"sunil kumar karnal","Ignore",0.00,1,0,0.00,0,0,0.00,0.00
NULL,1,"sunimdh_shm sunni","Ignore",0.00,2,0,0.00,0,0,0.00,0.00
NULL,1,"sunita fernandes sanguem","Ignore",0.00,1,0,0.00,0,0,0.00,0.00
NULL,1,"sunkadakattehub_blr bengaluru","Ignore",0.00,2,0,0.00,0,0,0.00,0.00
NULL,1,"sunni","Ignore",0.00,2,0,0.00,0,0,0.00,0.00
NULL,1,"sunny store new delhi","Ignore",0.00,2,0,0.00,0,0,0.00,0.00
NULL,1,"sunny telcom hassmat ghaziabad","Ignore",0.00,1,0,0.00,0,0,0.00,0.00
NULL,1,"supa","Ignore",0.00,0,0,0.00,1,0,0.00,16.13
NULL,1,"supaul","Ignore",0.00,1,0,0.00,0,0,0.00,0.00
NULL,1,"supaul, supaul, bihar","Ignore",0.00,0,0,0.00,2,0,0.00,20.26
NULL,1,"supaulhub_sou supaul","Ignore",0.00,1,0,0.00,0,0,0.00,0.00
NULL,1,"super auto  garage and washing center kalamb","Ignore",0.00,1,0,0.00,0,0,0.00,0.00
NULL,1,"suradahub_srd chatrapur","Ignore",0.00,1,0,0.00,0,0,0.00,0.00
NULL,1,"suraj delivery  work faridabad","Ignore",0.00,1,0,0.00,0,0,0.00,0.00
NULL,1,"suraj general store belgaum","Ignore",0.00,1,0,0.00,0,0,0.00,0.00
NULL,1,"surajpurnoidahub_del","Ignore",0.00,1,0,0.00,0,0,0.00,0.00
NULL,1,"surajpurnoidahub_del noida","Ignore",0.00,6,0,0.00,0,0,0.00,0.00
NULL,1,"surat - sur","Ignore",0.00,3,0,0.00,5,0,0.00,19.97
NULL,1,"surat air hub","Ignore",0.00,1344,0,0.00,96,0,0.00,32.95
NULL,1,"surat hub","Ignore",0.00,1,0,0.00,0,0,0.00,0.00
NULL,1,"surat hub surat","Ignore",0.00,1,0,0.00,0,0,0.00,0.00
NULL,1,"surat sort facility surat","Ignore",0.00,196,0,0.00,0,0,0.00,0.00
NULL,1,"surat, gujarat, in","Ignore",0.00,7,0,0.00,1,0,0.00,20.16
NULL,1,"surat/srt, surat, gujarat","Ignore",0.00,0,0,0.00,1,0,0.00,16.04
NULL,1,"suratgarh","Ignore",0.00,2,0,0.00,2,0,0.00,25.68
NULL,1,"surender kumar raisinghnagar","Ignore",0.00,2,0,0.00,1,0,0.00,14.24
NULL,1,"surendra genral store lucknow","Ignore",0.00,1,0,0.00,0,0,0.00,0.00
NULL,1,"surendranagar","Ignore",0.00,7,0,0.00,1,0,0.00,14.22
NULL,1,"surendranagarhub_sdr","Ignore",0.00,1,0,0.00,0,0,0.00,0.00
NULL,1,"surendranagarhub_sdr surendranagar","Ignore",0.00,4,0,0.00,1,0,0.00,16.99
NULL,1,"suresh kirana gandhinagar","Ignore",0.00,1,0,0.00,0,0,0.00,0.00
NULL,1,"surinder singh karnal","Ignore",0.00,1,0,0.00,0,0,0.00,0.00
NULL,1,"surjeet store new delhi","Ignore",0.00,2,0,0.00,0,0,0.00,0.00
NULL,1,"surojit barman sonari","Ignore",0.00,1,0,0.00,0,0,0.00,0.00
NULL,1,"suruchi store dehradun","Ignore",0.00,1,0,0.00,0,0,0.00,0.00
NULL,1,"suryapethub_spt suryapet","Ignore",0.00,1,0,0.00,0,0,0.00,0.00
NULL,1,"susanta nath cuttack","Ignore",0.00,1,0,0.00,0,0,0.00,0.00
NULL,1,"sushil auto service rohtak","Ignore",0.00,1,0,0.00,0,0,0.00,0.00
NULL,1,"suvankar chowdhury alipore","Ignore",0.00,1,0,0.00,0,0,0.00,0.00
NULL,1,"swamy store rajahmundry","Ignore",0.00,1,0,0.00,0,0,0.00,0.00
NULL,1,"swati kagda nallasopara","Ignore",0.00,1,0,0.00,0,0,0.00,0.00
NULL,1,"swati kirana store fatehpur","Ignore",0.00,1,0,0.00,0,0,0.00,0.00
NULL,1,"sxr/hdp, srinagar, jammu and kashmir","Ignore",0.00,0,0,0.00,1,0,0.00,15.43
NULL,1,"t.sampath kirana warangal","Ignore",0.00,1,0,0.00,0,0,0.00,0.00
NULL,1,"tadahub_tda","Ignore",0.00,1,0,0.00,0,0,0.00,0.00
NULL,1,"tadahub_tda sullurpeta","Ignore",0.00,1,0,0.00,0,0,0.00,0.00
NULL,1,"tadepalligudem","Ignore",0.00,3,0,0.00,0,0,0.00,0.00
NULL,1,"tadepalligudemhub_tpg tadepalligudem","Ignore",0.00,3,0,0.00,0,0,0.00,0.00
NULL,1,"tadipatri","Ignore",0.00,1,0,0.00,0,0,0.00,0.00
NULL,1,"tadonghub_tad gangtok","Ignore",0.00,0,0,0.00,1,0,0.00,16.06
NULL,1,"tahliwalmdh_thl una","Ignore",0.00,1,0,0.00,0,0,0.00,0.00
NULL,1,"tajganjhub_agr","Ignore",0.00,2,0,0.00,0,0,0.00,0.00
NULL,1,"tajganjhub_agr agra","Ignore",0.00,11,0,0.00,2,0,0.00,15.20
NULL,1,"tajmeel home erode","Ignore",0.00,1,0,0.00,0,0,0.00,0.00
NULL,1,"takhatgarh, takhatgarh, rajasthan","Ignore",0.00,0,0,0.00,2,0,0.00,39.39
NULL,1,"talegaon pud centre","Ignore",0.00,22,0,0.00,0,0,0.00,0.00
NULL,1,"talegaonhub_pnq talegaon","Ignore",0.00,2,0,0.00,0,0,0.00,0.00
NULL,1,"talere, talere, maharashtra","Ignore",0.00,11,0,0.00,0,0,0.00,0.00
NULL,1,"talwandi saboo","Ignore",0.00,0,0,0.00,1,0,0.00,15.05
NULL,1,"tambaram","Ignore",0.00,3,0,0.00,2,0,0.00,15.23
NULL,1,"tanakpurodh_tan champawa","Ignore",0.00,2,0,0.00,0,0,0.00,0.00
NULL,1,"tanda","Ignore",0.00,3,0,0.00,0,0,0.00,0.00
NULL,1,"tanda, tanda, uttar pradesh","Ignore",0.00,0,0,0.00,1,0,0.00,15.39
NULL,1,"tanishka store gautam buddha nagar","Ignore",0.00,1,0,0.00,0,0,0.00,0.00
NULL,1,"tanishka store new delhi","Ignore",0.00,1,0,0.00,0,0,0.00,0.00
NULL,1,"tanmaya behera chatrapur","Ignore",0.00,2,0,0.00,0,0,0.00,0.00
NULL,1,"tannu kirana rudrapur","Ignore",0.00,1,0,0.00,0,0,0.00,0.00
NULL,1,"tanuku","Ignore",0.00,2,0,0.00,3,0,0.00,24.55
NULL,1,"tanukuhub_tku","Ignore",0.00,1,0,0.00,0,0,0.00,0.00
NULL,1,"tanukuhub_tku tanuku","Ignore",0.00,2,0,0.00,0,0,0.00,0.00
NULL,1,"tanvi store new delhi","Ignore",0.00,1,0,0.00,0,0,0.00,0.00
NULL,1,"tapan kumar panjim","Ignore",0.00,1,0,0.00,0,0,0.00,0.00
NULL,1,"tapan store new delhi","Ignore",0.00,2,0,0.00,1,0,0.00,15.58
NULL,1,"tapati kunti store howrah","Ignore",0.00,1,0,0.00,0,0,0.00,0.00
NULL,1,"taran mobile store new delhi","Ignore",0.00,4,0,0.00,0,0,0.00,0.00
NULL,1,"tarantaran","Ignore",0.00,2,0,0.00,0,0,0.00,0.00
NULL,1,"tarapur","Ignore",0.00,1,0,0.00,0,0,0.00,0.00
NULL,1,"tarapurmdh_ame pratapgarh","Ignore",0.00,1,0,0.00,0,0,0.00,0.00
NULL,1,"tardeo hub","Ignore",0.00,8,0,0.00,0,0,0.00,0.00
NULL,1,"tardeo hub mumbai","Ignore",0.00,55,0,0.00,0,0,0.00,0.00
NULL,1,"tarikerehub_trk tarikere","Ignore",0.00,1,0,0.00,0,0,0.00,0.00
NULL,1,"tarun kumar dehradun","Ignore",0.00,0,0,0.00,1,0,0.00,14.32
NULL,1,"tarun prakash mda kirana store moradabad","Ignore",0.00,1,0,0.00,0,0,0.00,0.00
NULL,1,"tarun store zirakpur","Ignore",0.00,1,0,0.00,0,0,0.00,0.00
NULL,1,"tatl","Ignore",0.00,2,0,0.00,13,0,0.00,15.74
NULL,1,"tavar store new delhi","Ignore",0.00,1,0,0.00,0,0,0.00,0.00
NULL,1,"tavarekere","Ignore",0.00,57,0,0.00,0,0,0.00,0.00
NULL,1,"taverekerehub_blr","Ignore",0.00,2,0,0.00,0,0,0.00,0.00
NULL,1,"taverekerehub_blr bengaluru","Ignore",0.00,1,0,0.00,0,0,0.00,0.00
NULL,1,"tbdamodh_tbd munirabad","Ignore",0.00,4,0,0.00,0,0,0.00,0.00
NULL,1,"tcr/hub-tsp, trichur, kerala","Ignore",0.00,1,0,0.00,0,0,0.00,0.00
NULL,1,"teachers obroi ernakulam","Ignore",0.00,1,0,0.00,0,0,0.00,0.00
NULL,1,"tehatta","Ignore",0.00,0,0,0.00,4,0,0.00,15.08
NULL,1,"tejas enterprises karjat","Ignore",0.00,1,0,0.00,0,0,0.00,0.00
NULL,1,"temple city","Ignore",0.00,10,0,0.00,0,0,0.00,0.00
NULL,1,"templecityhub_ixm temple city","Ignore",0.00,11,0,0.00,0,0,0.00,0.00
NULL,1,"temptor  mens salon bangalore","Ignore",0.00,1,0,0.00,0,0,0.00,0.00
NULL,1,"tenali","Ignore",0.00,1,0,0.00,2,0,0.00,16.75
NULL,1,"tenali, tenali, andhra pradesh","Ignore",0.00,0,0,0.00,1,0,0.00,14.88
NULL,1,"tenalihub_tnl tenali","Ignore",0.00,1,0,0.00,0,0,0.00,0.00
NULL,1,"tendukheda, tendukheda, madhya pradesh","Ignore",0.00,0,0,0.00,1,0,0.00,32.59
NULL,1,"tenkasihub_tvl","Ignore",0.00,1,0,0.00,0,0,0.00,0.00
NULL,1,"tenkasihub_tvl tenkasi","Ignore",0.00,2,0,0.00,0,0,0.00,0.00
NULL,1,"teok, teok, assam","Ignore",0.00,0,0,0.00,1,0,0.00,15.42
NULL,1,"tezpur","Ignore",0.00,3,0,0.00,0,0,0.00,0.00
NULL,1,"tezpur, tezpur, assam","Ignore",0.00,9,0,0.00,0,0,0.00,0.00
NULL,1,"thakurmunda","Ignore",0.00,1,0,0.00,0,0,0.00,0.00
NULL,1,"thakurmundamdh_tkm thakurmunda","Ignore",0.00,0,0,0.00,1,0,0.00,16.10
NULL,1,"thalassery","Ignore",0.00,5,0,0.00,1,0,0.00,23.11
NULL,1,"thalasseryhub_thl","Ignore",0.00,1,0,0.00,0,0,0.00,0.00
NULL,1,"thalasseryhub_thl thalassery","Ignore",0.00,2,0,0.00,1,0,0.00,15.29
NULL,1,"thalayolaparambu","Ignore",0.00,6,0,0.00,0,0,0.00,0.00
NULL,1,"thalayolaparambu, kottayam, kerala","Ignore",0.00,0,0,0.00,1,0,0.00,14.96
NULL,1,"thalayolaparambuhub_tha thalayolaparambu","Ignore",0.00,3,0,0.00,0,0,0.00,0.00
NULL,1,"thaliparambahub_kan kannur","Ignore",0.00,3,0,0.00,0,0,0.00,0.00
NULL,1,"thaltej etail office","Ignore",0.00,8,0,0.00,8,0,0.00,31.57
NULL,1,"thamarasseryhub_tey","Ignore",0.00,1,0,0.00,0,0,0.00,0.00
NULL,1,"thane hub thane","Ignore",0.00,7,0,0.00,0,0,0.00,0.00
NULL,1,"thane, maharashtra, in","Ignore",0.00,1,0,0.00,1,0,0.00,14.76
NULL,1,"thanisandrahub_blr bengaluru","Ignore",0.00,2,0,0.00,0,0,0.00,0.00
NULL,1,"thanjavur","Ignore",0.00,30,0,0.00,9,0,0.00,30.14
NULL,1,"thanjavur hub","Ignore",0.00,2,0,0.00,0,0,0.00,0.00
NULL,1,"thanjavur hub thanjavur","Ignore",0.00,6,0,0.00,0,0,0.00,0.00
NULL,1,"thanjavur, tamil nadu, in","Ignore",0.00,0,0,0.00,2,0,0.00,19.45
NULL,1,"the maggie point new delhi","Ignore",0.00,2,0,0.00,0,0,0.00,0.00
NULL,1,"theni","Ignore",0.00,6,0,0.00,2,0,0.00,19.72
NULL,1,"theni, tamil nadu, in","Ignore",0.00,0,0,0.00,1,0,0.00,38.19
NULL,1,"thenjipalam","Ignore",0.00,4,0,0.00,0,0,0.00,0.00
NULL,1,"thenjipalamhub_tji","Ignore",0.00,2,0,0.00,0,0,0.00,0.00
NULL,1,"thenjipalamhub_tji thenjipalam","Ignore",0.00,3,0,0.00,0,0,0.00,0.00
NULL,1,"theogodh_teo","Ignore",0.00,0,0,0.00,1,0,0.00,46.66
NULL,1,"thimmapuramhub_vtz","Ignore",0.00,1,0,0.00,0,0,0.00,0.00
NULL,1,"thimmapuramhub_vtz vishakhapatnam","Ignore",0.00,1,0,0.00,0,0,0.00,0.00
NULL,1,"thiroor","Ignore",0.00,1,0,0.00,1,0,0.00,21.00
NULL,1,"thiroorhub_trr","Ignore",0.00,1,0,0.00,0,0,0.00,0.00
NULL,1,"thiruchengode","Ignore",0.00,2,0,0.00,0,0,0.00,0.00
NULL,1,"thiruchengodeodh_tcg","Ignore",0.00,1,0,0.00,0,0,0.00,0.00
NULL,1,"thiruchengodeodh_tcg thiruchengode","Ignore",0.00,1,0,0.00,0,0,0.00,0.00
NULL,1,"thirukkovilur, thirukovilur, tamil nadu","Ignore",0.00,0,0,0.00,2,0,0.00,15.16
NULL,1,"thirumangalam, thiruparankundram, tamil nadu","Ignore",0.00,0,0,0.00,1,0,0.00,14.99
NULL,1,"thirunelveli hub tirunelveli","Ignore",0.00,4,0,0.00,0,0,0.00,0.00
NULL,1,"thiruninravur","Ignore",0.00,2,0,0.00,2,0,0.00,14.98
NULL,1,"thiruthuraipoondi","Ignore",0.00,4,0,0.00,0,0,0.00,0.00
NULL,1,"thiruthuraipoondiodh_tpd thiruthuraipoondi","Ignore",0.00,2,0,0.00,0,0,0.00,0.00
NULL,1,"thiruvaiyaruhub_tvu thanjavur","Ignore",0.00,2,0,0.00,0,0,0.00,0.00
NULL,1,"thiruvalla","Ignore",0.00,5,0,0.00,0,0,0.00,0.00
NULL,1,"thiruvallur","Ignore",0.00,2,0,0.00,0,0,0.00,0.00
NULL,1,"thiruvallur hub thiruvallur","Ignore",0.00,2,0,0.00,0,0,0.00,0.00
NULL,1,"thiruvananthapuram","Ignore",0.00,0,0,0.00,2,0,0.00,40.07
NULL,1,"thiruvananthapuram, kerala, in","Ignore",0.00,1,0,0.00,0,0,0.00,0.00
NULL,1,"thiruvanmiyur","Ignore",0.00,2,0,0.00,1,0,0.00,14.62
NULL,1,"thiruvarur","Ignore",0.00,3,0,0.00,0,0,0.00,0.00
NULL,1,"thiruverkadu sfc pud","Ignore",0.00,1,0,0.00,0,0,0.00,0.00
NULL,1,"thiruverumbur","Ignore",0.00,2,0,0.00,0,0,0.00,0.00
NULL,1,"thiruverumbur hub","Ignore",0.00,2,0,0.00,0,0,0.00,0.00
NULL,1,"thiruverumbur hub trichy","Ignore",0.00,6,0,0.00,0,0,0.00,0.00
NULL,1,"thittakudihub_thk cuddalore","Ignore",0.00,1,0,0.00,0,0,0.00,0.00
NULL,1,"thizamamdh_khm kohima","Ignore",0.00,1,0,0.00,0,0,0.00,0.00
NULL,1,"thn/rbd-tml, thane, maharashtra","Ignore",0.00,1,0,0.00,0,0,0.00,0.00
NULL,1,"thodupuzha","Ignore",0.00,13,0,0.00,0,0,0.00,0.00
NULL,1,"thodupuzha hub","Ignore",0.00,3,0,0.00,0,0,0.00,0.00
NULL,1,"thodupuzha hub thodupuzha","Ignore",0.00,4,0,0.00,0,0,0.00,0.00
NULL,1,"thokala balavenkataiah kirana nandyal","Ignore",0.00,1,0,0.00,0,0,0.00,0.00
NULL,1,"thokottuhub_ixe","Ignore",0.00,1,0,0.00,0,0,0.00,0.00
NULL,1,"thokottuhub_ixe mangalore","Ignore",0.00,1,0,0.00,0,0,0.00,0.00
NULL,1,"thorrur","Ignore",0.00,2,0,0.00,0,0,0.00,0.00
NULL,1,"thorrur, telangana, in","Ignore",0.00,0,0,0.00,1,0,0.00,15.45
NULL,1,"thriprayar","Ignore",0.00,3,0,0.00,0,0,0.00,0.00
NULL,1,"thriprayarhub_trp","Ignore",0.00,1,0,0.00,0,0,0.00,0.00
NULL,1,"thriprayarhub_trp thriprayar","Ignore",0.00,3,0,0.00,0,0,0.00,0.00
NULL,1,"thrissiva flowers thrissur","Ignore",0.00,1,0,0.00,1,0,0.00,14.41
NULL,1,"thrissur","Ignore",0.00,14,0,0.00,0,0,0.00,0.00
NULL,1,"thrissur, kerala, in","Ignore",0.00,1,0,0.00,0,0,0.00,0.00
NULL,1,"thuravoor","Ignore",0.00,3,0,0.00,0,0,0.00,0.00
NULL,1,"tiger store new delhi","Ignore",0.00,2,0,0.00,0,0,0.00,0.00
NULL,1,"tihidihub_bhc bhadrak","Ignore",0.00,1,0,0.00,0,0,0.00,0.00
NULL,1,"tijara, tijara, rajasthan","Ignore",0.00,0,0,0.00,1,0,0.00,14.77
NULL,1,"tikamgarh","Ignore",0.00,3,0,0.00,0,0,0.00,0.00
NULL,1,"tilak store new delhi","Ignore",0.00,1,0,0.00,0,0,0.00,0.00
NULL,1,"tildamdh_tld bhatapara","Ignore",0.00,1,0,0.00,0,0,0.00,0.00
NULL,1,"tindivanam","Ignore",0.00,2,0,0.00,0,0,0.00,0.00
NULL,1,"tindivanamhub_tin tindivanam","Ignore",0.00,2,0,0.00,0,0,0.00,0.00
NULL,1,"tinsukia","Ignore",0.00,1,0,0.00,0,0,0.00,0.00
NULL,1,"tinsukia, tinsukia, assam","Ignore",0.00,3,0,0.00,1,0,0.00,15.57
NULL,1,"tinsukiahub_tsk tinsukia","Ignore",0.00,1,0,0.00,0,0,0.00,0.00
NULL,1,"tirora","Ignore",0.00,1,0,0.00,0,0,0.00,0.00
NULL,1,"tirorahub_tra tirora","Ignore",0.00,1,0,0.00,0,0,0.00,0.00
NULL,1,"tiruchirapalli city","Ignore",0.00,1,0,0.00,1,0,0.00,14.48
NULL,1,"tiruchirappalli","Ignore",0.00,1,0,0.00,1,0,0.00,26.99
NULL,1,"tirumangalam","Ignore",0.00,1,0,0.00,0,0,0.00,0.00
NULL,1,"tirunelveli hub","Ignore",0.00,27,0,0.00,2,0,0.00,18.65
NULL,1,"tirunelveli/west-tml, tirunelveli, tamil nadu","Ignore",0.00,0,0,0.00,1,0,0.00,14.53
NULL,1,"tiruparapumdh_mtm kanyakumari","Ignore",0.00,1,0,0.00,0,0,0.00,0.00
NULL,1,"tirupathi, andhra pradesh, in","Ignore",0.00,1,0,0.00,0,0,0.00,0.00
NULL,1,"tirupati","Ignore",0.00,9,0,0.00,0,0,0.00,0.00
NULL,1,"tirupati office","Ignore",0.00,10,0,0.00,3,0,0.00,19.32
NULL,1,"tirupatturhub_tat tiruppattur","Ignore",0.00,3,0,0.00,1,0,0.00,15.79
NULL,1,"tiruporur","Ignore",0.00,1,0,0.00,0,0,0.00,0.00
NULL,1,"tiruppattur","Ignore",0.00,5,0,0.00,0,0,0.00,0.00
NULL,1,"tiruppur, tamil nadu, in","Ignore",0.00,0,0,0.00,1,0,0.00,18.90
NULL,1,"tirupur","Ignore",0.00,26,0,0.00,0,0,0.00,0.00
NULL,1,"tirupur apx/sfc pud centr","Ignore",0.00,1,0,0.00,0,0,0.00,0.00
NULL,1,"tirupur hub tirupur","Ignore",0.00,8,0,0.00,0,0,0.00,0.00
NULL,1,"tirupur paladam road","Ignore",0.00,1,0,0.00,2,0,0.00,15.95
NULL,1,"tirupurnorthhub_tpr","Ignore",0.00,3,0,0.00,0,0,0.00,0.00
NULL,1,"tirupurnorthhub_tpr tirupur","Ignore",0.00,11,0,0.00,0,0,0.00,0.00
NULL,1,"tirur","Ignore",0.00,1,0,0.00,0,0,0.00,0.00
NULL,1,"tiruvalla","Ignore",0.00,5,0,0.00,1,0,0.00,23.86
NULL,1,"tiruvalla hub tiruvalla","Ignore",0.00,4,0,0.00,0,0,0.00,0.00
NULL,1,"tiruvallur","Ignore",0.00,1,0,0.00,0,0,0.00,0.00
NULL,1,"tiruvallur, tiruvallur, tamil nadu","Ignore",0.00,4,0,0.00,2,0,0.00,15.69
NULL,1,"tiruvannamalai","Ignore",0.00,3,0,0.00,0,0,0.00,0.00
NULL,1,"tiruvannamalaihub_tnn","Ignore",0.00,1,0,0.00,0,0,0.00,0.00
NULL,1,"tiruvannamalaihub_tnn tiruvannamalai","Ignore",0.00,2,0,0.00,0,0,0.00,0.00
NULL,1,"tiruvuru","Ignore",0.00,2,0,0.00,0,0,0.00,0.00
NULL,1,"titilagarh, titlagarh, orissa","Ignore",0.00,1,0,0.00,0,0,0.00,0.00
NULL,1,"titwala (mumbai)","Ignore",0.00,3,0,0.00,0,0,0.00,0.00
NULL,1,"titwala1, titwala, maharashtra","Ignore",0.00,0,0,0.00,1,0,0.00,14.86
NULL,1,"titwalahub_twl","Ignore",0.00,1,0,0.00,0,0,0.00,0.00
NULL,1,"titwalahub_twl titwala (mumbai)","Ignore",0.00,2,0,0.00,0,0,0.00,0.00
NULL,1,"tiwari store varanasi","Ignore",0.00,1,0,0.00,0,0,0.00,0.00
NULL,1,"tnagar service centre","Ignore",0.00,5,0,0.00,4,0,0.00,16.68
NULL,1,"tohana","Ignore",0.00,3,0,0.00,0,0,0.00,0.00
NULL,1,"tolichowki","Ignore",0.00,1,0,0.00,2,0,0.00,16.05
NULL,1,"tonk","Ignore",0.00,0,0,0.00,1,0,0.00,14.88
NULL,1,"topsiahub_kol","Ignore",0.00,1,0,0.00,0,0,0.00,0.00
NULL,1,"topsiahub_kol kolkata","Ignore",0.00,3,0,0.00,0,0,0.00,0.00
NULL,1,"toranagalluhub_tgl bellary","Ignore",0.00,5,0,0.00,0,0,0.00,0.00
NULL,1,"totu, shimla, himachal pradesh","Ignore",0.00,27,0,0.00,2,0,0.00,19.20
NULL,1,"town etail centre","Ignore",0.00,2,0,0.00,1,0,0.00,15.50
NULL,1,"tpnagarhub_ald allahabad","Ignore",0.00,2,0,0.00,0,0,0.00,0.00
NULL,1,"tpt/hub, tirupati, andhra pradesh","Ignore",0.00,34,0,0.00,0,0,0.00,0.00
NULL,1,"tpt/mrpl, tirupati, andhra pradesh","Ignore",0.00,1,0,0.00,0,0,0.00,0.00
NULL,1,"trambak bhimraoji thakre pulgaon","Ignore",0.00,3,0,0.00,0,0,0.00,0.00
NULL,1,"transport nagar","Ignore",0.00,2,0,0.00,7,0,0.00,29.63
NULL,1,"transport nagar hub lucknow","Ignore",0.00,3,0,0.00,0,0,0.00,0.00
NULL,1,"transport nagar lucknow (lckt)","Ignore",0.00,3,0,0.00,0,0,0.00,0.00
NULL,1,"trichur mini hub","Ignore",0.00,81,0,0.00,8,0,0.00,18.83
NULL,1,"trichur service centre","Ignore",0.00,0,0,0.00,2,0,0.00,14.53
NULL,1,"trichur, trichur, kerala","Ignore",0.00,23,0,0.00,0,0,0.00,0.00
NULL,1,"trichy","Ignore",0.00,16,0,0.00,1,0,0.00,28.91
NULL,1,"trichy hub","Ignore",0.00,113,0,0.00,7,0,0.00,23.90
NULL,1,"trichy hub trichy","Ignore",0.00,7,0,0.00,0,0,0.00,0.00
NULL,1,"trichy, trichy, tamil nadu","Ignore",0.00,19,0,0.00,1,0,0.00,18.69
NULL,1,"trimulgherry","Ignore",0.00,1,0,0.00,0,0,0.00,0.00
NULL,1,"trimulgherry hub","Ignore",0.00,4,0,0.00,0,0,0.00,0.00
NULL,1,"trimulgherry hub hyderabad","Ignore",0.00,7,0,0.00,0,0,0.00,0.00
NULL,1,"trimurtinagar hub","Ignore",0.00,1,0,0.00,0,0,0.00,0.00
NULL,1,"trimurtinagar hub nagpur","Ignore",0.00,16,0,0.00,2,0,0.00,14.58
NULL,1,"tripunithurahub_trt","Ignore",0.00,2,0,0.00,0,0,0.00,0.00
NULL,1,"tripunithurahub_trt cochin","Ignore",0.00,6,0,0.00,0,0,0.00,0.00
NULL,1,"trisshur","Ignore",0.00,8,0,0.00,1,0,0.00,23.67
NULL,1,"trissur hub","Ignore",0.00,3,0,0.00,0,0,0.00,0.00
NULL,1,"trissur hub thrissur","Ignore",0.00,7,0,0.00,0,0,0.00,0.00
NULL,1,"trivandrum","Ignore",0.00,55,0,0.00,7,0,0.00,24.78
NULL,1,"trivandrum service centre","Ignore",0.00,1,0,0.00,0,0,0.00,0.00
NULL,1,"trivandrumhub trivandrum","Ignore",0.00,2,0,0.00,0,0,0.00,0.00
NULL,1,"trivedi ahmedabad","Ignore",0.00,1,0,0.00,0,0,0.00,0.00
NULL,1,"trl/sa-tnr, tiruvallur, tamil nadu","Ignore",0.00,0,0,0.00,1,0,0.00,15.83
NULL,1,"trockosainikpuriodh_hyd hyderabad","Ignore",0.00,3,0,0.00,0,0,0.00,0.00
NULL,1,"trockosecunderabadodh_hyd hyderabad","Ignore",0.00,5,0,0.00,0,0,0.00,0.00
NULL,1,"trp/hub, tirupur, tamil nadu","Ignore",0.00,1,0,0.00,0,0,0.00,0.00
NULL,1,"trph","Ignore",0.00,1,0,0.00,0,0,0.00,0.00
NULL,1,"trv mini hub","Ignore",0.00,155,0,0.00,10,0,0.00,27.15
NULL,1,"trv/trv, trivandrum, kerala","Ignore",0.00,8,0,0.00,3,0,0.00,17.25
NULL,1,"trvh","Ignore",0.00,1,0,0.00,1,0,0.00,37.76
NULL,1,"trz service centre","Ignore",0.00,2,0,0.00,0,0,0.00,0.00
NULL,1,"ttcr","Ignore",0.00,1,0,0.00,0,0,0.00,0.00
NULL,1,"ttsplaburoadodh_abu aburoad s.o","Ignore",0.00,1,0,0.00,0,0,0.00,0.00
NULL,1,"ttsplaklujodh_alj akluj","Ignore",0.00,5,0,0.00,0,0,0.00,0.00
NULL,1,"ttsplamalnerodh_amn","Ignore",0.00,1,0,0.00,0,0,0.00,0.00
NULL,1,"ttsplamalnerodh_amn amalner","Ignore",0.00,1,0,0.00,0,0,0.00,0.00
NULL,1,"ttsplbaijnathodh_bjn","Ignore",0.00,2,0,0.00,0,0,0.00,0.00
NULL,1,"ttsplbaijnathodh_bjn baijnath","Ignore",0.00,1,0,0.00,0,0,0.00,0.00
NULL,1,"ttsplbeasodh_bea beas","Ignore",0.00,1,0,0.00,0,0,0.00,0.00
NULL,1,"ttsplbellurcrossodh_blu bellur","Ignore",0.00,2,0,0.00,0,0,0.00,0.00
NULL,1,"ttspldehraodh_dhr amb s.o","Ignore",0.00,1,0,0.00,0,0,0.00,0.00
NULL,1,"ttspldungarpurodh_dng dungarpur h.o","Ignore",0.00,1,0,0.00,0,0,0.00,0.00
NULL,1,"ttsplgangapurodh_gag gangapur city","Ignore",0.00,2,0,0.00,0,0,0.00,0.00
NULL,1,"ttspljambusarodh_jbs","Ignore",0.00,1,0,0.00,0,0,0.00,0.00
NULL,1,"ttspljambusarodh_jbs jambusar","Ignore",0.00,1,0,0.00,0,0,0.00,0.00
NULL,1,"ttsplkallakurichiodh_klk kallakurichi","Ignore",0.00,3,0,0.00,1,0,0.00,16.80
NULL,1,"ttsplkavandapadiodh_kvn","Ignore",0.00,1,0,0.00,0,0,0.00,0.00
NULL,1,"ttsplkavandapadiodh_kvn kavindapadi","Ignore",0.00,2,0,0.00,0,0,0.00,0.00
NULL,1,"ttsplkhedbrahmaodh_kdb khedbrahmma","Ignore",0.00,1,0,0.00,0,0,0.00,0.00
NULL,1,"ttsplkhopolisplitodh_kpl pune","Ignore",0.00,2,0,0.00,1,0,0.00,14.70
NULL,1,"ttsplkhundianodh_khd jawalamukhi s.o","Ignore",0.00,1,0,0.00,0,0,0.00,0.00
NULL,1,"ttsplkodaikanalodh_kdi kodaikanal","Ignore",0.00,2,0,0.00,0,0,0.00,0.00
NULL,1,"ttsplkovilpattiodh_kvl","Ignore",0.00,1,0,0.00,0,0,0.00,0.00
NULL,1,"ttsplkovilpattiodh_kvl kovilpatti","Ignore",0.00,2,0,0.00,0,0,0.00,0.00
NULL,1,"ttsplkuchamancityodh_kuc kuchamancity s.o","Ignore",0.00,1,0,0.00,0,0,0.00,0.00
NULL,1,"ttsplmalerkotlaodh_mlk malerkotla s.o","Ignore",0.00,1,0,0.00,0,0,0.00,0.00
NULL,1,"ttsplmandiodh_mdn sunder nagar","Ignore",0.00,1,0,0.00,0,0,0.00,0.00
NULL,1,"ttsplmusiriodh_msr musuri","Ignore",0.00,1,0,0.00,0,0,0.00,0.00
NULL,1,"ttsplnagdaodh_ngd","Ignore",0.00,1,0,0.00,0,0,0.00,0.00
NULL,1,"ttsplnagdaodh_ngd nagda","Ignore",0.00,4,0,0.00,1,0,0.00,14.86
NULL,1,"ttsplnimbaheraodh_nmb nimbahera s.o","Ignore",0.00,2,0,0.00,0,0,0.00,0.00
NULL,1,"ttsplparamathivelurodh_vlr paramathi velur","Ignore",0.00,0,0,0.00,1,0,0.00,15.99
NULL,1,"ttsplphuleramdh_phu phulera","Ignore",0.00,1,0,0.00,0,0,0.00,0.00
NULL,1,"ttsplramanodh_pnj","Ignore",0.00,1,0,0.00,0,0,0.00,0.00
NULL,1,"ttsplramanodh_pnj raman","Ignore",0.00,2,0,0.00,0,0,0.00,0.00
NULL,1,"ttsplsathyamangalamodh_sty sathyamangalam","Ignore",0.00,1,0,0.00,0,0,0.00,0.00
NULL,1,"ttsplshahpurodh_sah shahpur","Ignore",0.00,2,0,0.00,0,0,0.00,0.00
NULL,1,"ttspltapukaramdh_tap bhiwadi","Ignore",0.00,1,0,0.00,0,0,0.00,0.00
NULL,1,"ttspltheniodh_thn theni","Ignore",0.00,4,0,0.00,2,0,0.00,14.85
NULL,1,"ttsplthiruvaroorodh_thv thiruvarur","Ignore",0.00,3,0,0.00,0,0,0.00,0.00
NULL,1,"tuljapurhub_tlp osmanabad","Ignore",0.00,1,0,0.00,0,0,0.00,0.00
NULL,1,"tulsi ram teli girwa","Ignore",0.00,1,0,0.00,0,0,0.00,0.00
NULL,1,"tumakuru","Ignore",0.00,4,0,0.00,1,0,0.00,34.00
NULL,1,"tumkur","Ignore",0.00,6,0,0.00,0,0,0.00,0.00
NULL,1,"tumkur hub tumkur","Ignore",0.00,1,0,0.00,0,0,0.00,0.00
NULL,1,"tumsar","Ignore",0.00,2,0,0.00,0,0,0.00,0.00
NULL,1,"tumsar, tumsar, maharashtra","Ignore",0.00,0,0,0.00,1,0,0.00,15.08
NULL,1,"tumsarhub_tms tumsar","Ignore",0.00,2,0,0.00,0,0,0.00,0.00
NULL,1,"tuptni vasti - hadapsar","Ignore",0.00,4,0,0.00,0,0,0.00,0.00
NULL,1,"turka yamjal","Ignore",0.00,0,0,0.00,1,0,0.00,15.18
NULL,1,"turkayamjal1, hyderabad, telangana","Ignore",0.00,0,0,0.00,1,0,0.00,14.70
NULL,1,"tushar d. rokde panvel","Ignore",0.00,2,0,0.00,0,0,0.00,0.00
NULL,1,"tushar kirana store new delhi","Ignore",0.00,1,0,0.00,0,0,0.00,0.00
NULL,1,"tushar store rajkot","Ignore",0.00,1,0,0.00,0,0,0.00,0.00
NULL,1,"tuticorin","Ignore",0.00,10,0,0.00,0,0,0.00,0.00
NULL,1,"tuticorin hub tuticorin","Ignore",0.00,6,0,0.00,0,0,0.00,0.00
NULL,1,"tuticorin/west-tml, tuticorin, tamil nadu","Ignore",0.00,0,0,0.00,1,0,0.00,19.06
NULL,1,"twincityhub_hbx hubli","Ignore",0.00,9,0,0.00,0,0,0.00,0.00
NULL,1,"twincityhubtemp_hbx hubli","Ignore",0.00,1,0,0.00,0,0,0.00,0.00
NULL,1,"tyagi store. new delhi","Ignore",0.00,1,0,0.00,0,0,0.00,0.00
NULL,1,"uba naresh babu nidadavole","Ignore",0.00,1,0,0.00,0,0,0.00,0.00
NULL,1,"udaipur","Ignore",0.00,26,0,0.00,2,0,0.00,25.18
NULL,1,"udaipur e-tail","Ignore",0.00,1,0,0.00,2,0,0.00,31.57
NULL,1,"udaipur hub","Ignore",0.00,1,0,0.00,0,0,0.00,0.00
NULL,1,"udaipur hub udaipur","Ignore",0.00,9,0,0.00,0,0,0.00,0.00
NULL,1,"udaipur, rajasthan, in","Ignore",0.00,0,0,0.00,1,0,0.00,38.54
NULL,1,"udaipur, udaipur, rajasthan","Ignore",0.00,0,0,0.00,3,0,0.00,16.73
NULL,1,"udalguri","Ignore",0.00,1,0,0.00,0,0,0.00,0.00
NULL,1,"udgir","Ignore",0.00,2,0,0.00,1,0,0.00,19.35
NULL,1,"udgirhub_udg udgir","Ignore",0.00,1,0,0.00,0,0,0.00,0.00
NULL,1,"udham singh nagar","Ignore",0.00,1,0,0.00,0,0,0.00,0.00
NULL,1,"udhampur, udhampur, jammu and kashmir","Ignore",0.00,1,0,0.00,1,0,0.00,14.60
NULL,1,"udhna gj, surat, gujarat","Ignore",0.00,1,0,0.00,3,0,0.00,16.23
NULL,1,"udupi","Ignore",0.00,4,0,0.00,0,0,0.00,0.00
NULL,1,"udyogvihar etail centre","Ignore",0.00,1,0,0.00,1,0,0.00,15.48
NULL,1,"ujjain","Ignore",0.00,8,0,0.00,0,0,0.00,0.00
NULL,1,"ujjain hub","Ignore",0.00,2,0,0.00,0,0,0.00,0.00
NULL,1,"ujjain hub ujjain","Ignore",0.00,8,0,0.00,0,0,0.00,0.00
NULL,1,"ujjain rsp","Ignore",0.00,0,0,0.00,4,0,0.00,14.88
NULL,1,"ulhas nagar","Ignore",0.00,661,0,0.00,1,0,0.00,15.12
NULL,1,"ulhasnagarhub_mum","Ignore",0.00,1,0,0.00,0,0,0.00,0.00
NULL,1,"ulhasnagarhub_mum mumbai","Ignore",0.00,2,0,0.00,0,0,0.00,0.00
NULL,1,"ulsoor","Ignore",0.00,2,0,0.00,0,0,0.00,0.00
NULL,1,"ulsoor mini hub","Ignore",0.00,7,0,0.00,0,0,0.00,0.00
NULL,1,"ulubarihub guwahati","Ignore",0.00,2,0,0.00,0,0,0.00,0.00
NULL,1,"uluberia bdel","Ignore",0.00,0,0,0.00,2,0,0.00,15.58
NULL,1,"uluberiahub_ulb uluberia","Ignore",0.00,1,0,0.00,0,0,0.00,0.00
NULL,1,"ulwa","Ignore",0.00,0,0,0.00,4,0,0.00,14.67
NULL,1,"ulweodh_pnv","Ignore",0.00,1,0,0.00,0,0,0.00,0.00
NULL,1,"ulweodh_pnv navi mumbai","Ignore",0.00,3,0,0.00,0,0,0.00,0.00
NULL,1,"umaria","Ignore",0.00,3,0,0.00,0,0,0.00,0.00
NULL,1,"umaria, umaria, madhya pradesh","Ignore",0.00,0,0,0.00,1,0,0.00,15.63
NULL,1,"umarkhed","Ignore",0.00,1,0,0.00,0,0,0.00,0.00
NULL,1,"umbergaon","Ignore",0.00,2,0,0.00,2,0,0.00,30.67
NULL,1,"umesh chandra talgram","Ignore",0.00,1,0,0.00,0,0,0.00,0.00
NULL,1,"una","Ignore",0.00,6,0,0.00,0,0,0.00,0.00
NULL,1,"una, una, himachal pradesh","Ignore",0.00,27,0,0.00,0,0,0.00,0.00
NULL,1,"unahphub_una","Ignore",0.00,1,0,0.00,0,0,0.00,0.00
NULL,1,"unahphub_una una","Ignore",0.00,2,0,0.00,0,0,0.00,0.00
NULL,1,"unnao","Ignore",0.00,2,0,0.00,0,0,0.00,0.00
NULL,1,"unnaohub_unn unnao","Ignore",0.00,1,0,0.00,0,0,0.00,0.00
NULL,1,"up store manjeri","Ignore",0.00,1,0,0.00,0,0,0.00,0.00
NULL,1,"upadhyay kirana udham singh nagar","Ignore",0.00,2,0,0.00,0,0,0.00,0.00
NULL,1,"upadhyay mumbai","Ignore",0.00,1,0,0.00,0,0,0.00,0.00
NULL,1,"upendar rao hyderabad","Ignore",0.00,1,0,0.00,0,0,0.00,0.00
NULL,1,"uph, lucknow, uttar pradesh","Ignore",0.00,226,0,0.00,0,0,0.00,0.00
NULL,1,"uppinangady","Ignore",0.00,19,0,0.00,2,0,0.00,16.30
NULL,1,"urga, korba, chhattisgarh","Ignore",0.00,1,0,0.00,0,0,0.00,0.00
NULL,1,"urgamdh_urg korba","Ignore",0.00,1,0,0.00,0,0,0.00,0.00
NULL,1,"usgao, ponda goa, goa","Ignore",0.00,0,0,0.00,1,0,0.00,38.20
NULL,1,"usmaan enterprises mumbai","Ignore",0.00,1,0,0.00,0,0,0.00,0.00
NULL,1,"ustimdh_ddh diamondharbour","Ignore",0.00,1,0,0.00,0,0,0.00,0.00
NULL,1,"utangarai","Ignore",0.00,4,0,0.00,0,0,0.00,0.00
NULL,1,"utangaraihub_utn utangarai","Ignore",0.00,3,0,0.00,0,0,0.00,0.00
NULL,1,"uthukottaihub_trl tiruvallur","Ignore",0.00,1,0,0.00,0,0,0.00,0.00
NULL,1,"uti service center","Ignore",0.00,2,0,0.00,0,0,0.00,0.00
NULL,1,"utpal house katwa","Ignore",0.00,1,0,0.00,0,0,0.00,0.00
NULL,1,"uttam kirana 65 new delhi","Ignore",0.00,1,0,0.00,0,0,0.00,0.00
NULL,1,"uttamnagar hub","Ignore",0.00,6,0,0.00,0,0,0.00,0.00
NULL,1,"uttamnagar hub delhi","Ignore",0.00,23,0,0.00,1,0,0.00,14.92
NULL,1,"uttar dinajpur","Ignore",0.00,1,0,0.00,0,0,0.00,0.00
NULL,1,"v & s store new delhi","Ignore",0.00,1,0,0.00,0,0,0.00,0.00
NULL,1,"v20 nagar visnagar","Ignore",0.00,1,0,0.00,0,0,0.00,0.00
NULL,1,"vaaraahi master kirana east godavari","Ignore",0.00,1,0,0.00,0,0,0.00,0.00
NULL,1,"vadapalani","Ignore",0.00,1,0,0.00,7,0,0.00,29.50
NULL,1,"vadavallihub_cjb coimbatore","Ignore",0.00,6,0,0.00,0,0,0.00,0.00
NULL,1,"vadodara/akt, vadodara, gujarat","Ignore",0.00,1,0,0.00,0,0,0.00,0.00
NULL,1,"vadodara/krb, vadodara, gujarat","Ignore",0.00,1,0,0.00,0,0,0.00,0.00
NULL,1,"vadodara/wgd, vadodara, gujarat","Ignore",0.00,2,0,0.00,0,0,0.00,0.00
NULL,1,"vaijapur","Ignore",0.00,1,0,0.00,1,0,0.00,14.62
NULL,1,"vaijapurhub_vjp vaijapur","Ignore",0.00,1,0,0.00,0,0,0.00,0.00
NULL,1,"vaikom","Ignore",0.00,5,0,0.00,0,0,0.00,0.00
NULL,1,"vaishali","Ignore",0.00,1,0,0.00,0,0,0.00,0.00
NULL,1,"vaishali nagar","Ignore",0.00,7,0,0.00,4,0,0.00,15.38
NULL,1,"vaishalinagar, jaipur, rajasthan","Ignore",0.00,1,0,0.00,1,0,0.00,33.18
NULL,1,"vaishnavi store vadodara","Ignore",0.00,2,0,0.00,0,0,0.00,0.00
NULL,1,"vaka vijaya kumar reddy master kirana kakinada","Ignore",0.00,4,0,0.00,0,0,0.00,0.00
NULL,1,"valase satara, satara, maharashtra","Ignore",0.00,1,0,0.00,0,0,0.00,0.00
NULL,1,"valiyaveettil home alappuzha","Ignore",0.00,1,0,0.00,0,0,0.00,0.00
NULL,1,"valparai","Ignore",0.00,1,0,0.00,0,0,0.00,0.00
NULL,1,"valsad","Ignore",0.00,19,0,0.00,1,0,0.00,22.00
NULL,1,"valsad hub valsad","Ignore",0.00,14,0,0.00,1,0,0.00,14.86
NULL,1,"vanasthalipuram","Ignore",0.00,0,0,0.00,2,0,0.00,16.47
NULL,1,"vandana jayant todkar kolhapur","Ignore",0.00,1,0,0.00,0,0,0.00,0.00
NULL,1,"vandanabaggatelecom.mk ludhiana","Ignore",0.00,4,0,0.00,0,0,0.00,0.00
NULL,1,"vaniyambadi","Ignore",0.00,2,0,0.00,0,0,0.00,0.00
NULL,1,"vaniyambadihub_vnm vaniyambadi","Ignore",0.00,1,0,0.00,0,0,0.00,0.00
NULL,1,"vansda, vansda, gujarat","Ignore",0.00,0,0,0.00,1,0,0.00,14.79
NULL,1,"vansh enterprise jamnagar","Ignore",0.00,1,0,0.00,0,0,0.00,0.00
NULL,1,"vanshika enterprise dehradun","Ignore",0.00,1,0,0.00,0,0,0.00,0.00
NULL,1,"vapi hub vapi","Ignore",0.00,4,0,0.00,0,0,0.00,0.00
NULL,1,"vapi, vapi, gujarat","Ignore",0.00,0,0,0.00,1,0,0.00,14.87
NULL,1,"vapm","Ignore",0.00,0,0,0.00,3,0,0.00,15.14
NULL,1,"varanasi, uttar pradesh, in","Ignore",0.00,0,0,0.00,1,0,0.00,19.69
NULL,1,"varanasi, varanasi, uttar pradesh","Ignore",0.00,0,0,0.00,7,0,0.00,16.38
NULL,1,"varanasibyepasshub_vns","Ignore",0.00,1,0,0.00,0,0,0.00,0.00
NULL,1,"varanasibyepasshub_vns varanasi","Ignore",0.00,1,0,0.00,0,0,0.00,0.00
NULL,1,"varapuzha","Ignore",0.00,8,0,0.00,0,0,0.00,0.00
NULL,1,"varkalahub_vkl","Ignore",0.00,1,0,0.00,0,0,0.00,0.00
NULL,1,"varkalahub_vkl trivandrum","Ignore",0.00,3,0,0.00,2,0,0.00,15.02
NULL,1,"varsha coaching center ajmer","Ignore",0.00,1,0,0.00,0,0,0.00,0.00
NULL,1,"varthur","Ignore",0.00,0,0,0.00,5,0,0.00,15.20
NULL,1,"varun kumar kirana gautam buddha nagar","Ignore",0.00,1,0,0.00,0,0,0.00,0.00
NULL,1,"vasai (vasm)","Ignore",0.00,2,0,0.00,0,0,0.00,0.00
NULL,1,"vasai apex/sfc pud","Ignore",0.00,0,0,0.00,2,0,0.00,14.98
NULL,1,"vasai hub","Ignore",0.00,3,0,0.00,0,0,0.00,0.00
NULL,1,"vasai hub thane","Ignore",0.00,8,0,0.00,0,0,0.00,0.00
NULL,1,"vasai road etail","Ignore",0.00,2,0,0.00,4,0,0.00,16.88
NULL,1,"vasai/hub, vasai, maharashtra","Ignore",0.00,1525,0,0.00,6,0,0.00,26.48
NULL,1,"vasaiodh_mum palghar","Ignore",0.00,4,0,0.00,0,0,0.00,0.00
NULL,1,"vasaiwesthub_mum mumbai","Ignore",0.00,3,0,0.00,0,0,0.00,0.00
NULL,1,"vasant vihar","Ignore",0.00,430,0,0.00,0,0,0.00,0.00
NULL,1,"vasantkunj hub","Ignore",0.00,8,0,0.00,0,0,0.00,0.00
NULL,1,"vasantkunj hub delhi","Ignore",0.00,20,0,0.00,2,0,0.00,15.90
NULL,1,"vashi hub mumbai","Ignore",0.00,5,0,0.00,0,0,0.00,0.00
NULL,1,"vashi mini hub","Ignore",0.00,1010,0,0.00,6,0,0.00,22.80
NULL,1,"vastralmetroodh_vas","Ignore",0.00,1,0,0.00,0,0,0.00,0.00
NULL,1,"vastralmetroodh_vas ahmedabad","Ignore",0.00,2,0,0.00,0,0,0.00,0.00
NULL,1,"vatika, jaipur, rajasthan","Ignore",0.00,2,0,0.00,2,0,0.00,16.01
NULL,1,"vayathur","Ignore",0.00,4,0,0.00,0,0,0.00,0.00
NULL,1,"vayathurhub_vyt","Ignore",0.00,1,0,0.00,0,0,0.00,0.00
NULL,1,"vayathurhub_vyt vayathur","Ignore",0.00,3,0,0.00,0,0,0.00,0.00
NULL,1,"vazhakulam","Ignore",0.00,2,0,0.00,0,0,0.00,0.00
NULL,1,"vazhakulamosh_vaz vazhakulam","Ignore",0.00,3,0,0.00,0,0,0.00,0.00
NULL,1,"vazheetharayil midhun bhavan home alappuzha","Ignore",0.00,1,0,0.00,0,0,0.00,0.00
NULL,1,"vedaranyam","Ignore",0.00,1,0,0.00,0,0,0.00,0.00
NULL,1,"vedaranyammdh_vdm vedaranyam","Ignore",0.00,2,0,0.00,0,0,0.00,0.00
NULL,1,"veerabadreswar prassan bellary","Ignore",0.00,1,0,0.00,0,0,0.00,0.00
NULL,1,"veeresh kirana store bagalkot","Ignore",0.00,1,0,0.00,0,0,0.00,0.00
NULL,1,"vejalpurhub_adi","Ignore",0.00,4,0,0.00,0,0,0.00,0.00
NULL,1,"vejalpurhub_adi ahmedabad","Ignore",0.00,16,0,0.00,0,0,0.00,0.00
NULL,1,"velachery","Ignore",0.00,2,0,0.00,3,0,0.00,15.67
NULL,1,"velda","Ignore",0.00,0,0,0.00,1,0,0.00,50.18
NULL,1,"vellalore patinam s/c","Ignore",0.00,2,0,0.00,0,0,0.00,0.00
NULL,1,"vellore","Ignore",0.00,55,0,0.00,6,0,0.00,32.48
NULL,1,"vellore hub vellore","Ignore",0.00,4,0,0.00,0,0,0.00,0.00
NULL,1,"vellore tn, vellore, tamil nadu","Ignore",0.00,0,0,0.00,1,0,0.00,16.12
NULL,1,"vellorehubtemp_vlr","Ignore",0.00,2,0,0.00,0,0,0.00,0.00
NULL,1,"vellorehubtemp_vlr vellore","Ignore",0.00,2,0,0.00,0,0,0.00,0.00
NULL,1,"vengurla, vengurla, maharashtra","Ignore",0.00,2,0,0.00,0,0,0.00,0.00
NULL,1,"venjaramood","Ignore",0.00,1,0,0.00,0,0,0.00,0.00
NULL,1,"venturefirstkalikiriodh_kal kalikiri","Ignore",0.00,0,0,0.00,1,0,0.00,15.63
NULL,1,"veraval","Ignore",0.00,0,0,0.00,1,0,0.00,19.31
NULL,1,"verkaodh_atq","Ignore",0.00,1,0,0.00,0,0,0.00,0.00
NULL,1,"verkaodh_atq amritsar","Ignore",0.00,2,0,0.00,0,0,0.00,0.00
NULL,1,"verna","Ignore",0.00,9,0,0.00,1,0,0.00,22.14
NULL,1,"verna hub","Ignore",0.00,1,0,0.00,0,0,0.00,0.00
NULL,1,"verna hub verna","Ignore",0.00,4,0,0.00,1,0,0.00,15.48
NULL,1,"vesuhub_stv","Ignore",0.00,4,0,0.00,0,0,0.00,0.00
NULL,1,"vettichira","Ignore",0.00,3,0,0.00,1,0,0.00,22.38
NULL,1,"vettichirahub_vtt vettichira","Ignore",0.00,0,0,0.00,1,0,0.00,14.39
NULL,1,"vibhutikhand hub","Ignore",0.00,1,0,0.00,0,0,0.00,0.00
NULL,1,"vibhutikhand hub lucknow","Ignore",0.00,1,0,0.00,0,0,0.00,0.00
NULL,1,"vicky general store bahraich","Ignore",0.00,1,0,0.00,0,0,0.00,0.00
NULL,1,"vicky kirana store chandigarh","Ignore",0.00,1,0,0.00,0,0,0.00,0.00
NULL,1,"vicky stiching bathinda","Ignore",0.00,1,0,0.00,0,0,0.00,0.00
NULL,1,"vidisha","Ignore",0.00,1,0,0.00,0,0,0.00,0.00
NULL,1,"vidisha, vidisha, madhya pradesh","Ignore",0.00,0,0,0.00,2,0,0.00,40.51
NULL,1,"vidya kirana new delhi","Ignore",0.00,1,0,0.00,0,0,0.00,0.00
NULL,1,"vidyanagar hub","Ignore",0.00,2,0,0.00,0,0,0.00,0.00
NULL,1,"vidyanagar hub bhopal","Ignore",0.00,15,0,0.00,0,0,0.00,0.00
NULL,1,"vidyaranyapurahub_blr bengaluru","Ignore",0.00,4,0,0.00,0,0,0.00,0.00
NULL,1,"vidyaranyapurahubtemp_blr bengaluru","Ignore",0.00,6,0,0.00,0,0,0.00,0.00
NULL,1,"vighyan nagar cod centre","Ignore",0.00,5,0,0.00,1,0,0.00,16.28
NULL,1,"vij/bpm, vijayawada, andhra pradesh","Ignore",0.00,1,0,0.00,0,0,0.00,0.00
NULL,1,"vij/hub, vijayawada, andhra pradesh","Ignore",0.00,115,0,0.00,0,0,0.00,0.00
NULL,1,"vij/stpm, vijayawada, andhra pradesh","Ignore",0.00,0,0,0.00,1,0,0.00,15.59
NULL,1,"vij/vij, vijayawada, andhra pradesh","Ignore",0.00,0,0,0.00,1,0,0.00,15.05
NULL,1,"vijay","Ignore",0.00,4,0,0.00,4,0,0.00,15.68
NULL,1,"vijay store mandi","Ignore",0.00,1,0,0.00,0,0,0.00,0.00
NULL,1,"vijayamangalam","Ignore",0.00,3,0,0.00,0,0,0.00,0.00
NULL,1,"vijayamangalamhub_vjm vijayamangalam","Ignore",0.00,3,0,0.00,0,0,0.00,0.00
NULL,1,"vijayanagarhub_blr","Ignore",0.00,1,0,0.00,0,0,0.00,0.00
NULL,1,"vijayanagarhub_blr bengaluru","Ignore",0.00,12,0,0.00,0,0,0.00,0.00
NULL,1,"vijayapura","Ignore",0.00,2,0,0.00,0,0,0.00,0.00
NULL,1,"vijayawada hub","Ignore",0.00,82,0,0.00,8,0,0.00,22.43
NULL,1,"vijayawada, andhra pradesh, in","Ignore",0.00,17,0,0.00,3,0,0.00,48.11
NULL,1,"vijayawadahub_vja","Ignore",0.00,2,0,0.00,0,0,0.00,0.00
NULL,1,"vijayawadahub_vja vijayawada","Ignore",0.00,11,0,0.00,0,0,0.00,0.00
NULL,1,"vijaynagar expansion","Ignore",0.00,1,0,0.00,0,0,0.00,0.00
NULL,1,"vijaynagarhub_del new delhi","Ignore",0.00,3,0,0.00,0,0,0.00,0.00
NULL,1,"vijaypur, vijaypur, jammu and kashmir","Ignore",0.00,0,0,0.00,1,0,0.00,15.74
NULL,1,"bho/lgt-tml, bhopal, madhya pradesh","Ignore",0.00,1,0,0.00,3,0,0.00,36.69
NULL,1,"bho/rsn, bhopal, madhya pradesh","Ignore",0.00,2,0,0.00,0,0,0.00,0.00
NULL,1,"bhokar","Ignore",0.00,1,0,0.00,0,0,0.00,0.00
NULL,1,"bhokardan","Ignore",0.00,1,0,0.00,0,0,0.00,0.00
NULL,1,"bhokardanhub_bhk bhokardan","Ignore",0.00,1,0,0.00,0,0,0.00,0.00
NULL,1,"bhola nath mirzapur","Ignore",0.00,1,0,0.00,0,0,0.00,0.00
NULL,1,"bhola store new delhi","Ignore",0.00,2,0,0.00,0,0,0.00,0.00
NULL,1,"bhongir","Ignore",0.00,1,0,0.00,0,0,0.00,0.00
NULL,1,"bhongirhub_bng bhongir","Ignore",0.00,1,0,0.00,0,0,0.00,0.00
NULL,1,"bhopal","Ignore",0.00,23,0,0.00,5,0,0.00,28.08
NULL,1,"bhopal cod centre","Ignore",0.00,5,0,0.00,0,0,0.00,0.00
NULL,1,"bhosari hub","Ignore",0.00,1,0,0.00,0,0,0.00,0.00
NULL,1,"bhosari hub pune","Ignore",0.00,2,0,0.00,0,0,0.00,0.00
NULL,1,"bhota, bhota, himachal pradesh","Ignore",0.00,0,0,0.00,1,0,0.00,14.37
NULL,1,"bhowanipore bdel","Ignore",0.00,3,0,0.00,5,0,0.00,15.47
NULL,1,"bhuban","Ignore",0.00,2,0,0.00,0,0,0.00,0.00
NULL,1,"bhuban, bhuban, orissa","Ignore",0.00,0,0,0.00,2,0,0.00,39.35
NULL,1,"bhubaneshwar","Ignore",0.00,7,0,0.00,0,0,0.00,0.00
NULL,1,"bhubaneswar - bbn","Ignore",0.00,2,0,0.00,0,0,0.00,0.00
NULL,1,"bhubaneswar hub (bbiw)","Ignore",0.00,2,0,0.00,0,0,0.00,0.00
NULL,1,"bhubaneswar, odisha, in","Ignore",0.00,1,0,0.00,0,0,0.00,0.00
NULL,1,"bhubaneswarhub_bbi","Ignore",0.00,1,0,0.00,0,0,0.00,0.00
NULL,1,"bhubaneswarhub_bbi bhubaneswar","Ignore",0.00,1,0,0.00,0,0,0.00,0.00
NULL,1,"bhuj","Ignore",0.00,10,0,0.00,0,0,0.00,0.00
NULL,1,"bhuj expansion","Ignore",0.00,0,0,0.00,1,0,0.00,14.73
NULL,1,"bhujhub_bhj bhuj","Ignore",0.00,7,0,0.00,0,0,0.00,0.00
NULL,1,"bhular cosmetic shop mohali","Ignore",0.00,1,0,0.00,0,0,0.00,0.00
NULL,1,"bhuna, bhuna, haryana","Ignore",0.00,0,0,0.00,1,0,0.00,33.47
NULL,1,"bhupalpallyhub_bpl bupalpally","Ignore",0.00,2,0,0.00,0,0,0.00,0.00
NULL,1,"bhupesh store new delhi","Ignore",0.00,1,0,0.00,0,0,0.00,0.00
NULL,1,"bhusawal","Ignore",0.00,0,0,0.00,1,0,0.00,14.93
NULL,1,"bhusawalhub_jgo jalgaon","Ignore",0.00,3,0,0.00,0,0,0.00,0.00
NULL,1,"bidadi","Ignore",0.00,3,0,0.00,1,0,0.00,22.72
NULL,1,"bidadihub_bid","Ignore",0.00,1,0,0.00,0,0,0.00,0.00
NULL,1,"bidar","Ignore",0.00,5,0,0.00,0,0,0.00,0.00
NULL,1,"bidar, karnataka, in","Ignore",0.00,1,0,0.00,0,0,0.00,0.00
NULL,1,"bidarforthub_bdr","Ignore",0.00,1,0,0.00,0,0,0.00,0.00
NULL,1,"bidhunahub_ary","Ignore",0.00,1,0,0.00,0,0,0.00,0.00
NULL,1,"bihar sharif","Ignore",0.00,5,0,0.00,0,0,0.00,0.00
NULL,1,"biharsharifhub_bsf bihar sharif","Ignore",0.00,1,0,0.00,0,0,0.00,0.00
NULL,1,"bihta, bihta, bihar","Ignore",0.00,0,0,0.00,1,0,0.00,15.63
NULL,1,"bijanbarimdh_bjn bijanbari","Ignore",0.00,1,0,0.00,0,0,0.00,0.00
NULL,1,"bijapur","Ignore",0.00,1,0,0.00,0,0,0.00,0.00
NULL,1,"bijapursplithub_bjr bijapur","Ignore",0.00,1,0,0.00,0,0,0.00,0.00
NULL,1,"bijnor","Ignore",0.00,1,0,0.00,0,0,0.00,0.00
NULL,1,"bijnore","Ignore",0.00,1,0,0.00,1,0,0.00,31.82
NULL,1,"bijwasanhub_del","Ignore",0.00,1,0,0.00,0,0,0.00,0.00
NULL,1,"bijwasanhub_del new delhi","Ignore",0.00,7,0,0.00,0,0,0.00,0.00
NULL,1,"bikaner hub bikaner","Ignore",0.00,2,0,0.00,0,0,0.00,0.00
NULL,1,"bikaner, bikaner, rajasthan","Ignore",0.00,15,0,0.00,4,0,0.00,15.38
NULL,1,"bikram khosla damanjodi","Ignore",0.00,1,0,0.00,0,0,0.00,0.00
NULL,1,"bikram store krishnagar","Ignore",0.00,1,0,0.00,0,0,0.00,0.00
NULL,1,"bilara","Ignore",0.00,0,0,0.00,2,0,0.00,15.50
NULL,1,"bilara, bilara, rajasthan","Ignore",0.00,0,0,0.00,1,0,0.00,14.42
NULL,1,"bilashipara, bilashipara, assam","Ignore",0.00,0,0,0.00,1,0,0.00,38.55
NULL,1,"bilaspur, bilaspur, chhattisgarh","Ignore",0.00,1,0,0.00,4,0,0.00,16.06
NULL,1,"bilaspurhphub_bur bilaspur","Ignore",0.00,2,0,0.00,0,0,0.00,0.00
NULL,1,"bilaspurhub_bls bilaspur","Ignore",0.00,2,0,0.00,0,0,0.00,0.00
NULL,1,"bilekahalli hub","Ignore",0.00,2,0,0.00,0,0,0.00,0.00
NULL,1,"bilekahalli hub bengaluru","Ignore",0.00,9,0,0.00,0,0,0.00,0.00
NULL,1,"bina","Ignore",0.00,0,0,0.00,1,0,0.00,30.09
NULL,1,"bindki, bindki, uttar pradesh","Ignore",0.00,0,0,0.00,1,0,0.00,15.56
NULL,1,"binola industrial area, haryana, in","Ignore",0.00,13,0,0.00,0,0,0.00,0.00
NULL,1,"birbhum","Ignore",0.00,1,0,0.00,0,0,0.00,0.00
NULL,1,"birpara","Ignore",0.00,2,0,0.00,0,0,0.00,0.00
NULL,1,"birpurmdh_sou","Ignore",0.00,1,0,0.00,0,0,0.00,0.00
NULL,1,"birpurmdh_sou forbisganj","Ignore",0.00,2,0,0.00,0,0,0.00,0.00
NULL,1,"birsamdh_bir birsra","Ignore",0.00,1,0,0.00,0,0,0.00,0.00
NULL,1,"birsra","Ignore",0.00,1,0,0.00,0,0,0.00,0.00
NULL,1,"bishrampur","Ignore",0.00,1,0,0.00,1,0,0.00,34.96
NULL,1,"bissau, bissau, rajasthan","Ignore",0.00,0,0,0.00,1,0,0.00,14.98
NULL,1,"biswanath house krishnagar","Ignore",0.00,2,0,0.00,0,0,0.00,0.00
NULL,1,"bivin s hme rfk trivandrum","Ignore",0.00,1,0,0.00,0,0,0.00,0.00
NULL,1,"biwinagar hub","Ignore",0.00,1,0,0.00,0,0,0.00,0.00
NULL,1,"biwinagar hub nellore","Ignore",0.00,2,0,0.00,1,0,0.00,14.91
NULL,1,"bkc etail","Ignore",0.00,2,0,0.00,6,0,0.00,28.83
NULL,1,"bkc hub","Ignore",0.00,3,0,0.00,0,0,0.00,0.00
NULL,1,"bkc hub mumbai","Ignore",0.00,13,0,0.00,0,0,0.00,0.00
NULL,1,"bli/ballia, ballia, uttar pradesh","Ignore",0.00,3,0,0.00,1,0,0.00,15.06
NULL,1,"blr etail processing unit","Ignore",0.00,0,0,0.00,4,0,0.00,15.97
NULL,1,"blr/ava-tml, bangalore, karnataka","Ignore",0.00,0,0,0.00,1,0,0.00,16.29
NULL,1,"blr/bry-tml, bangalore, karnataka","Ignore",0.00,0,0,0.00,1,0,0.00,15.39
NULL,1,"blr/btm-tml, bangalore, karnataka","Ignore",0.00,0,0,0.00,1,0,0.00,15.69
NULL,1,"blr/cch-tml, bangalore, karnataka","Ignore",0.00,0,0,0.00,2,0,0.00,31.82
NULL,1,"blr/crp-tml, bangalore, karnataka","Ignore",0.00,0,0,0.00,1,0,0.00,17.22
NULL,1,"blr/csn-tml, bangalore, karnataka","Ignore",0.00,2,0,0.00,1,0,0.00,16.44
NULL,1,"blr/ecy-tml, bangalore, karnataka","Ignore",0.00,1,0,0.00,0,0,0.00,0.00
NULL,1,"blr/inr-tml, bangalore, karnataka","Ignore",0.00,1,0,0.00,1,0,0.00,33.06
NULL,1,"blr/kmp-ehv, bangalore, karnataka","Ignore",0.00,3,0,0.00,0,0,0.00,0.00
NULL,1,"blr/krg-tml, bangalore, karnataka","Ignore",0.00,0,0,0.00,1,0,0.00,15.75
NULL,1,"blr/kyn-tml, bangalore, karnataka","Ignore",0.00,1,0,0.00,0,0,0.00,0.00
NULL,1,"blr/mcl-tml, bangalore, karnataka","Ignore",0.00,1,0,0.00,0,0,0.00,0.00
NULL,1,"blr/sa-atble, bangalore, karnataka","Ignore",0.00,0,0,0.00,1,0,0.00,15.49
NULL,1,"blr/sa-bomm, bangalore, karnataka","Ignore",0.00,0,0,0.00,1,0,0.00,15.18
NULL,1,"blr/sa-bsk, bangalore, karnataka","Ignore",0.00,0,0,0.00,2,0,0.00,32.42
NULL,1,"blr/sky-tml, bangalore, karnataka","Ignore",0.00,1,0,0.00,0,0,0.00,0.00
NULL,1,"blr/spa-tml, bangalore, karnataka","Ignore",0.00,1,0,0.00,0,0,0.00,0.00
NULL,1,"blr/srm-tml, bangalore, karnataka","Ignore",0.00,0,0,0.00,1,0,0.00,32.36
NULL,1,"blr/srn-tml, bangalore, karnataka","Ignore",0.00,3,0,0.00,1,0,0.00,14.70
NULL,1,"blr/vks-tml, bangalore, karnataka","Ignore",0.00,1,0,0.00,1,0,0.00,14.87
NULL,1,"blr/vnl-tml, bangalore, karnataka","Ignore",0.00,1,0,0.00,3,0,0.00,39.21
NULL,1,"blr/wht-ehv, bangalore, karnataka","Ignore",0.00,1,0,0.00,0,0,0.00,0.00
NULL,1,"blr/ylk-tml, bangalore, karnataka","Ignore",0.00,1,0,0.00,1,0,0.00,14.35
NULL,1,"bobbili","Ignore",0.00,1,0,0.00,1,0,0.00,23.16
NULL,1,"bobbilihub_bbl bobbili","Ignore",0.00,1,0,0.00,0,0,0.00,0.00
NULL,1,"bodarwarmdh_bbw bodarwar","Ignore",0.00,1,0,0.00,0,0,0.00,0.00
NULL,1,"boden","Ignore",0.00,1,0,0.00,0,0,0.00,0.00
NULL,1,"bodenmdh_nua boden","Ignore",0.00,1,0,0.00,0,0,0.00,0.00
NULL,1,"bodhan","Ignore",0.00,2,0,0.00,0,0,0.00,0.00
NULL,1,"bodhanhub_bdn bodhan","Ignore",0.00,1,0,0.00,0,0,0.00,0.00
NULL,1,"boduppal","Ignore",0.00,1,0,0.00,1,0,0.00,15.53
NULL,1,"boindahub_ang","Ignore",0.00,1,0,0.00,0,0,0.00,0.00
NULL,1,"boisar","Ignore",0.00,3,0,0.00,0,0,0.00,0.00
NULL,1,"boisarhub_bis","Ignore",0.00,1,0,0.00,0,0,0.00,0.00
NULL,1,"bokajanhub_szr","Ignore",0.00,1,0,0.00,0,0,0.00,0.00
NULL,1,"bokakhat","Ignore",0.00,1,0,0.00,0,0,0.00,0.00
NULL,1,"bokakhat office","Ignore",0.00,0,0,0.00,1,0,0.00,15.10
NULL,1,"bokarohub_bko bokaro","Ignore",0.00,1,0,0.00,0,0,0.00,0.00
NULL,1,"bokarothermalodh_bkr bokaro","Ignore",0.00,1,0,0.00,0,0,0.00,0.00
NULL,1,"bolagarhhub_nyg puri","Ignore",0.00,0,0,0.00,1,0,0.00,16.55
NULL,1,"bolangir","Ignore",0.00,1,0,0.00,0,0,0.00,0.00
NULL,1,"bolangirhub_blg","Ignore",0.00,1,0,0.00,0,0,0.00,0.00
NULL,1,"bolangirhub_blg bolangir","Ignore",0.00,1,0,0.00,0,0,0.00,0.00
NULL,1,"bom","Ignore",0.00,3,0,0.00,0,0,0.00,0.00
NULL,1,"bom/bdp-ehv, mumbai, maharashtra","Ignore",0.00,2,0,0.00,0,0,0.00,0.00
NULL,1,"bom/chb-ehv, mumbai, maharashtra","Ignore",0.00,4,0,0.00,0,0,0.00,0.00
NULL,1,"bom/dsr-ehv, mumbai, maharashtra","Ignore",0.00,12,0,0.00,0,0,0.00,0.00
NULL,1,"bom/frt, mumbai, maharashtra","Ignore",0.00,1,0,0.00,1,0,0.00,32.93
NULL,1,"bom/knd-tml, mumbai, maharashtra","Ignore",0.00,0,0,0.00,1,0,0.00,14.32
NULL,1,"bom/knd, mumbai, maharashtra","Ignore",0.00,6,0,0.00,5,0,0.00,35.00
NULL,1,"bom/maz-tml, mumbai, maharashtra","Ignore",0.00,2,0,0.00,2,0,0.00,40.29
NULL,1,"bom/maz, mumbai, maharashtra","Ignore",0.00,105,0,0.00,0,0,0.00,0.00
NULL,1,"bom/rvp, mumbai, maharashtra","Ignore",0.00,2,0,0.00,0,0,0.00,0.00
NULL,1,"bom/sa-bnd, mumbai, maharashtra","Ignore",0.00,0,0,0.00,1,0,0.00,30.47
NULL,1,"bom/sa-mir, mumbai, maharashtra","Ignore",0.00,0,0,0.00,2,0,0.00,33.71
NULL,1,"bom/sa-vasai, vasai, maharashtra","Ignore",0.00,0,0,0.00,1,0,0.00,35.87
NULL,1,"bom/sa-vra, virar, maharashtra","Ignore",0.00,0,0,0.00,1,0,0.00,16.60
NULL,1,"bom/vikhroli-tml, mumbai, maharashtra","Ignore",0.00,0,0,0.00,1,0,0.00,15.24
NULL,1,"bom/wrl, mumbai, maharashtra","Ignore",0.00,7,0,0.00,5,0,0.00,32.51
NULL,1,"bonaigarh","Ignore",0.00,1,0,0.00,0,0,0.00,0.00
NULL,1,"bongaigaon","Ignore",0.00,1,0,0.00,0,0,0.00,0.00
NULL,1,"bongaigaon office","Ignore",0.00,10,0,0.00,3,0,0.00,16.80
NULL,1,"bongaigaon, bongaigaon, assam","Ignore",0.00,13,0,0.00,0,0,0.00,0.00
NULL,1,"bongaigaonhub_bgg bongaigaon","Ignore",0.00,1,0,0.00,0,0,0.00,0.00
NULL,1,"bongaon","Ignore",0.00,1,0,0.00,0,0,0.00,0.00
NULL,1,"bongaon, bongaon, west bengal","Ignore",0.00,0,0,0.00,1,0,0.00,14.40
NULL,1,"bongulurujunctionhub_hyd hyderabad","Ignore",0.00,4,0,0.00,0,0,0.00,0.00
NULL,1,"bonthu satyanarayana east godavari","Ignore",0.00,1,0,0.00,0,0,0.00,0.00
NULL,1,"bopal svc","Ignore",0.00,24,0,0.00,8,0,0.00,31.73
NULL,1,"bopalhub_amd","Ignore",0.00,1,0,0.00,0,0,0.00,0.00
NULL,1,"bopalhub_amd ahmedabad","Ignore",0.00,18,0,0.00,0,0,0.00,0.00
NULL,1,"boranada, boranada, rajasthan","Ignore",0.00,1,0,0.00,0,0,0.00,0.00
NULL,1,"bordiwala house bharuch","Ignore",0.00,1,0,0.00,0,0,0.00,0.00
NULL,1,"borivilihub_mum","Ignore",0.00,7,0,0.00,0,0,0.00,0.00
NULL,1,"borivilihub_mum mumbai","Ignore",0.00,20,0,0.00,0,0,0.00,0.00
NULL,1,"borkheda, kota, rajasthan","Ignore",0.00,1,0,0.00,1,0,0.00,15.46
NULL,1,"borsad, gujarat, in","Ignore",0.00,0,0,0.00,1,0,0.00,38.74
NULL,1,"boss mobiles pondicherry","Ignore",0.00,1,0,0.00,0,0,0.00,0.00
NULL,1,"botad, botad, gujarat","Ignore",0.00,0,0,0.00,1,0,0.00,38.01
NULL,1,"bowenpally","Ignore",0.00,4,0,0.00,3,0,0.00,16.70
NULL,1,"braazo_148030_chajli lehragaga","Ignore",0.00,2,0,0.00,1,0,0.00,14.90
NULL,1,"brahmapurmdh_kol kolkata","Ignore",0.00,6,0,0.00,0,0,0.00,0.00
NULL,1,"brahmavar","Ignore",0.00,3,0,0.00,0,0,0.00,0.00
NULL,1,"brahmavarhub_bmr brahmavar","Ignore",0.00,1,0,0.00,1,0,0.00,14.81
NULL,1,"brahmbad","Ignore",0.00,1,0,0.00,0,0,0.00,0.00
NULL,1,"brajabandhu pradhan balasore","Ignore",0.00,1,0,0.00,0,0,0.00,0.00
NULL,1,"bramhapuri","Ignore",0.00,3,0,0.00,0,0,0.00,0.00
NULL,1,"brijesh kumar pandey new delhi","Ignore",0.00,1,0,0.00,0,0,0.00,0.00
NULL,1,"brijmanganjmdh_bri brijmanganj","Ignore",0.00,1,0,0.00,0,0,0.00,0.00
NULL,1,"britaniahub_del","Ignore",0.00,5,0,0.00,0,0,0.00,0.00
NULL,1,"britaniahub_del delhi","Ignore",0.00,12,0,0.00,0,0,0.00,0.00
NULL,1,"brrazo express junagadh","Ignore",0.00,1,0,0.00,0,0,0.00,0.00
NULL,1,"bsd goos carrier gurgaon","Ignore",0.00,1,0,0.00,0,0,0.00,0.00
NULL,1,"budanpur ambedkar nagar","Ignore",0.00,1,0,0.00,1,0,0.00,22.96
NULL,1,"budbud1, budbud, west bengal","Ignore",0.00,0,0,0.00,1,0,0.00,14.44
NULL,1,"budbuda, budbuda, madhya pradesh","Ignore",0.00,11,0,0.00,2,0,0.00,19.21
NULL,1,"budge budge","Ignore",0.00,1,0,0.00,0,0,0.00,0.00
NULL,1,"budhviharhub_del","Ignore",0.00,2,0,0.00,0,0,0.00,0.00
NULL,1,"budhviharhub_del delhi","Ignore",0.00,9,0,0.00,0,0,0.00,0.00
NULL,1,"buguda","Ignore",0.00,4,0,0.00,0,0,0.00,0.00
NULL,1,"bugudahub_gam buguda","Ignore",0.00,2,0,0.00,0,0,0.00,0.00
NULL,1,"bulandshahar","Ignore",0.00,1,0,0.00,0,0,0.00,0.00
NULL,1,"bulandshahr","Ignore",0.00,1,0,0.00,1,0,0.00,26.40
NULL,1,"bulandshahrhub_bur bulandshahr","Ignore",0.00,1,0,0.00,0,0,0.00,0.00
NULL,1,"buldhana","Ignore",0.00,6,0,0.00,1,0,0.00,29.11
NULL,1,"buldhanahub_bld","Ignore",0.00,1,0,0.00,0,0,0.00,0.00
NULL,1,"buldhanahub_bld buldhana","Ignore",0.00,6,0,0.00,0,0,0.00,0.00
NULL,1,"bundi","Ignore",0.00,2,0,0.00,0,0,0.00,0.00
NULL,1,"bundihub_bui bundi","Ignore",0.00,2,0,0.00,0,0,0.00,0.00
NULL,1,"bupalpally","Ignore",0.00,2,0,0.00,0,0,0.00,0.00
NULL,1,"burarihub_del","Ignore",0.00,1,0,0.00,0,0,0.00,0.00
NULL,1,"burarihub_del delhi","Ignore",0.00,5,0,0.00,0,0,0.00,0.00
NULL,1,"burdwan transit hub","Ignore",0.00,51,0,0.00,4,0,0.00,17.63
NULL,1,"burhanpur","Ignore",0.00,2,0,0.00,0,0,0.00,0.00
NULL,1,"burhanpur, burhanpur, madhya pradesh","Ignore",0.00,0,0,0.00,1,0,0.00,15.00
NULL,1,"burhanpurhub_brn","Ignore",0.00,1,0,0.00,0,0,0.00,0.00
NULL,1,"burhar","Ignore",0.00,1,0,0.00,0,0,0.00,0.00
NULL,1,"burharhub_brh","Ignore",0.00,1,0,0.00,0,0,0.00,0.00
NULL,1,"butc","Ignore",0.00,11,0,0.00,2,0,0.00,34.00
NULL,1,"butibori","Ignore",0.00,1,0,0.00,0,0,0.00,0.00
NULL,1,"butiborihub_btb butibori","Ignore",0.00,1,0,0.00,0,0,0.00,0.00
NULL,1,"buxar","Ignore",0.00,1,0,0.00,0,0,0.00,0.00
NULL,1,"buxar, bihar, in","Ignore",0.00,2,0,0.00,0,0,0.00,0.00
NULL,1,"buxarhub_bxr buxar","Ignore",0.00,1,0,0.00,0,0,0.00,0.00
NULL,1,"byatarayanapurahub_blr","Ignore",0.00,1,0,0.00,0,0,0.00,0.00
NULL,1,"byatarayanapurahub_blr bengaluru","Ignore",0.00,2,0,0.00,0,0,0.00,0.00
NULL,1,"byndoorhub_byn 0","Ignore",0.00,2,0,0.00,0,0,0.00,0.00
NULL,1,"c d sonudas home thrissur","Ignore",0.00,1,0,0.00,0,0,0.00,0.00
NULL,1,"c h store anand","Ignore",0.00,1,0,0.00,0,0,0.00,0.00
NULL,1,"cabtagartalaodh_ixa","Ignore",0.00,1,0,0.00,0,0,0.00,0.00
NULL,1,"cabtballarpurodh_blp chandrapur","Ignore",0.00,2,0,0.00,2,0,0.00,15.34
NULL,1,"cabtbandaodh_bnd banda","Ignore",0.00,2,0,0.00,0,0,0.00,0.00
NULL,1,"cabtbangchatraodh_ban coochbehar","Ignore",0.00,4,0,0.00,0,0,0.00,0.00
NULL,1,"cabtbelacobaodh_jpg alipurduar","Ignore",0.00,1,0,0.00,0,0,0.00,0.00
NULL,1,"cabtberhampurodh_bmp berhampur","Ignore",0.00,3,0,0.00,0,0,0.00,0.00
NULL,1,"cabtberhampursplitodh_bmp berhampur","Ignore",0.00,1,0,0.00,0,0,0.00,0.00
NULL,1,"cabtbokaroodh_bko bokaro","Ignore",0.00,2,0,0.00,0,0,0.00,0.00
NULL,1,"cabtcoochbeharodh_cob dinhata","Ignore",0.00,1,0,0.00,0,0,0.00,0.00
NULL,1,"cabtcoochbeharsplitodh_cob","Ignore",0.00,1,0,0.00,0,0,0.00,0.00
NULL,1,"cabtcoochbeharsplitodh_cob mathabhanga","Ignore",0.00,2,0,0.00,0,0,0.00,0.00
NULL,1,"cabtdayalnagarodh_day","Ignore",0.00,1,0,0.00,0,0,0.00,0.00
NULL,1,"cabtdayalnagarodh_day visakhapatnam","Ignore",0.00,9,0,0.00,0,0,0.00,0.00
NULL,1,"cabtdehrionsonesplitodh_dos dehri","Ignore",0.00,1,0,0.00,0,0,0.00,0.00
NULL,1,"cabtdeulgaonrajaodh_dgr deulgaon raja","Ignore",0.00,2,0,0.00,0,0,0.00,0.00
NULL,1,"cabtgarhakotaodh_grh","Ignore",0.00,1,0,0.00,0,0,0.00,0.00
NULL,1,"cabtgariahatodh_kol","Ignore",0.00,1,0,0.00,0,0,0.00,0.00
NULL,1,"cabtgariahatodh_kol kolkata","Ignore",0.00,10,0,0.00,0,0,0.00,0.00
NULL,1,"cabtgautamnagarodh_bbi","Ignore",0.00,1,0,0.00,0,0,0.00,0.00
NULL,1,"cabtgautamnagarodh_bbi bhubaneswar","Ignore",0.00,1,0,0.00,0,0,0.00,0.00
NULL,1,"cabtgorantlaodh_grl anantapur","Ignore",0.00,1,0,0.00,0,0,0.00,0.00
NULL,1,"cabthaldibariodh_hal jalpaiguri","Ignore",0.00,1,0,0.00,0,0,0.00,0.00
NULL,1,"cabtharidwarsplitodh_hrd","Ignore",0.00,1,0,0.00,0,0,0.00,0.00
NULL,1,"cabtinkolluodh_ink prakasam","Ignore",0.00,1,0,0.00,0,0,0.00,0.00
NULL,1,"cabtjagadhriodh_jag jagadhri","Ignore",0.00,3,0,0.00,0,0,0.00,0.00
NULL,1,"cabtjamshedpurodh_ixw jamshedpur","Ignore",0.00,1,0,0.00,0,0,0.00,0.00
NULL,1,"cabtjaoraodh_jra jaora","Ignore",0.00,1,0,0.00,0,0,0.00,0.00
NULL,1,"cabtkalaambodh_kal","Ignore",0.00,1,0,0.00,0,0,0.00,0.00
NULL,1,"cabtkalaambodh_kal sirmaur","Ignore",0.00,1,0,0.00,0,0,0.00,0.00
NULL,1,"cabtkhurdaodh_kud","Ignore",0.00,1,0,0.00,0,0,0.00,0.00
NULL,1,"cabtkhurdaodh_kud khurda","Ignore",0.00,1,0,0.00,0,0,0.00,0.00
NULL,1,"cabtkonduruodh_knd","Ignore",0.00,2,0,0.00,0,0,0.00,0.00
NULL,1,"cabtkonduruodh_knd krishna","Ignore",0.00,2,0,0.00,0,0,0.00,0.00
NULL,1,"cabtlaharodh_lhr lahar","Ignore",0.00,1,0,0.00,0,0,0.00,0.00
NULL,1,"cabtlalganjodh_lal lalganj","Ignore",0.00,1,0,0.00,0,0,0.00,0.00
NULL,1,"cabtmadhubanisplitodh_mbi madhubani","Ignore",0.00,1,0,0.00,0,0,0.00,0.00
NULL,1,"cabtmaidanodh_kol howrah","Ignore",0.00,3,0,0.00,1,0,0.00,14.25
NULL,1,"cabtmainpuriodh_mnp mainpuri","Ignore",0.00,1,0,0.00,0,0,0.00,0.00
NULL,1,"cabtmankunduodh_mnk chandannagar","Ignore",0.00,2,0,0.00,0,0,0.00,0.00
NULL,1,"cabtmauganjodh_mgj mauganj","Ignore",0.00,1,0,0.00,0,0,0.00,0.00
NULL,1,"cabtmurshidabadodh_mbb murshidabad","Ignore",0.00,2,0,0.00,0,0,0.00,0.00
NULL,1,"cabtnabarangpurodh_nrg","Ignore",0.00,1,0,0.00,0,0,0.00,0.00
NULL,1,"cabtnasrullaganjodh_nsr nasrullaganj","Ignore",0.00,1,0,0.00,0,0,0.00,0.00
NULL,1,"cabtnowgangodh_nwg chhatarpur","Ignore",0.00,1,0,0.00,0,0,0.00,0.00
NULL,1,"cabtrajuraodh_rjr","Ignore",0.00,1,0,0.00,0,0,0.00,0.00
NULL,1,"cabtrajuraodh_rjr chandrapur","Ignore",0.00,0,0,0.00,1,0,0.00,15.39
NULL,1,"cabtramtekodh_rmt ramtek","Ignore",0.00,1,0,0.00,0,0,0.00,0.00
NULL,1,"cabtsachinodh_sac","Ignore",0.00,1,0,0.00,0,0,0.00,0.00
NULL,1,"cabtsachinodh_sac surat","Ignore",0.00,2,0,0.00,0,0,0.00,0.00
NULL,1,"cabtsahbajpurodh_dra","Ignore",0.00,1,0,0.00,0,0,0.00,0.00
NULL,1,"cabtsahbajpurodh_dra deoria","Ignore",0.00,1,0,0.00,0,0,0.00,0.00
NULL,1,"cabtsamrolichikhliodh_chk","Ignore",0.00,2,0,0.00,1,0,0.00,21.18
NULL,1,"cabtsamrolichikhliodh_chk chikhli","Ignore",0.00,4,0,0.00,1,0,0.00,15.69
NULL,1,"cabtsantoshpurodh_kol","Ignore",0.00,1,0,0.00,0,0,0.00,0.00
NULL,1,"cabtsantoshpurodh_kol kolkata","Ignore",0.00,5,0,0.00,0,0,0.00,0.00
NULL,1,"cabtsaransplitodh_cpr2 saran","Ignore",0.00,0,0,0.00,1,0,0.00,15.93
NULL,1,"cabtsavnerodh_svr savner","Ignore",0.00,4,0,0.00,0,0,0.00,0.00
NULL,1,"cabtseluodh_slu","Ignore",0.00,1,0,0.00,0,0,0.00,0.00
NULL,1,"cabtseluodh_slu selu","Ignore",0.00,2,0,0.00,1,0,0.00,15.69
NULL,1,"cabtshillongodh_shl","Ignore",0.00,1,0,0.00,0,0,0.00,0.00
NULL,1,"cabtshillongodh_shl shillong","Ignore",0.00,3,0,0.00,0,0,0.00,0.00
NULL,1,"cabtsibpurodh_kol","Ignore",0.00,1,0,0.00,0,0,0.00,0.00
NULL,1,"cabtsibpurodh_kol howrah","Ignore",0.00,5,0,0.00,0,0,0.00,0.00
NULL,1,"cabtsongadhodh_sdh songadh","Ignore",0.00,1,0,0.00,0,0,0.00,0.00
NULL,1,"cabtsosyocircleodh_stv surat","Ignore",0.00,14,0,0.00,1,0,0.00,14.48
NULL,1,"cabtsrnagarodh_hyd hyderabad","Ignore",0.00,5,0,0.00,0,0,0.00,0.00
NULL,1,"cabtvisakhavalleysplitodh_vtz","Ignore",0.00,1,0,0.00,0,0,0.00,0.00
NULL,1,"cabtvisakhavalleysplitodh_vtz visakhapatnam","Ignore",0.00,7,0,0.00,0,0,0.00,0.00
NULL,1,"cabtvittlamdh_vit","Ignore",0.00,1,0,0.00,0,0,0.00,0.00
NULL,1,"cabtvittlamdh_vit vittla","Ignore",0.00,2,0,0.00,0,0,0.00,0.00
NULL,1,"calangute, mapusa goa, goa","Ignore",0.00,0,0,0.00,1,0,0.00,16.04
NULL,1,"calicut","Ignore",0.00,71,0,0.00,9,0,0.00,19.59
NULL,1,"calicut apx/sfc pud centr","Ignore",0.00,1,0,0.00,0,0,0.00,0.00
NULL,1,"calicuthub","Ignore",0.00,1,0,0.00,0,0,0.00,0.00
NULL,1,"calicuthub calicut","Ignore",0.00,5,0,0.00,0,0,0.00,0.00
NULL,1,"calp","Ignore",0.00,0,0,0.00,1,0,0.00,36.26
NULL,1,"canacona","Ignore",0.00,1,0,0.00,0,0,0.00,0.00
NULL,1,"canacona hub canacona","Ignore",0.00,1,0,0.00,0,0,0.00,0.00
NULL,1,"canttambalahub_umb","Ignore",0.00,4,0,0.00,0,0,0.00,0.00
NULL,1,"canttambalahub_umb ambala","Ignore",0.00,8,0,0.00,0,0,0.00,0.00
NULL,1,"car/hub, chandigarh, chandigarh","Ignore",0.00,147,0,0.00,3,0,0.00,16.62
NULL,1,"car/kjr, chandigarh, chandigarh","Ignore",0.00,1,0,0.00,0,0,0.00,0.00
NULL,1,"car/ngn, chandigarh, chandigarh","Ignore",0.00,4,0,0.00,0,0,0.00,0.00
NULL,1,"car/rto, ambala, haryana","Ignore",0.00,1,0,0.00,0,0,0.00,0.00
NULL,1,"ccu/ballygunge-tml, kolkata, west bengal","Ignore",0.00,0,0,0.00,1,0,0.00,34.33
NULL,1,"ccu/bla, kolkata, west bengal","Ignore",0.00,1,0,0.00,0,0,0.00,0.00
NULL,1,"ccu/ddm, kolkata, west bengal","Ignore",0.00,1,0,0.00,4,0,0.00,16.29
NULL,1,"ccu/dlp, kolkata, west bengal","Ignore",0.00,1,0,0.00,3,0,0.00,26.91
NULL,1,"ccu/garia-tml, kolkata, west bengal","Ignore",0.00,0,0,0.00,1,0,0.00,14.86
NULL,1,"ccu/hub, kolkata, west bengal","Ignore",0.00,400,0,0.00,1,0,0.00,15.41
NULL,1,"ccu/ib1, kolkata, west bengal","Ignore",0.00,229,0,0.00,11,0,0.00,30.82
NULL,1,"ccu/ib2, kolkata, west bengal","Ignore",0.00,162,0,0.00,3,0,0.00,21.32
NULL,1,"ccu/kakurgachi-tml, kolkata, west bengal","Ignore",0.00,0,0,0.00,1,0,0.00,16.27
NULL,1,"ccu/kestopur-tml, kolkata, west bengal","Ignore",0.00,1,0,0.00,0,0,0.00,0.00
NULL,1,"ccu/noapara-tml, kolkata, west bengal","Ignore",0.00,0,0,0.00,1,0,0.00,14.95
NULL,1,"ccu/patuli-tml, kolkata, west bengal","Ignore",0.00,0,0,0.00,2,0,0.00,34.60
NULL,1,"ccu/pc1, kolkata, west bengal","Ignore",0.00,357,0,0.00,1,0,0.00,43.63
NULL,1,"ccu/pck, kolkata, west bengal","Ignore",0.00,64,0,0.00,0,0,0.00,0.00
NULL,1,"ccu/pfk- tml, kolkata, west bengal","Ignore",0.00,0,0,0.00,1,0,0.00,16.18
NULL,1,"ccu/sodepur-tml, kolkata, west bengal","Ignore",0.00,0,0,0.00,2,0,0.00,16.28
NULL,1,"ccu/tol, kolkata, west bengal","Ignore",0.00,0,0,0.00,4,0,0.00,33.40
NULL,1,"celebrationmallodh_atq amritsar","Ignore",0.00,4,0,0.00,0,0,0.00,0.00
NULL,1,"central depot","Ignore",0.00,25,0,0.00,2,0,0.00,15.12
NULL,1,"cgl/sa-mmm, chengalpet, tamil nadu","Ignore",0.00,0,0,0.00,1,0,0.00,15.56
NULL,1,"cgroad hub","Ignore",0.00,2,0,0.00,0,0,0.00,0.00
NULL,1,"cgroad hub ahmedabad","Ignore",0.00,5,0,0.00,1,0,0.00,14.70
NULL,1,"chaderghathub_hyd","Ignore",0.00,1,0,0.00,1,0,0.00,18.76
NULL,1,"chaderghathub_hyd hyderabad","Ignore",0.00,5,0,0.00,0,0,0.00,0.00
NULL,1,"chaibasa, chaibasa, jharkhand","Ignore",0.00,0,0,0.00,1,0,0.00,14.69
NULL,1,"chakdahahub_cdh nadia","Ignore",0.00,2,0,0.00,0,0,0.00,0.00
NULL,1,"chakkulathukavuhub_cku thiruvalla","Ignore",0.00,2,0,0.00,0,0,0.00,0.00
NULL,1,"chakur","Ignore",0.00,2,0,0.00,0,0,0.00,0.00
NULL,1,"chakurhub_ckr","Ignore",0.00,1,0,0.00,0,0,0.00,0.00
NULL,1,"chalakkudihub_cky","Ignore",0.00,1,0,0.00,0,0,0.00,0.00
NULL,1,"chalakkudihub_cky trisshur","Ignore",0.00,2,0,0.00,1,0,0.00,14.67
NULL,1,"chalanguda","Ignore",0.00,2,0,0.00,0,0,0.00,0.00
NULL,1,"chalisgaon","Ignore",0.00,1,0,0.00,0,0,0.00,0.00
NULL,1,"challakere","Ignore",0.00,3,0,0.00,1,0,0.00,14.82
NULL,1,"challapallihub_cpl machilipatnam","Ignore",0.00,1,0,0.00,0,0,0.00,0.00
NULL,1,"chalsamdh_chl","Ignore",0.00,1,0,0.00,0,0,0.00,0.00
NULL,1,"chalsamdh_chl jalpaiguri","Ignore",0.00,1,0,0.00,0,0,0.00,0.00
NULL,1,"chaltahub_amb","Ignore",0.00,1,0,0.00,0,0,0.00,0.00
NULL,1,"chaltahub_amb sitapur","Ignore",0.00,1,0,0.00,0,0,0.00,0.00
NULL,1,"chambahub_chm chamba","Ignore",0.00,1,0,0.00,0,0,0.00,0.00
NULL,1,"champa","Ignore",0.00,0,0,0.00,4,0,0.00,18.72
NULL,1,"champahub_cmp champa","Ignore",0.00,1,0,0.00,0,0,0.00,0.00
NULL,1,"champasarimdh_chp","Ignore",0.00,2,0,0.00,0,0,0.00,0.00
NULL,1,"champasarimdh_chp champasari","Ignore",0.00,3,0,0.00,0,0,0.00,0.00
NULL,1,"champawa","Ignore",0.00,3,0,0.00,0,0,0.00,0.00
NULL,1,"champawatodh_chm champawa","Ignore",0.00,1,0,0.00,0,0,0.00,0.00
NULL,1,"chanakyapurihub_del","Ignore",0.00,7,0,0.00,0,0,0.00,0.00
NULL,1,"chanakyapurihub_del delhi","Ignore",0.00,24,0,0.00,4,0,0.00,16.06
NULL,1,"chanchal faridabad","Ignore",0.00,0,0,0.00,1,0,0.00,15.47
NULL,1,"chanchel store noida","Ignore",0.00,1,0,0.00,0,0,0.00,0.00
NULL,1,"chandan kumar new delhi","Ignore",0.00,1,0,0.00,0,0,0.00,0.00
NULL,1,"chandan store dehradun","Ignore",0.00,1,0,0.00,0,0,0.00,0.00
NULL,1,"chandankiyarihub_bje","Ignore",0.00,1,0,0.00,0,0,0.00,0.00
NULL,1,"chandannagar","Ignore",0.00,3,0,0.00,0,0,0.00,0.00
NULL,1,"chandannagar hub","Ignore",0.00,1,0,0.00,0,0,0.00,0.00
NULL,1,"chandannagar hub hoogly","Ignore",0.00,6,0,0.00,0,0,0.00,0.00
NULL,1,"chandannagar, chandannagar, west bengal","Ignore",0.00,0,0,0.00,1,0,0.00,15.32
NULL,1,"chandapura, karnataka, in","Ignore",0.00,0,0,0.00,1,0,0.00,17.05
NULL,1,"chandapurhub_blr","Ignore",0.00,1,0,0.00,0,0,0.00,0.00
NULL,1,"chandapurhub_blr bangalore","Ignore",0.00,3,0,0.00,0,0,0.00,0.00
NULL,1,"chandauli","Ignore",0.00,1,0,0.00,1,0,0.00,14.53
NULL,1,"chandausi, chandausi, uttar pradesh","Ignore",0.00,0,0,0.00,4,0,0.00,14.88
NULL,1,"chandhanappalli","Ignore",0.00,2,0,0.00,0,0,0.00,0.00
NULL,1,"chandhanappallihub_cpi chandhanappalli","Ignore",0.00,2,0,0.00,0,0,0.00,0.00
NULL,1,"chandigarh","Ignore",0.00,14,0,0.00,2,0,0.00,23.11
NULL,1,"chandigarh hub","Ignore",0.00,2,0,0.00,0,0,0.00,0.00
NULL,1,"chandigarh hub chandigarh","Ignore",0.00,7,0,0.00,0,0,0.00,0.00
NULL,1,"chandigarh warehouse","Ignore",0.00,20,0,0.00,3,0,0.00,14.60
NULL,1,"chandigarh, chandigarh, chandigarh","Ignore",0.00,0,0,0.00,3,0,0.00,16.37
NULL,1,"chandigarhhub_osh_del badheri","Ignore",0.00,4,0,0.00,0,0,0.00,0.00
NULL,1,"chandigarhroadhub_luh","Ignore",0.00,3,0,0.00,0,0,0.00,0.00
NULL,1,"chandigarhroadhub_luh ludhiana","Ignore",0.00,7,0,0.00,0,0,0.00,0.00
NULL,1,"chandigarhsec38hub_chd","Ignore",0.00,1,0,0.00,0,0,0.00,0.00
NULL,1,"chandigarhsec38hub_chd mohali","Ignore",0.00,7,0,0.00,0,0,0.00,0.00
NULL,1,"chandikhol office","Ignore",0.00,0,0,0.00,1,0,0.00,14.62
NULL,1,"chandkheda etail centre","Ignore",0.00,2,0,0.00,2,0,0.00,35.85
NULL,1,"chandni store gurgaon","Ignore",0.00,1,0,0.00,0,0,0.00,0.00
NULL,1,"chandpurmdh_cnd bijnor","Ignore",0.00,0,0,0.00,1,0,0.00,14.24
NULL,1,"chandra fancy store bangalore","Ignore",0.00,1,0,0.00,0,0,0.00,0.00
NULL,1,"chandra mahesh kirana store noida","Ignore",0.00,1,0,0.00,0,0,0.00,0.00
NULL,1,"chandragiri ap, chandragiri, andhra pradesh","Ignore",0.00,1,0,0.00,0,0,0.00,0.00
NULL,1,"chandragirihub_tpt tirupati","Ignore",0.00,1,0,0.00,0,0,0.00,0.00
NULL,1,"chandrakona","Ignore",0.00,1,0,0.00,0,0,0.00,0.00
NULL,1,"chandrakonahub_cdr chandrakona","Ignore",0.00,1,0,0.00,0,0,0.00,0.00
NULL,1,"chandraprabha meerut","Ignore",0.00,1,0,0.00,0,0,0.00,0.00
NULL,1,"chandrapur","Ignore",0.00,12,0,0.00,0,0,0.00,0.00
NULL,1,"chandrapurhub_cdp chandrapur","Ignore",0.00,4,0,0.00,1,0,0.00,15.16
NULL,1,"chandrasekharpur hub bhubaneshwar","Ignore",0.00,2,0,0.00,0,0,0.00,0.00
NULL,1,"chandrashekharpur","Ignore",0.00,4,0,0.00,10,0,0.00,35.73
NULL,1,"changanacherry","Ignore",0.00,0,0,0.00,2,0,0.00,14.47
NULL,1,"changanassery, kuttanad, kerala","Ignore",0.00,0,0,0.00,1,0,0.00,15.69
NULL,1,"changanassery_cgy tiruvalla","Ignore",0.00,1,0,0.00,0,0,0.00,0.00
NULL,1,"changlang","Ignore",0.00,0,0,0.00,1,0,0.00,20.51
NULL,1,"channagiri","Ignore",0.00,3,0,0.00,0,0,0.00,0.00
NULL,1,"channarayapatna","Ignore",0.00,1,0,0.00,0,0,0.00,0.00
NULL,1,"channarayapatnahub_crp channarayapatna","Ignore",0.00,1,0,0.00,0,0,0.00,0.00
NULL,1,"channasandrahub_blr","Ignore",0.00,1,0,0.00,0,0,0.00,0.00
NULL,1,"channasandrahub_blr bengaluru","Ignore",0.00,5,0,0.00,0,0,0.00,0.00
NULL,1,"channrayapatna","Ignore",0.00,0,0,0.00,1,0,0.00,29.13
NULL,1,"chaparhub_chp dhubri","Ignore",0.00,1,0,0.00,0,0,0.00,0.00
NULL,1,"chaprahub_cpr chapra","Ignore",0.00,2,0,0.00,0,0,0.00,0.00
NULL,1,"charaihub_mum","Ignore",0.00,2,0,0.00,0,0,0.00,0.00
NULL,1,"charaihub_mum mumbai","Ignore",0.00,15,0,0.00,0,0,0.00,0.00
NULL,1,"charumood","Ignore",0.00,3,0,0.00,0,0,0.00,0.00
NULL,1,"charumood, charumood, kerala","Ignore",0.00,0,0,0.00,1,0,0.00,14.43
NULL,1,"charumoodhub_coo","Ignore",0.00,1,0,0.00,0,0,0.00,0.00
NULL,1,"charumoodhub_coo charumood","Ignore",0.00,1,0,0.00,1,0,0.00,14.65
NULL,1,"chatarpur, chatarpur, madhya pradesh","Ignore",0.00,13,0,0.00,5,0,0.00,15.84
NULL,1,"chatrapur","Ignore",0.00,2,0,0.00,1,0,0.00,24.47
NULL,1,"chattral pud","Ignore",0.00,1,0,0.00,0,0,0.00,0.00
NULL,1,"chaturdas barman umaria","Ignore",0.00,0,0,0.00,1,0,0.00,16.49
NULL,1,"chaukaghathub_vns","Ignore",0.00,1,0,0.00,0,0,0.00,0.00
NULL,1,"chaukaghathub_vns varanasi","Ignore",0.00,1,0,0.00,0,0,0.00,0.00
NULL,1,"chaukhub_lko lucknow","Ignore",0.00,1,0,0.00,0,0,0.00,0.00
NULL,1,"chavakkadhub_gyo guruvayoor","Ignore",0.00,1,0,0.00,1,0,0.00,15.02
NULL,1,"chavarattil sunil home thrissur","Ignore",0.00,1,0,0.00,0,0,0.00,0.00
NULL,1,"chebbi, lakshmeshwara, karnataka","Ignore",0.00,1,0,0.00,0,0,0.00,0.00
NULL,1,"chembur (chbr)","Ignore",0.00,1,0,0.00,0,0,0.00,0.00
NULL,1,"chembur hub mumbai","Ignore",0.00,13,0,0.00,0,0,0.00,0.00
NULL,1,"chembursplithub_mum","Ignore",0.00,3,0,0.00,0,0,0.00,0.00
NULL,1,"chembursplithub_mum mumbai","Ignore",0.00,11,0,0.00,0,0,0.00,0.00
NULL,1,"chengalpattuhub_chn chennai","Ignore",0.00,1,0,0.00,0,0,0.00,0.00
NULL,1,"chengamodh_cgm chengam","Ignore",0.00,1,0,0.00,0,0,0.00,0.00
NULL,1,"chengannur","Ignore",0.00,10,0,0.00,1,0,0.00,23.96
NULL,1,"chengannurhub_cnn chengannur","Ignore",0.00,6,0,0.00,0,0,0.00,0.00
NULL,1,"chennai ground wareh","Ignore",0.00,451,0,0.00,0,0,0.00,0.00
NULL,1,"chennai, tamilnadu, in","Ignore",0.00,59,0,0.00,3,0,0.00,16.04
NULL,1,"cherialhub_crl warangal","Ignore",0.00,2,0,0.00,0,0,0.00,0.00
NULL,1,"cherthala_cta","Ignore",0.00,1,0,0.00,0,0,0.00,0.00
NULL,1,"cheruvakkal1, cheruvakkal, kerala","Ignore",0.00,0,0,0.00,1,0,0.00,27.59
NULL,1,"chetan kirana khaknar khandwa","Ignore",0.00,2,0,0.00,0,0,0.00,0.00
NULL,1,"chetan more enterprises khopoli","Ignore",0.00,1,0,0.00,0,0,0.00,0.00
NULL,1,"cheturam bhoi kalahandi","Ignore",0.00,1,0,0.00,0,0,0.00,0.00
NULL,1,"chhaganbhai kirana surat","Ignore",0.00,1,0,0.00,0,0,0.00,0.00
NULL,1,"chhapi, palanpur, gujarat","Ignore",0.00,0,0,0.00,1,0,0.00,15.11
NULL,1,"chhapra office","Ignore",0.00,0,0,0.00,2,0,0.00,14.92
NULL,1,"chhatarpur","Ignore",0.00,15,0,0.00,0,0,0.00,0.00
NULL,1,"chhatarpur, madhya pradesh, in","Ignore",0.00,1,0,0.00,0,0,0.00,0.00
NULL,1,"chhatarpurhub_del","Ignore",0.00,2,0,0.00,0,0,0.00,0.00
NULL,1,"chhatarpurhub_del delhi","Ignore",0.00,9,0,0.00,0,0,0.00,0.00
NULL,1,"chhatralmdh_cht","Ignore",0.00,1,0,0.00,0,0,0.00,0.00
NULL,1,"chhatrapur","Ignore",0.00,2,0,0.00,0,0,0.00,0.00
NULL,1,"chhatrapur, chhatrapur, orissa","Ignore",0.00,0,0,0.00,2,0,0.00,39.48
NULL,1,"chhaygaon","Ignore",0.00,0,0,0.00,1,0,0.00,35.57
NULL,1,"chhibramaumdh_frr","Ignore",0.00,1,0,0.00,0,0,0.00,0.00
NULL,1,"chhibramaumdh_frr farukhabad","Ignore",0.00,2,0,0.00,0,0,0.00,0.00
NULL,1,"chhindwara","Ignore",0.00,3,0,0.00,0,0,0.00,0.00
NULL,1,"chhindwara expansion","Ignore",0.00,0,0,0.00,1,0,0.00,14.82
NULL,1,"chhindwarahub_chh","Ignore",0.00,1,0,0.00,0,0,0.00,0.00
NULL,1,"chhindwarahub_chh chhindwara","Ignore",0.00,2,0,0.00,0,0,0.00,0.00
NULL,1,"chhota bheem store pudukkottai","Ignore",0.00,1,0,0.00,0,0,0.00,0.00
NULL,1,"chidambaram","Ignore",0.00,0,0,0.00,1,0,0.00,29.15
NULL,1,"chidananda_home_kirana bellary","Ignore",0.00,1,0,0.00,0,0,0.00,0.00
NULL,1,"chika, chika hr, haryana","Ignore",0.00,0,0,0.00,2,0,0.00,15.32
NULL,1,"chikalthana","Ignore",0.00,0,0,0.00,3,0,0.00,34.30
NULL,1,"chikhli","Ignore",0.00,6,0,0.00,0,0,0.00,0.00
NULL,1,"chikhli (romh)","Ignore",0.00,1,0,0.00,0,0,0.00,0.00
NULL,1,"chikiti","Ignore",0.00,1,0,0.00,0,0,0.00,0.00
NULL,1,"chikiti, chikiti, orissa","Ignore",0.00,1,0,0.00,0,0,0.00,0.00
NULL,1,"chikitihub_bmp chikiti","Ignore",0.00,1,0,0.00,0,0,0.00,0.00
NULL,1,"chikkaballapura","Ignore",0.00,1,0,0.00,0,0,0.00,0.00
NULL,1,"chikkaballapurahub_cbp chikkaballapura","Ignore",0.00,1,0,0.00,0,0,0.00,0.00
NULL,1,"chikkamagalur, chikkamagalur, karnataka","Ignore",0.00,0,0,0.00,1,0,0.00,20.40
NULL,1,"chikkamagaluru","Ignore",0.00,9,0,0.00,2,0,0.00,32.45
NULL,1,"chikmagalur","Ignore",0.00,3,0,0.00,0,0,0.00,0.00
NULL,1,"chikmagalurhub_ckm chikmagalur","Ignore",0.00,2,0,0.00,0,0,0.00,0.00
NULL,1,"chikodi","Ignore",0.00,2,0,0.00,0,0,0.00,0.00
NULL,1,"chikodihub_chk chikodi","Ignore",0.00,2,0,0.00,0,0,0.00,0.00
NULL,1,"chilakaluripetahub_nrt narasaraopet","Ignore",0.00,3,0,0.00,0,0,0.00,0.00
NULL,1,"chinarpark hub kolkata","Ignore",0.00,6,0,0.00,0,0,0.00,0.00
NULL,1,"chindwara, chindwara, madhya pradesh","Ignore",0.00,0,0,0.00,5,0,0.00,15.92
NULL,1,"chinhat, lucknow, uttar pradesh","Ignore",0.00,0,0,0.00,1,0,0.00,37.30
NULL,1,"chinhathub_lko","Ignore",0.00,1,0,0.00,0,0,0.00,0.00
NULL,1,"chinhathub_lko lucknow","Ignore",0.00,2,0,0.00,0,0,0.00,0.00
NULL,1,"chinnamanur","Ignore",0.00,1,0,0.00,1,0,0.00,27.23
NULL,1,"chinsurah","Ignore",0.00,1,0,0.00,0,0,0.00,0.00
NULL,1,"chintalapudi","Ignore",0.00,1,0,0.00,0,0,0.00,0.00
NULL,1,"chintalapudihub_chn chintalapudi","Ignore",0.00,1,0,0.00,0,0,0.00,0.00
NULL,1,"chintamani","Ignore",0.00,12,0,0.00,0,0,0.00,0.00
NULL,1,"chintamanihub_cmy","Ignore",0.00,1,0,0.00,0,0,0.00,0.00
NULL,1,"chintamanihub_cmy chintamani","Ignore",0.00,11,0,0.00,1,0,0.00,16.57
NULL,1,"chiplun","Ignore",0.00,4,0,0.00,1,0,0.00,15.58
NULL,1,"chiraiyakot","Ignore",0.00,1,0,0.00,0,0,0.00,0.00
NULL,1,"chirala","Ignore",0.00,5,0,0.00,0,0,0.00,0.00
NULL,1,"chirala, andhra pradesh, in","Ignore",0.00,0,0,0.00,2,0,0.00,14.48
NULL,1,"chiralahub_clx chirala","Ignore",0.00,4,0,0.00,1,0,0.00,15.72
NULL,1,"chirawa","Ignore",0.00,1,0,0.00,0,0,0.00,0.00
NULL,1,"chirawamdh_chr chirawa","Ignore",0.00,1,0,0.00,0,0,0.00,0.00
NULL,1,"chirayinkeezhu1, chirayinkeezhu, kerala","Ignore",0.00,0,0,0.00,1,0,0.00,39.92
NULL,1,"chirkunda, dhanbad, jharkhand","Ignore",0.00,1,0,0.00,0,0,0.00,0.00
NULL,1,"chirmirimdh_chr manendragarh","Ignore",0.00,1,0,0.00,0,0,0.00,0.00
NULL,1,"chirodihub_gzd","Ignore",0.00,1,0,0.00,0,0,0.00,0.00
NULL,1,"chirodihub_gzd ghaziabad","Ignore",0.00,1,0,0.00,0,0,0.00,0.00
NULL,1,"chitradurga","Ignore",0.00,1,0,0.00,0,0,0.00,0.00
NULL,1,"chitradurgahub_cdr chitradurga","Ignore",0.00,1,0,0.00,0,0,0.00,0.00
NULL,1,"chitrakoot","Ignore",0.00,0,0,0.00,1,0,0.00,16.20
NULL,1,"chitrakoot, uttar pradesh, in","Ignore",0.00,1,0,0.00,1,0,0.00,27.18
NULL,1,"chitrapurhub_rmt ramgarh","Ignore",0.00,1,0,0.00,0,0,0.00,0.00
NULL,1,"chittoor","Ignore",0.00,9,0,0.00,2,0,0.00,14.95
NULL,1,"chittoorhub_cor chittoor","Ignore",0.00,3,0,0.00,0,0,0.00,0.00
NULL,1,"chittorgarh","Ignore",0.00,4,0,0.00,5,0,0.00,14.75
NULL,1,"chittur","Ignore",0.00,1,0,0.00,0,0,0.00,0.00
NULL,1,"chodavaram","Ignore",0.00,2,0,0.00,2,0,0.00,20.67
NULL,1,"chodavaramhub_chd chodavaram","Ignore",0.00,2,0,0.00,0,0,0.00,0.00
NULL,1,"chohanmdh_chn tanda","Ignore",0.00,3,0,0.00,0,0,0.00,0.00
NULL,1,"chohlasahibmdh_csb tarantaran","Ignore",0.00,1,0,0.00,1,0,0.00,14.90
NULL,1,"chopan, chopan, uttar pradesh","Ignore",0.00,0,0,0.00,1,0,0.00,39.92
NULL,1,"chopra","Ignore",0.00,0,0,0.00,1,0,0.00,14.42
NULL,1,"chotila, surendranagar, gujarat","Ignore",0.00,0,0,0.00,1,0,0.00,33.34
NULL,1,"choudwarhmdh_bbi","Ignore",0.00,1,0,0.00,0,0,0.00,0.00
NULL,1,"choudwarhmdh_bbi jagatpur","Ignore",0.00,1,0,0.00,0,0,0.00,0.00
NULL,1,"choumuhub_jai","Ignore",0.00,1,0,0.00,0,0,0.00,0.00
NULL,1,"choutuppal","Ignore",0.00,1,0,0.00,0,0,0.00,0.00
NULL,1,"chowari, chowari, himachal pradesh","Ignore",0.00,0,0,0.00,1,0,0.00,16.08
NULL,1,"chumukedima","Ignore",0.00,1,0,0.00,0,0,0.00,0.00
NULL,1,"chunar, chunar, uttar pradesh","Ignore",0.00,0,0,0.00,2,0,0.00,15.47
NULL,1,"chunmun store new delhi","Ignore",0.00,1,0,0.00,0,0,0.00,0.00
NULL,1,"churchgate","Ignore",0.00,0,0,0.00,1,0,0.00,15.10
NULL,1,"churu","Ignore",0.00,1,0,0.00,2,0,0.00,14.97
NULL,1,"cidcohub_ndc nanded","Ignore",0.00,1,0,0.00,0,0,0.00,0.00
NULL,1,"cidhambaram store dharmapuri","Ignore",0.00,1,0,0.00,0,0,0.00,0.00
NULL,1,"city- new delhi, state- delhi, in","Ignore",0.00,0,0,0.00,1,0,0.00,19.52
NULL,1,"citycenter hub","Ignore",0.00,2,0,0.00,0,0,0.00,0.00
NULL,1,"citycenter hub gwalior","Ignore",0.00,5,0,0.00,3,0,0.00,17.76
NULL,1,"citycenternoidahub_del","Ignore",0.00,2,0,0.00,0,0,0.00,0.00
NULL,1,"citycenternoidahub_del noida","Ignore",0.00,9,0,0.00,0,0,0.00,0.00
NULL,1,"civil line service centre","Ignore",0.00,3,0,0.00,5,0,0.00,37.00
NULL,1,"civillinehub_bry","Ignore",0.00,1,0,0.00,0,0,0.00,0.00
NULL,1,"civillinehub_bry bareilly","Ignore",0.00,1,0,0.00,0,0,0.00,0.00
NULL,1,"civillinehub_jbl","Ignore",0.00,1,0,0.00,0,0,0.00,0.00
NULL,1,"civillinehub_jbl jabalpur","Ignore",0.00,7,0,0.00,0,0,0.00,0.00
NULL,1,"civillineshub_del","Ignore",0.00,4,0,0.00,0,0,0.00,0.00
NULL,1,"civillineshub_del new delhi","Ignore",0.00,8,0,0.00,0,0,0.00,0.00
NULL,1,"cjam","Ignore",0.00,0,0,0.00,2,0,0.00,27.59
NULL,1,"cjb apx/sfc pud centre","Ignore",0.00,2,0,0.00,0,0,0.00,0.00
NULL,1,"cjb/edp-tml, coimbatore, tamil nadu","Ignore",0.00,0,0,0.00,2,0,0.00,14.54
NULL,1,"cjb/west-tml, coimbatore, tamil nadu","Ignore",0.00,0,0,0.00,3,0,0.00,40.50
NULL,1,"clean india co. ghaziabad","Ignore",0.00,2,0,0.00,0,0,0.00,0.00
NULL,1,"clementtownhub_ded","Ignore",0.00,2,0,0.00,0,0,0.00,0.00
NULL,1,"clementtownhub_ded dehradun","Ignore",0.00,8,0,0.00,0,0,0.00,0.00
NULL,1,"cnvs","Ignore",0.00,0,0,0.00,1,0,0.00,28.90
NULL,1,"cochin transit hubb","Ignore",0.00,5,0,0.00,1,0,0.00,19.42
NULL,1,"cochin transport centre cochin","Ignore",0.00,32,0,0.00,0,0,0.00,0.00
NULL,1,"cod cpu vi","Ignore",0.00,5,0,0.00,0,0,0.00,0.00
NULL,1,"cod processing centre 4","Ignore",0.00,318,0,0.00,0,0,0.00,0.00
NULL,1,"cod processing centre i","Ignore",0.00,1981,0,0.00,0,0,0.00,0.00
NULL,1,"cod processing centre iii","Ignore",0.00,2190,0,0.00,0,0,0.00,0.00
NULL,1,"coimbatore - cja","Ignore",0.00,6,0,0.00,1,0,0.00,16.78
NULL,1,"coimbatore e tail cpu","Ignore",0.00,9,0,0.00,0,0,0.00,0.00
NULL,1,"cok/cok, cochin, kerala","Ignore",0.00,1,0,0.00,0,0,0.00,0.00
NULL,1,"collegeroad hub nashik","Ignore",0.00,14,0,0.00,1,0,0.00,14.56
NULL,1,"connectindiaentallyodh_kol kolkata","Ignore",0.00,2,0,0.00,0,0,0.00,0.00
NULL,1,"connectindianewtownodh_kol kolkata","Ignore",0.00,3,0,0.00,0,0,0.00,0.00
NULL,1,"connectindianewtownsplitodh_kol","Ignore",0.00,1,0,0.00,0,0,0.00,0.00
NULL,1,"conoor, coonoor, tamil nadu","Ignore",0.00,0,0,0.00,2,0,0.00,35.82
NULL,1,"contai","Ignore",0.00,2,0,0.00,2,0,0.00,14.88
NULL,1,"contaihub_cnt contai","Ignore",0.00,2,0,0.00,0,0,0.00,0.00
NULL,1,"coochbehar","Ignore",0.00,4,0,0.00,0,0,0.00,0.00
NULL,1,"cornerroad hub aurangabad","Ignore",0.00,4,0,0.00,0,0,0.00,0.00
NULL,1,"cp branch office","Ignore",0.00,81,0,0.00,1,0,0.00,15.30
NULL,1,"creative market thrissur","Ignore",0.00,1,0,0.00,0,0,0.00,0.00
NULL,1,"cs logistics sangareddy","Ignore",0.00,1,0,0.00,0,0,0.00,0.00
NULL,1,"cuddalore","Ignore",0.00,4,0,0.00,2,0,0.00,29.16
NULL,1,"cuddalore, tamil nadu, in","Ignore",0.00,0,0,0.00,1,0,0.00,14.44
NULL,1,"cuddalorehub_cdl cuddalore","Ignore",0.00,3,0,0.00,0,0,0.00,0.00
NULL,1,"cuddapah, cuddapah, andhra pradesh","Ignore",0.00,0,0,0.00,1,0,0.00,16.20
NULL,1,"cunnighamroadhub_blr bangalore","Ignore",0.00,3,0,0.00,0,0,0.00,0.00
NULL,1,"cuttack hub","Ignore",0.00,1,0,0.00,0,0,0.00,0.00
NULL,1,"cuttack, cuttack, orissa","Ignore",0.00,0,0,0.00,1,0,0.00,17.57
NULL,1,"cuttackcdahub_ctc cuttack","Ignore",0.00,2,0,0.00,0,0,0.00,0.00
NULL,1,"cuttak blue dart express","Ignore",0.00,0,0,0.00,8,0,0.00,34.95
NULL,1,"d bharati reddy chatrapur","Ignore",0.00,2,0,0.00,0,0,0.00,0.00
NULL,1,"dabra","Ignore",0.00,2,0,0.00,1,0,0.00,14.42
NULL,1,"dabra, dabra, madhya pradesh","Ignore",0.00,0,0,0.00,2,0,0.00,15.23
NULL,1,"dabrahub_dab","Ignore",0.00,1,0,0.00,0,0,0.00,0.00
NULL,1,"dabrahub_dab dabra","Ignore",0.00,1,0,0.00,0,0,0.00,0.00
NULL,1,"dabrihub_del","Ignore",0.00,3,0,0.00,0,0,0.00,0.00
NULL,1,"dabrihub_del new delhi","Ignore",0.00,15,0,0.00,0,0,0.00,0.00
NULL,1,"dachepalle","Ignore",0.00,3,0,0.00,0,0,0.00,0.00
NULL,1,"dachepalleodh_dhp","Ignore",0.00,2,0,0.00,0,0,0.00,0.00
NULL,1,"dachepalleodh_dhp dachepalle","Ignore",0.00,2,0,0.00,0,0,0.00,0.00
NULL,1,"dada connexion hoshiarpur","Ignore",0.00,1,0,0.00,0,0,0.00,0.00
NULL,1,"dadarwesthub_mum","Ignore",0.00,3,0,0.00,0,0,0.00,0.00
NULL,1,"dadarwesthub_mum mumbai","Ignore",0.00,16,0,0.00,0,0,0.00,0.00
NULL,1,"dadri","Ignore",0.00,6,0,0.00,0,0,0.00,0.00
NULL,1,"dahanu","Ignore",0.00,5,0,0.00,0,0,0.00,0.00
NULL,1,"dahanuhub_mum","Ignore",0.00,1,0,0.00,0,0,0.00,0.00
NULL,1,"dahanuhub_mum dahanu","Ignore",0.00,1,0,0.00,1,0,0.00,14.56
NULL,1,"dahej","Ignore",0.00,1,0,0.00,0,0,0.00,0.00
NULL,1,"dahejhub_daj dahej","Ignore",0.00,1,0,0.00,0,0,0.00,0.00
NULL,1,"dahod","Ignore",0.00,4,0,0.00,0,0,0.00,0.00
NULL,1,"dalhousie","Ignore",0.00,0,0,0.00,2,0,0.00,14.87
NULL,1,"dalhousie, dalhousie, himachal pradesh","Ignore",0.00,0,0,0.00,1,0,0.00,14.57
NULL,1,"dalhousiehub_kol","Ignore",0.00,2,0,0.00,0,0,0.00,0.00
NULL,1,"dalhousiehub_kol kolkata","Ignore",0.00,4,0,0.00,0,0,0.00,0.00
NULL,1,"dalhousiemdh_chm bakloh","Ignore",0.00,1,0,0.00,0,0,0.00,0.00
NULL,1,"dalip kumar gurgaon","Ignore",0.00,1,0,0.00,0,0,0.00,0.00
NULL,1,"dalkhola office","Ignore",0.00,0,0,0.00,1,0,0.00,14.60
NULL,1,"dalkholahub_dlk raiganj","Ignore",0.00,2,0,0.00,0,0,0.00,0.00
NULL,1,"daltonganj","Ignore",0.00,3,0,0.00,0,0,0.00,0.00
NULL,1,"daltonganjhub_dto daltonganj","Ignore",0.00,2,0,0.00,0,0,0.00,0.00
NULL,1,"daltongunj","Ignore",0.00,0,0,0.00,3,0,0.00,14.70
NULL,1,"dammaiguda","Ignore",0.00,1,0,0.00,4,0,0.00,16.65
NULL,1,"danapur","Ignore",0.00,2,0,0.00,1,0,0.00,14.96
NULL,1,"danapurhub_dnr danapur","Ignore",0.00,2,0,0.00,0,0,0.00,0.00
NULL,1,"dandepally, dandepally, telangana","Ignore",0.00,0,0,0.00,1,0,0.00,38.12
NULL,1,"danish shaikh mumbai","Ignore",0.00,1,0,0.00,0,0,0.00,0.00
NULL,1,"dantewara","Ignore",0.00,3,0,0.00,1,0,0.00,30.85
NULL,1,"dapol","Ignore",0.00,1,0,0.00,0,0,0.00,0.00
NULL,1,"dapoli","Ignore",0.00,0,0,0.00,1,0,0.00,15.23
NULL,1,"dapolimdh_dap dapol","Ignore",0.00,1,0,0.00,0,0,0.00,0.00
NULL,1,"darbhanga","Ignore",0.00,1,0,0.00,0,0,0.00,0.00
NULL,1,"darbhanga reach","Ignore",0.00,0,0,0.00,3,0,0.00,15.05
NULL,1,"darbhanga, darbhanga, bihar","Ignore",0.00,0,0,0.00,2,0,0.00,16.77
NULL,1,"dariaodh_cgh chandigarh","Ignore",0.00,2,0,0.00,0,0,0.00,0.00
NULL,1,"darjeeling","Ignore",0.00,8,0,0.00,0,0,0.00,0.00
NULL,1,"darjeeling hub","Ignore",0.00,1,0,0.00,0,0,0.00,0.00
NULL,1,"darjeeling hub darjeeling","Ignore",0.00,3,0,0.00,0,0,0.00,0.00
NULL,1,"darshan dube khandwa","Ignore",0.00,2,0,0.00,0,0,0.00,0.00
NULL,1,"darshan l home bangalore","Ignore",0.00,1,0,0.00,0,0,0.00,0.00
NULL,1,"darshana jagannath mhatre tarapur","Ignore",0.00,3,0,0.00,0,0,0.00,0.00
NULL,1,"darsi","Ignore",0.00,1,0,0.00,0,0,0.00,0.00
NULL,1,"daruhera","Ignore",0.00,1,0,0.00,1,0,0.00,14.83
NULL,1,"daryaganjhub_del","Ignore",0.00,3,0,0.00,0,0,0.00,0.00
NULL,1,"daryaganjhub_del delhi","Ignore",0.00,27,0,0.00,4,0,0.00,15.79
NULL,1,"das store dehradun","Ignore",0.00,1,0,0.00,0,0,0.00,0.00
NULL,1,"dash store new delhi","Ignore",0.00,1,0,0.00,0,0,0.00,0.00
NULL,1,"dashu store jalpaiguri","Ignore",0.00,1,0,0.00,0,0,0.00,0.00
NULL,1,"dasnahub_del new delhi","Ignore",0.00,2,0,0.00,0,0,0.00,0.00
NULL,1,"daspala - dps","Ignore",0.00,1,0,0.00,0,0,0.00,0.00
NULL,1,"dass kirana store sri ganganagar","Ignore",0.00,1,0,0.00,0,0,0.00,0.00
NULL,1,"dasua","Ignore",0.00,11,0,0.00,0,0,0.00,0.00
NULL,1,"dasuahub_dsu","Ignore",0.00,4,0,0.00,0,0,0.00,0.00
NULL,1,"dasuahub_dsu dasua","Ignore",0.00,6,0,0.00,0,0,0.00,0.00
NULL,1,"dasuya","Ignore",0.00,1,0,0.00,0,0,0.00,0.00
NULL,1,"dasuya, mukerian, punjab","Ignore",0.00,0,0,0.00,1,0,0.00,39.04
NULL,1,"datia","Ignore",0.00,2,0,0.00,0,0,0.00,0.00
NULL,1,"datiahub_dat datia","Ignore",0.00,1,0,0.00,1,0,0.00,15.15
NULL,1,"daund","Ignore",0.00,1,0,0.00,0,0,0.00,0.00
NULL,1,"daundhub_dun daund","Ignore",0.00,1,0,0.00,0,0,0.00,0.00
NULL,1,"dausa","Ignore",0.00,0,0,0.00,4,0,0.00,15.07
NULL,1,"davanagere","Ignore",0.00,1,0,0.00,0,0,0.00,0.00
NULL,1,"davanagere hub davangere","Ignore",0.00,5,0,0.00,0,0,0.00,0.00
NULL,1,"davangere","Ignore",0.00,75,0,0.00,3,0,0.00,14.72
NULL,1,"dave store ahmedabad","Ignore",0.00,1,0,0.00,0,0,0.00,0.00
NULL,1,"davinder kirana ludhiana","Ignore",0.00,1,0,0.00,0,0,0.00,0.00
NULL,1,"dayalnagarspiltodh_day","Ignore",0.00,1,0,0.00,0,0,0.00,0.00
NULL,1,"dayalnagarspiltodh_day visakhapatanam","Ignore",0.00,3,0,0.00,0,0,0.00,0.00
NULL,1,"dayalpurmdh_jlr kartarpur","Ignore",0.00,1,0,0.00,0,0,0.00,0.00
NULL,1,"ddn/ptl, dehradun, uttarakhand","Ignore",0.00,6,0,0.00,2,0,0.00,44.36
NULL,1,"deb prokash hazra house howrah","Ignore",0.00,1,0,0.00,0,0,0.00,0.00
NULL,1,"debagram","Ignore",0.00,1,0,0.00,0,0,0.00,0.00
NULL,1,"debagramhub_deb debagram","Ignore",0.00,1,0,0.00,0,0,0.00,0.00
NULL,1,"debashish mishra kirana bhadrak","Ignore",0.00,1,0,0.00,0,0,0.00,0.00
NULL,1,"deeg, deeg, rajasthan","Ignore",0.00,0,0,0.00,1,0,0.00,15.18
NULL,1,"deepak kulhauli store kanpur","Ignore",0.00,1,0,0.00,0,0,0.00,0.00
NULL,1,"deepak kumar new delhi","Ignore",0.00,2,0,0.00,0,0,0.00,0.00
NULL,1,"deepak store firozabad","Ignore",0.00,1,0,0.00,0,0,0.00,0.00
NULL,1,"deepanshi kirana new delhi","Ignore",0.00,3,0,0.00,0,0,0.00,0.00
NULL,1,"deglur","Ignore",0.00,2,0,0.00,0,0,0.00,0.00
NULL,1,"deglurhub_dgl deglur","Ignore",0.00,1,0,0.00,1,0,0.00,15.95
NULL,1,"dehra","Ignore",0.00,0,0,0.00,1,0,0.00,16.03
NULL,1,"dehradun hub","Ignore",0.00,3,0,0.00,0,0,0.00,0.00
NULL,1,"dehradun hub dehradun","Ignore",0.00,8,0,0.00,0,0,0.00,0.00
NULL,1,"dehradun shimla bypass","Ignore",0.00,1,0,0.00,0,0,0.00,0.00
NULL,1,"dehradun, uttarakhand, in","Ignore",0.00,2,0,0.00,0,0,0.00,0.00
NULL,1,"dehri","Ignore",0.00,1,0,0.00,0,0,0.00,0.00
NULL,1,"del etail hub","Ignore",0.00,11,0,0.00,2,0,0.00,20.22
NULL,1,"del/asv1, new delhi, delhi","Ignore",0.00,4,0,0.00,3,0,0.00,41.35
NULL,1,"del/bdr, new delhi, delhi","Ignore",0.00,1,0,0.00,5,0,0.00,15.75
NULL,1,"del/bgn, new delhi, delhi","Ignore",0.00,2,0,0.00,3,0,0.00,17.05
NULL,1,"del/cdl-ehv, new delhi, delhi","Ignore",0.00,2,0,0.00,0,0,0.00,0.00
NULL,1,"del/dwa, new delhi, delhi","Ignore",0.00,2,0,0.00,9,0,0.00,33.85
NULL,1,"del/edl, new delhi, delhi","Ignore",0.00,1,0,0.00,2,0,0.00,16.30
NULL,1,"del/gdc, new delhi, delhi","Ignore",0.00,3,0,0.00,3,0,0.00,16.55
NULL,1,"del/ggn, delhi ncr, delhi","Ignore",0.00,4,0,0.00,3,0,0.00,15.76
NULL,1,"del/gna-ehv, delhi ncr, delhi","Ignore",0.00,7,0,0.00,0,0,0.00,0.00
NULL,1,"del/gna, delhi ncr, delhi","Ignore",0.00,2,0,0.00,2,0,0.00,15.44
NULL,1,"del/gna1, delhi ncr, delhi","Ignore",0.00,1,0,0.00,3,0,0.00,27.48
NULL,1,"del/gtn, delhi ncr, delhi","Ignore",0.00,2,0,0.00,4,0,0.00,15.74
NULL,1,"del/gzb, delhi ncr, delhi","Ignore",0.00,3,0,0.00,2,0,0.00,30.82
NULL,1,"del/gzb1, delhi ncr, delhi","Ignore",0.00,2,0,0.00,0,0,0.00,0.00
NULL,1,"del/ib1, delhi ncr, delhi","Ignore",0.00,1,0,0.00,0,0,0.00,0.00
NULL,1,"del/ib2, delhi ncr, delhi","Ignore",0.00,2286,0,0.00,89,0,0.00,22.38
NULL,1,"del/klj, new delhi, delhi","Ignore",0.00,2,0,0.00,3,0,0.00,15.31
NULL,1,"del/kmp1, new delhi, delhi","Ignore",0.00,1,0,0.00,4,0,0.00,16.91
NULL,1,"del/lds, new delhi, delhi","Ignore",0.00,0,0,0.00,4,0,0.00,37.78
NULL,1,"del/lh2, new delhi, delhi","Ignore",0.00,45,0,0.00,2,0,0.00,20.02
NULL,1,"del/mbr, delhi ncr, delhi","Ignore",0.00,5,0,0.00,6,0,0.00,16.23
NULL,1,"del/mgk, new delhi, delhi","Ignore",0.00,1,0,0.00,3,0,0.00,16.13
NULL,1,"del/mka, delhi ncr, delhi","Ignore",0.00,3,0,0.00,4,0,0.00,35.49
NULL,1,"del/mvr, delhi ncr, delhi","Ignore",0.00,5,0,0.00,0,0,0.00,0.00
NULL,1,"del/ndl, new delhi, delhi","Ignore",0.00,3,0,0.00,6,0,0.00,40.77
NULL,1,"del/nfg, new delhi, delhi","Ignore",0.00,0,0,0.00,4,0,0.00,41.22
NULL,1,"del/noida-ehv, delhi ncr, delhi","Ignore",0.00,4,0,0.00,0,0,0.00,0.00
NULL,1,"del/okh, delhi ncr, delhi","Ignore",0.00,1025,0,0.00,1,0,0.00,16.64
NULL,1,"del/pc1, delhi ncr, delhi","Ignore",0.00,3666,0,0.00,57,0,0.00,26.33
NULL,1,"del/ptn, new delhi, delhi","Ignore",0.00,1,0,0.00,1,0,0.00,14.31
NULL,1,"del/rgn, new delhi, delhi","Ignore",0.00,0,0,0.00,1,0,0.00,15.32
NULL,1,"del/rkp, new delhi, delhi","Ignore",0.00,3,0,0.00,10,0,0.00,41.58
NULL,1,"del/rto, delhi ncr, delhi","Ignore",0.00,6,0,0.00,1,0,0.00,14.77
NULL,1,"del/sangamvihar, new delhi, delhi","Ignore",0.00,2,0,0.00,7,0,0.00,16.65
NULL,1,"del/sde, new delhi, delhi","Ignore",0.00,1,0,0.00,2,0,0.00,15.49
NULL,1,"del/sdl-ehv, new delhi, delhi","Ignore",0.00,1,0,0.00,0,0,0.00,0.00
NULL,1,"del/skn, new delhi, delhi","Ignore",0.00,0,0,0.00,6,0,0.00,39.57
NULL,1,"del/skr, new delhi, delhi","Ignore",0.00,0,0,0.00,7,0,0.00,15.62
NULL,1,"del/spj, new delhi, delhi","Ignore",0.00,4,0,0.00,2,0,0.00,15.24
NULL,1,"del/tln, new delhi, delhi","Ignore",0.00,1,0,0.00,1,0,0.00,14.90
NULL,1,"del/utn, new delhi, delhi","Ignore",0.00,0,0,0.00,3,0,0.00,14.95
NULL,1,"del/wdl, delhi ncr, delhi","Ignore",0.00,1409,0,0.00,7,0,0.00,16.39
NULL,1,"delfastnarsingiodh_hyd","Ignore",0.00,1,0,0.00,0,0,0.00,0.00
NULL,1,"delfastnarsingiodh_hyd hyderabad","Ignore",0.00,5,0,0.00,0,0,0.00,0.00
NULL,1,"delfastphirangipuramodh_phi phirangipuram","Ignore",0.00,2,0,0.00,0,0,0.00,0.00
NULL,1,"delfastthiruvuruodh_thv tiruvuru","Ignore",0.00,2,0,0.00,0,0,0.00,0.00
NULL,1,"delhi cantonment","Ignore",0.00,3,0,0.00,3,0,0.00,15.92
NULL,1,"delhi, delhi, in","Ignore",0.00,2,0,0.00,0,0,0.00,0.00
NULL,1,"delivery pickup soukya rd","Ignore",0.00,26,0,0.00,0,0,0.00,0.00
NULL,1,"deobhoghub_rpr raipur","Ignore",0.00,2,0,0.00,0,0,0.00,0.00
NULL,1,"deogarhmdh_dgh mahulpalli","Ignore",0.00,1,0,0.00,0,0,0.00,0.00
NULL,1,"deoghar","Ignore",0.00,1,0,0.00,0,0,0.00,0.00
NULL,1,"deoghar, deoghar, jharkhand","Ignore",0.00,4,0,0.00,1,0,0.00,14.38
NULL,1,"deoria","Ignore",0.00,1,0,0.00,0,0,0.00,0.00
NULL,1,"dependoadavisrirampurodh_adr karim nagar","Ignore",0.00,2,0,0.00,0,0,0.00,0.00
NULL,1,"dependobanarpalodh_ang angul","Ignore",0.00,1,0,0.00,1,0,0.00,14.95
NULL,1,"dependokaliachakodh_ktj","Ignore",0.00,1,0,0.00,0,0,0.00,0.00
NULL,1,"dependotollygunjodh_kol","Ignore",0.00,1,0,0.00,0,0,0.00,0.00
NULL,1,"dependotollygunjodh_kol kolkata","Ignore",0.00,7,0,0.00,0,0,0.00,0.00
NULL,1,"derabassi","Ignore",0.00,4,0,0.00,0,0,0.00,0.00
NULL,1,"derabassiodh_dsb derabassi","Ignore",0.00,1,0,0.00,0,0,0.00,0.00
NULL,1,"desai","Ignore",0.00,2,0,0.00,0,0,0.00,0.00
NULL,1,"desaiganjmdh_des desai","Ignore",0.00,2,0,0.00,0,0,0.00,0.00
NULL,1,"deulgaon raja","Ignore",0.00,2,0,0.00,0,0,0.00,0.00
NULL,1,"dev kumar kirana new delhi","Ignore",0.00,1,0,0.00,0,0,0.00,0.00
NULL,1,"devadurga","Ignore",0.00,2,0,0.00,0,0,0.00,0.00
NULL,1,"devadurgahub_dvd devadurga","Ignore",0.00,2,0,0.00,0,0,0.00,0.00
NULL,1,"devajit medak north lakhimpur","Ignore",0.00,1,0,0.00,0,0,0.00,0.00
NULL,1,"devakottaihub_dko sivaganga","Ignore",0.00,1,0,0.00,0,0,0.00,0.00
NULL,1,"devanahalli","Ignore",0.00,2,0,0.00,0,0,0.00,0.00
NULL,1,"devanahallihub_dhl","Ignore",0.00,1,0,0.00,0,0,0.00,0.00
NULL,1,"devanahallihub_dhl devanahalli","Ignore",0.00,2,0,0.00,0,0,0.00,0.00
NULL,1,"devarasugur","Ignore",0.00,1,0,0.00,0,0,0.00,0.00
NULL,1,"devarsugurhub_dvs devarasugur","Ignore",0.00,0,0,0.00,1,0,0.00,15.61
NULL,1,"devashish new delhi","Ignore",0.00,1,0,0.00,0,0,0.00,0.00
NULL,1,"devendra ramchandra yadav jawhar","Ignore",0.00,2,0,0.00,0,0,0.00,0.00
NULL,1,"devesh general store new delhi","Ignore",0.00,1,0,0.00,0,0,0.00,0.00
NULL,1,"devgad, devgad, maharashtra","Ignore",0.00,0,0,0.00,1,0,0.00,15.30
NULL,1,"devgan medical store amritsar","Ignore",0.00,1,0,0.00,0,0,0.00,0.00
NULL,1,"devi spray painting works bangalore","Ignore",0.00,1,0,0.00,0,0,0.00,0.00
NULL,1,"devi store dlf gurgaon","Ignore",0.00,3,0,0.00,0,0,0.00,0.00
NULL,1,"devtadin saroj vasai","Ignore",0.00,1,0,0.00,0,0,0.00,0.00
NULL,1,"dewandighihub_bdm","Ignore",0.00,2,0,0.00,0,0,0.00,0.00
NULL,1,"dewandighihub_bdm burdwan","Ignore",0.00,3,0,0.00,0,0,0.00,0.00
NULL,1,"dewas","Ignore",0.00,3,0,0.00,0,0,0.00,0.00
NULL,1,"dewashub_dws dewas","Ignore",0.00,2,0,0.00,0,0,0.00,0.00
NULL,1,"dgp kiryana store hisar","Ignore",0.00,1,0,0.00,0,0,0.00,0.00
NULL,1,"dgr/hub, durgapur, west bengal","Ignore",0.00,35,0,0.00,0,0,0.00,0.00
NULL,1,"dhakahub_dhk east champaran","Ignore",0.00,1,0,0.00,0,0,0.00,0.00
NULL,1,"dhakuakhana","Ignore",0.00,1,0,0.00,0,0,0.00,0.00
NULL,1,"dhampur","Ignore",0.00,5,0,0.00,0,0,0.00,0.00
NULL,1,"dhampurhub_dhm dhampur","Ignore",0.00,4,0,0.00,0,0,0.00,0.00
NULL,1,"dhamtari","Ignore",0.00,0,0,0.00,2,0,0.00,27.15
NULL,1,"dhanaura","Ignore",0.00,1,0,0.00,0,0,0.00,0.00
NULL,1,"dhanaura, uttar pradesh, in","Ignore",0.00,0,0,0.00,1,0,0.00,36.86
NULL,1,"dhanbad","Ignore",0.00,2,0,0.00,0,0,0.00,0.00
NULL,1,"dhanbad, dhanbad, jharkhand","Ignore",0.00,0,0,0.00,3,0,0.00,15.68
NULL,1,"dhandeep kirana store kheda","Ignore",0.00,2,0,0.00,0,0,0.00,0.00
NULL,1,"dhandhuka","Ignore",0.00,1,0,0.00,0,0,0.00,0.00
NULL,1,"dhandhukamdh_dhn dhandhuka","Ignore",0.00,2,0,0.00,0,0,0.00,0.00
NULL,1,"dhankawadi hub","Ignore",0.00,3,0,0.00,0,0,0.00,0.00
NULL,1,"dhanpal kushwah shivpuri","Ignore",0.00,1,0,0.00,0,0,0.00,0.00
NULL,1,"dhanpura","Ignore",0.00,3,0,0.00,0,0,0.00,0.00
NULL,1,"dhanpuramdh_dhn","Ignore",0.00,1,0,0.00,0,0,0.00,0.00
NULL,1,"dhanpuramdh_dhn dhanpura","Ignore",0.00,3,0,0.00,0,0,0.00,0.00
NULL,1,"dhanpurhub_ixa agartala","Ignore",0.00,1,0,0.00,0,0,0.00,0.00
NULL,1,"dhar","Ignore",0.00,5,0,0.00,0,0,0.00,0.00
NULL,1,"dharampal sirsa","Ignore",0.00,1,0,0.00,0,0,0.00,0.00
NULL,1,"dharampur","Ignore",0.00,0,0,0.00,3,0,0.00,35.85
NULL,1,"dharamsala","Ignore",0.00,4,0,0.00,0,0,0.00,0.00
NULL,1,"dharamsalahub_dms dharamsala","Ignore",0.00,4,0,0.00,0,0,0.00,0.00
NULL,1,"dharamshala","Ignore",0.00,1,0,0.00,1,0,0.00,16.07
NULL,1,"dharapuram","Ignore",0.00,1,0,0.00,0,0,0.00,0.00
NULL,1,"dharm","Ignore",0.00,1,0,0.00,0,0,0.00,0.00
NULL,1,"dharmabadmdh_dha dharm","Ignore",0.00,1,0,0.00,0,0,0.00,0.00
NULL,1,"dharmapuri","Ignore",0.00,2,0,0.00,1,0,0.00,14.45
NULL,1,"dharmapurihub_dmp dharmapuri","Ignore",0.00,2,0,0.00,0,0,0.00,0.00
NULL,1,"dharmavaram","Ignore",0.00,3,0,0.00,0,0,0.00,0.00
NULL,1,"dharuhera, dharuhera, haryana","Ignore",0.00,0,0,0.00,1,0,0.00,15.25
NULL,1,"dharwad hub dharwad","Ignore",0.00,2,0,0.00,0,0,0.00,0.00
NULL,1,"dheeraj kirana store patiala","Ignore",0.00,2,0,0.00,0,0,0.00,0.00
NULL,1,"dhekiajuli","Ignore",0.00,2,0,0.00,0,0,0.00,0.00
NULL,1,"dhemaji","Ignore",0.00,1,0,0.00,0,0,0.00,0.00
NULL,1,"dhemajihub_dmc dhemaji","Ignore",0.00,1,0,0.00,0,0,0.00,0.00
NULL,1,"dhena fancy thrissur","Ignore",0.00,2,0,0.00,0,0,0.00,0.00
NULL,1,"dhenkanalhub_dnk dhenkanal","Ignore",0.00,4,0,0.00,0,0,0.00,0.00
NULL,1,"dhl logistic ltd","Ignore",0.00,15,0,0.00,0,0,0.00,0.00
NULL,1,"dholka","Ignore",0.00,0,0,0.00,1,0,0.00,15.54
NULL,1,"dhrol","Ignore",0.00,0,0,0.00,2,0,0.00,39.48
NULL,1,"dhubri","Ignore",0.00,4,0,0.00,0,0,0.00,0.00
NULL,1,"dhubrihub_dbb dhubri","Ignore",0.00,1,0,0.00,0,0,0.00,0.00
NULL,1,"dhulagarh","Ignore",0.00,3,0,0.00,0,0,0.00,0.00
NULL,1,"dhule","Ignore",0.00,6,0,0.00,2,0,0.00,14.65
NULL,1,"dhulehub_dhl","Ignore",0.00,1,0,0.00,0,0,0.00,0.00
NULL,1,"dhulehub_dhl dhule","Ignore",0.00,5,0,0.00,0,0,0.00,0.00
NULL,1,"dhuri, dhuri, punjab","Ignore",0.00,0,0,0.00,1,0,0.00,14.49
NULL,1,"dibrugarh","Ignore",0.00,1,0,0.00,1,0,0.00,50.01
NULL,1,"dibrugarh, dibrugarh, assam","Ignore",0.00,6,0,0.00,0,0,0.00,0.00
NULL,1,"dichpallyhub_nzb nizamabad","Ignore",0.00,1,0,0.00,0,0,0.00,0.00
NULL,1,"digboi","Ignore",0.00,1,0,0.00,0,0,0.00,0.00
NULL,1,"digra","Ignore",0.00,1,0,0.00,0,0,0.00,0.00
NULL,1,"digrawsmdh_dig digra","Ignore",0.00,1,0,0.00,0,0,0.00,0.00
NULL,1,"diksha kirana store gurgaon","Ignore",0.00,1,0,0.00,0,0,0.00,0.00
NULL,1,"dilshad store new delhi","Ignore",0.00,1,0,0.00,0,0,0.00,0.00
NULL,1,"dilshadgardenhub_del","Ignore",0.00,7,0,0.00,0,0,0.00,0.00
NULL,1,"dimapur","Ignore",0.00,1,0,0.00,0,0,0.00,0.00
NULL,1,"dimapur, dimapur, nagaland","Ignore",0.00,2,0,0.00,0,0,0.00,0.00
NULL,1,"dinaodh_dna","Ignore",0.00,1,0,0.00,0,0,0.00,0.00
NULL,1,"dindigul","Ignore",0.00,8,0,0.00,2,0,0.00,14.43
NULL,1,"dindigul hub dindigul","Ignore",0.00,1,0,0.00,0,0,0.00,0.00
NULL,1,"dinesh kirana new delhi","Ignore",0.00,1,0,0.00,0,0,0.00,0.00
NULL,1,"dinhata","Ignore",0.00,1,0,0.00,0,0,0.00,0.00
NULL,1,"dinhata, dinhata, west bengal","Ignore",0.00,1,0,0.00,0,0,0.00,0.00
NULL,1,"dipankar rajkhowa sibsagar","Ignore",0.00,1,0,0.00,0,0,0.00,0.00
NULL,1,"diphu office","Ignore",0.00,0,0,0.00,1,0,0.00,15.57
NULL,1,"dishant enterprises palanpur","Ignore",0.00,1,0,0.00,0,0,0.00,0.00
NULL,1,"districtparkhub_del","Ignore",0.00,7,0,0.00,0,0,0.00,0.00
NULL,1,"districtparkhub_del new delhi","Ignore",0.00,20,0,0.00,0,0,0.00,0.00
NULL,1,"dixit games gondal","Ignore",0.00,1,0,0.00,0,0,0.00,0.00
NULL,1,"dk sharma haridwar","Ignore",0.00,1,0,0.00,0,0,0.00,0.00
NULL,1,"dku, kalyan, maharashtra","Ignore",0.00,1,0,0.00,1,0,0.00,32.88
NULL,1,"dlf e-tail center","Ignore",0.00,21,0,0.00,3,0,0.00,15.72
NULL,1,"dlfphase1 hub","Ignore",0.00,6,0,0.00,0,0,0.00,0.00
NULL,1,"dnb/hub, dhanbad, jharkhand","Ignore",0.00,56,0,0.00,1,0,0.00,18.78
NULL,1,"dngr","Ignore",0.00,11,0,0.00,13,0,0.00,33.06
NULL,1,"dobbaspet","Ignore",0.00,38,0,0.00,0,0,0.00,0.00
NULL,1,"domalgudahub_hyd","Ignore",0.00,3,0,0.00,0,0,0.00,0.00
NULL,1,"domalgudahub_hyd hyderabad","Ignore",0.00,5,0,0.00,0,0,0.00,0.00
NULL,1,"dombivali bdel","Ignore",0.00,2,0,0.00,5,0,0.00,14.93
NULL,1,"dombivli hub","Ignore",0.00,2,0,0.00,0,0,0.00,0.00
NULL,1,"dombivli hub mumbai","Ignore",0.00,11,0,0.00,0,0,0.00,0.00
NULL,1,"dombivli, maharashtra, in","Ignore",0.00,0,0,0.00,1,0,0.00,20.02
NULL,1,"dombivliwest, mumbai, maharashtra","Ignore",0.00,0,0,0.00,1,0,0.00,14.77
NULL,1,"domlurhub_blr","Ignore",0.00,1,0,0.00,0,0,0.00,0.00
NULL,1,"domlurhub_blr bengalore","Ignore",0.00,8,0,0.00,0,0,0.00,0.00
NULL,1,"dommasandrasplitodh_dmn bangalore","Ignore",0.00,4,0,0.00,0,0,0.00,0.00
NULL,1,"dosarka","Ignore",0.00,1,0,0.00,0,0,0.00,0.00
NULL,1,"dosarkahub_dos dosarka","Ignore",0.00,1,0,0.00,0,0,0.00,0.00
NULL,1,"dua store new delhi","Ignore",0.00,1,0,0.00,0,0,0.00,0.00
NULL,1,"dudukaodh_ddk sundargarh","Ignore",0.00,1,0,0.00,0,0,0.00,0.00
NULL,1,"duliajan","Ignore",0.00,1,0,0.00,0,0,0.00,0.00
NULL,1,"duliajanhub_dln duliajan","Ignore",0.00,1,0,0.00,0,0,0.00,0.00
NULL,1,"dumdum cod centre","Ignore",0.00,0,0,0.00,10,0,0.00,15.43
NULL,1,"dumraon, dumraon, bihar","Ignore",0.00,0,0,0.00,1,0,0.00,18.72
NULL,1,"dundigal","Ignore",0.00,1,0,0.00,0,0,0.00,0.00
NULL,1,"dungarpur h.o","Ignore",0.00,3,0,0.00,1,0,0.00,25.68
NULL,1,"durga stores musiri","Ignore",0.00,1,0,0.00,0,0,0.00,0.00
NULL,1,"durgachakmdh_hld haldia","Ignore",0.00,2,0,0.00,0,0,0.00,0.00
NULL,1,"durgapur","Ignore",0.00,4,0,0.00,6,0,0.00,15.15
NULL,1,"durgapur, durgapur, west bengal","Ignore",0.00,0,0,0.00,3,0,0.00,16.41
NULL,1,"dutt store new delhi","Ignore",0.00,3,0,0.00,0,0,0.00,0.00
NULL,1,"dvg/hub, davangere, karnataka","Ignore",0.00,41,0,0.00,0,0,0.00,0.00
NULL,1,"dwarahat","Ignore",0.00,0,0,0.00,1,0,0.00,31.69
NULL,1,"dwarakatirumulahub_dtm bhimadole","Ignore",0.00,2,0,0.00,0,0,0.00,0.00
NULL,1,"dwarika service centre","Ignore",0.00,0,0,0.00,1,0,0.00,17.85
NULL,1,"dwarka","Ignore",0.00,1,0,0.00,4,0,0.00,29.75
NULL,1,"dwarka hub","Ignore",0.00,10,0,0.00,0,0,0.00,0.00
NULL,1,"dwarkagujarathub_dwk dwarka","Ignore",0.00,1,0,0.00,0,0,0.00,0.00
NULL,1,"eagle boys master vijayawada","Ignore",0.00,3,0,0.00,0,0,0.00,0.00
NULL,1,"eamandhi padma sri master kirana store kakinada","Ignore",0.00,1,0,0.00,0,0,0.00,0.00
NULL,1,"east champaran","Ignore",0.00,3,0,0.00,0,0,0.00,0.00
NULL,1,"east delhi","Ignore",0.00,21,0,0.00,0,0,0.00,0.00
NULL,1,"east delhi etail","Ignore",0.00,0,0,0.00,4,0,0.00,29.88
NULL,1,"east godavari","Ignore",0.00,6,0,0.00,1,0,0.00,15.61
NULL,1,"easy service salem","Ignore",0.00,1,0,0.00,0,0,0.00,0.00
NULL,1,"ecilhub_hyd","Ignore",0.00,2,0,0.00,0,0,0.00,0.00
NULL,1,"ecilhub_hyd hyderabad","Ignore",0.00,7,0,0.00,0,0,0.00,0.00
NULL,1,"ecityhub_blr","Ignore",0.00,2,0,0.00,0,0,0.00,0.00
NULL,1,"ecityhub_blr bengaluru","Ignore",0.00,8,0,0.00,0,0,0.00,0.00
NULL,1,"ecityphase2temphub_blr","Ignore",0.00,1,0,0.00,0,0,0.00,0.00
NULL,1,"ecityphase2temphub_blr bangalore","Ignore",0.00,1,0,0.00,0,0,0.00,0.00
NULL,1,"edappal","Ignore",0.00,6,0,0.00,0,0,0.00,0.00
NULL,1,"edappally","Ignore",0.00,1,0,0.00,3,0,0.00,14.85
NULL,1,"egmore","Ignore",0.00,1,0,0.00,1,0,0.00,14.65
NULL,1,"egmore cod processing","Ignore",0.00,7,0,0.00,0,0,0.00,0.00
NULL,1,"egra","Ignore",0.00,4,0,0.00,0,0,0.00,0.00
NULL,1,"egrahub_mdn egra","Ignore",0.00,3,0,0.00,1,0,0.00,14.43
NULL,1,"eighthmilehub_blr bengaluru","Ignore",0.00,3,0,0.00,0,0,0.00,0.00
NULL,1,"ekl-medchal","Ignore",0.00,12,0,0.00,0,0,0.00,0.00
NULL,1,"ekl_surathub_stx","Ignore",0.00,201,0,0.00,0,0,0.00,0.00
NULL,1,"elamakkarahub_cok","Ignore",0.00,1,0,0.00,0,0,0.00,0.00
NULL,1,"elamakkarahub_cok cochin","Ignore",0.00,6,0,0.00,0,0,0.00,0.00
NULL,1,"elastcrunpipariyaodh_ppy","Ignore",0.00,1,0,0.00,0,0,0.00,0.00
NULL,1,"elastcrunpipariyaodh_ppy hoshangabad","Ignore",0.00,1,0,0.00,0,0,0.00,0.00
NULL,1,"elasticrunalappadodh_app","Ignore",0.00,1,0,0.00,0,0,0.00,0.00
NULL,1,"elasticrunalappadodh_app sasthamcotta","Ignore",0.00,1,0,0.00,0,0,0.00,0.00
NULL,1,"elasticrunambahodh_amb","Ignore",0.00,1,0,0.00,0,0,0.00,0.00
NULL,1,"elasticrunambahodh_amb morena","Ignore",0.00,1,0,0.00,0,0,0.00,0.00
NULL,1,"elasticrunambikapurodh_amr ambikapur","Ignore",0.00,2,0,0.00,1,0,0.00,15.77
NULL,1,"elasticrunambikapurspiltodh_akb bishrampur","Ignore",0.00,0,0,0.00,1,0,0.00,14.71
NULL,1,"elasticrunanuppurodh_anp anuppur","Ignore",0.00,0,0,0.00,2,0,0.00,16.03
NULL,1,"elasticrunaundhodh_and","Ignore",0.00,1,0,0.00,0,0,0.00,0.00
NULL,1,"elasticrunaundhodh_and pune","Ignore",0.00,7,0,0.00,0,0,0.00,0.00
NULL,1,"elasticrunbadlapurodh_bdp thane","Ignore",0.00,5,0,0.00,0,0,0.00,0.00
NULL,1,"elasticrunbaidyabatiodh_bae chandannagar","Ignore",0.00,1,0,0.00,0,0,0.00,0.00
NULL,1,"elasticrunbawalodh_baw rewari","Ignore",0.00,0,0,0.00,1,0,0.00,15.31
NULL,1,"elasticrunbhawanipurodh_kol kolkata","Ignore",0.00,6,0,0.00,0,0,0.00,0.00
NULL,1,"elasticrunbhubaneswarodh_bbi","Ignore",0.00,2,0,0.00,0,0,0.00,0.00
NULL,1,"elasticrunbhubaneswarodh_bbi bhubaneswar","Ignore",0.00,3,0,0.00,0,0,0.00,0.00
NULL,1,"elasticrunbhubanodh_bbn bhuban","Ignore",0.00,2,0,0.00,0,0,0.00,0.00
NULL,1,"elasticrunbiaoraodh_bia","Ignore",0.00,1,0,0.00,0,0,0.00,0.00
NULL,1,"elasticrunbiaoraodh_bia rajgarh","Ignore",0.00,1,0,0.00,0,0,0.00,0.00
NULL,1,"elasticrunbidarodh_bdr bidar","Ignore",0.00,2,0,0.00,0,0,0.00,0.00
NULL,1,"elasticrunbonaigarhodh_bng bonaigarh","Ignore",0.00,1,0,0.00,0,0,0.00,0.00
NULL,1,"elasticrunbowenpallyodh_hyd hyderabad","Ignore",0.00,1,0,0.00,0,0,0.00,0.00
NULL,1,"elasticrunchalisgaonodh_chl chalisgaon","Ignore",0.00,0,0,0.00,1,0,0.00,15.32
NULL,1,"elasticrunchandrasekharpurodh_bbi bhubaneswar","Ignore",0.00,1,0,0.00,0,0,0.00,0.00
NULL,1,"elasticrunchinarparkspiltodh_kol","Ignore",0.00,1,0,0.00,0,0,0.00,0.00
NULL,1,"elasticrunchiplunodh_cpl chiplun","Ignore",0.00,4,0,0.00,0,0,0.00,0.00
NULL,1,"elasticrundahisarodh_mum mumbai","Ignore",0.00,11,0,0.00,0,0,0.00,0.00
NULL,1,"elasticrundahododh_dhd dahod","Ignore",0.00,4,0,0.00,0,0,0.00,0.00
NULL,1,"elasticrundhapamdh_kol kolkata","Ignore",0.00,2,0,0.00,1,0,0.00,15.17
NULL,1,"elasticrundharmavaramodh_dmv dharmavaram","Ignore",0.00,3,0,0.00,0,0,0.00,0.00
NULL,1,"elasticrundumdumodh_kol kolkata","Ignore",0.00,4,0,0.00,0,0,0.00,0.00
NULL,1,"elasticrungadagodh_gag gadag","Ignore",0.00,1,0,0.00,0,0,0.00,0.00
NULL,1,"elasticrungaurellaodh_gla gaurella","Ignore",0.00,1,0,0.00,0,0,0.00,0.00
NULL,1,"elasticrungirishparkodh_kol kolkata","Ignore",0.00,5,0,0.00,0,0,0.00,0.00
NULL,1,"elasticrungokavaramodh_gvm east godavari","Ignore",0.00,1,0,0.00,0,0,0.00,0.00
NULL,1,"elasticrungovernorpetodh_gov","Ignore",0.00,1,0,0.00,0,0,0.00,0.00
NULL,1,"elasticrungovernorpetodh_gov vijayawada","Ignore",0.00,3,0,0.00,0,0,0.00,0.00
NULL,1,"elasticrungudiyathamodh_gdm gudiyattam","Ignore",0.00,6,0,0.00,0,0,0.00,0.00
NULL,1,"elasticrunguskaraodh_gkh","Ignore",0.00,1,0,0.00,0,0,0.00,0.00
NULL,1,"elasticrunguskaraodh_gkh guskhara","Ignore",0.00,1,0,0.00,0,0,0.00,0.00
NULL,1,"elasticrunhardoiodh_hrd","Ignore",0.00,1,0,0.00,0,0,0.00,0.00
NULL,1,"elasticrunhardoiodh_hrd hardoi","Ignore",0.00,2,0,0.00,0,0,0.00,0.00
NULL,1,"elasticrunindoreodh_idr","Ignore",0.00,1,0,0.00,0,0,0.00,0.00
NULL,1,"elasticrunindoreodh_idr indore","Ignore",0.00,8,0,0.00,0,0,0.00,0.00
NULL,1,"elasticrunjagachaodh_kol howrah","Ignore",0.00,2,0,0.00,0,0,0.00,0.00
NULL,1,"elasticrunjaipatnaodh_jpn","Ignore",0.00,1,0,0.00,0,0,0.00,0.00
NULL,1,"elasticrunjaipatnaodh_jpn jaipatna","Ignore",0.00,2,0,0.00,0,0,0.00,0.00
NULL,1,"elasticrunjaripatkaodh_nag","Ignore",0.00,1,0,0.00,0,0,0.00,0.00
NULL,1,"elasticrunjaripatkaodh_nag nagpur","Ignore",0.00,11,0,0.00,0,0,0.00,0.00
NULL,1,"elasticrunjublieehillsodh_hyd hyderabad","Ignore",0.00,8,0,0.00,0,0,0.00,0.00
NULL,1,"elasticrunkadiriodh_kdr anantapur","Ignore",0.00,3,0,0.00,0,0,0.00,0.00
NULL,1,"elasticrunkakdwipodh_kwk kakdwip","Ignore",0.00,1,0,0.00,0,0,0.00,0.00
NULL,1,"elasticrunkamotheodh_kam","Ignore",0.00,1,0,0.00,0,0,0.00,0.00
NULL,1,"elasticrunkamotheodh_kam navi mumbai","Ignore",0.00,2,0,0.00,1,0,0.00,14.90
NULL,1,"elasticrunkapurthalaodh_kpt","Ignore",0.00,2,0,0.00,0,0,0.00,0.00
NULL,1,"elasticrunkapurthalaodh_kpt kapurthala","Ignore",0.00,3,0,0.00,0,0,0.00,0.00
NULL,1,"elasticrunkattedanodh_hyd","Ignore",0.00,1,0,0.00,0,0,0.00,0.00
NULL,1,"elasticrunkattedanodh_hyd hyderabad","Ignore",0.00,4,0,0.00,0,0,0.00,0.00
NULL,1,"elasticrunkawardhaodh_kdh kawardha","Ignore",0.00,3,0,0.00,0,0,0.00,0.00
NULL,1,"elasticrunkeshododh_ksd keshod","Ignore",0.00,1,0,0.00,0,0,0.00,0.00
NULL,1,"elasticrunkhargharodh_mum mumbai","Ignore",0.00,6,0,0.00,0,0,0.00,0.00
NULL,1,"elasticrunkhariarodh_khr","Ignore",0.00,1,0,0.00,0,0,0.00,0.00
NULL,1,"elasticrunkhariarodh_khr khariar","Ignore",0.00,1,0,0.00,1,0,0.00,14.46
NULL,1,"elasticrunkimodh_kmm","Ignore",0.00,1,0,0.00,0,0,0.00,0.00
NULL,1,"elasticrunkimodh_kmm kim","Ignore",0.00,1,0,0.00,0,0,0.00,0.00
NULL,1,"elasticrunkodungallurodh_kdn ernakulam","Ignore",0.00,1,0,0.00,0,0,0.00,0.00
NULL,1,"elasticrunkongadodh_kgd kongad","Ignore",0.00,2,0,0.00,0,0,0.00,0.00
NULL,1,"elasticrunkottakalodh_kot kottakkal","Ignore",0.00,3,0,0.00,0,0,0.00,0.00
NULL,1,"elasticrunmahasamundodh_mhm mahasamund","Ignore",0.00,2,0,0.00,0,0,0.00,0.00
NULL,1,"elasticrunmallarpurodh_rph mallarpur","Ignore",0.00,1,0,0.00,0,0,0.00,0.00
NULL,1,"elasticrunmandlaodh_mdl","Ignore",0.00,1,0,0.00,0,0,0.00,0.00
NULL,1,"elasticrunmandlaodh_mdl mandla","Ignore",0.00,1,0,0.00,0,0,0.00,0.00
NULL,1,"elasticrunmanesarodh_mns","Ignore",0.00,3,0,0.00,0,0,0.00,0.00
NULL,1,"elasticrunmanesarodh_mns gurugram","Ignore",0.00,18,0,0.00,0,0,0.00,0.00
NULL,1,"elasticrunmanikondaodh_hyd","Ignore",0.00,1,0,0.00,0,0,0.00,0.00
NULL,1,"elasticrunmanikondaodh_hyd hyderabad","Ignore",0.00,6,0,0.00,0,0,0.00,0.00
NULL,1,"elasticrunmankapurodh_man","Ignore",0.00,1,0,0.00,0,0,0.00,0.00
NULL,1,"elasticrunmankapurodh_man nagpur","Ignore",0.00,2,0,0.00,0,0,0.00,0.00
NULL,1,"elasticrunmanmadodh_man manmad","Ignore",0.00,2,0,0.00,0,0,0.00,0.00
NULL,1,"elasticrunmapusaodh_goa","Ignore",0.00,1,0,0.00,0,0,0.00,0.00
NULL,1,"elasticrunmapusaodh_goa mapusa","Ignore",0.00,3,0,0.00,0,0,0.00,0.00
NULL,1,"elasticrunmasabtankodh_hyd","Ignore",0.00,2,0,0.00,0,0,0.00,0.00
NULL,1,"elasticrunmasabtankodh_hyd hyderabad","Ignore",0.00,6,0,0.00,0,0,0.00,0.00
NULL,1,"elasticrunmiraroadsplitodh_mum bhayander","Ignore",0.00,5,0,0.00,1,0,0.00,14.07
NULL,1,"elasticrunnakodarodh_nkd nakodar","Ignore",0.00,5,0,0.00,1,0,0.00,14.10
NULL,1,"elasticrunnandanaparkodh_kol kolkata","Ignore",0.00,2,0,0.00,0,0,0.00,0.00
NULL,1,"elasticrunnarkeldangaodh_kol kolkata","Ignore",0.00,1,0,0.00,0,0,0.00,0.00
NULL,1,"elasticrunnarodaodh_nrd ahmedabad","Ignore",0.00,3,0,0.00,0,0,0.00,0.00
NULL,1,"elasticrunnarwanaodh_nar narwana","Ignore",0.00,0,0,0.00,1,0,0.00,15.34
NULL,1,"elasticrunnayaraipurodh_nyr","Ignore",0.00,1,0,0.00,0,0,0.00,0.00
NULL,1,"elasticrunnayaraipurodh_nyr naya raipur","Ignore",0.00,2,0,0.00,0,0,0.00,0.00
NULL,1,"elasticrunnerulodh_mum mumbai","Ignore",0.00,1,0,0.00,0,0,0.00,0.00
NULL,1,"elasticrunnimtaodh_kol","Ignore",0.00,1,0,0.00,0,0,0.00,0.00
NULL,1,"elasticrunnimtaodh_kol kolkata","Ignore",0.00,3,0,0.00,0,0,0.00,0.00
NULL,1,"elasticrunpadmaraonagarodh_hyd","Ignore",0.00,2,0,0.00,0,0,0.00,0.00
NULL,1,"elasticrunpadmaraonagarodh_hyd hyderabad","Ignore",0.00,9,0,0.00,0,0,0.00,0.00
NULL,1,"elasticrunpakalaodh_pak pakala","Ignore",0.00,2,0,0.00,0,0,0.00,0.00
NULL,1,"elasticrunpallaharaodh_plh dhenkanal","Ignore",0.00,0,0,0.00,1,0,0.00,15.71
NULL,1,"elasticrunpanikoiliodh_jjk jajpur","Ignore",0.00,1,0,0.00,0,0,0.00,0.00
NULL,1,"elasticrunparavurodh_prv north paravur","Ignore",0.00,3,0,0.00,0,0,0.00,0.00
NULL,1,"elasticrunpatanodh_ptn","Ignore",0.00,1,0,0.00,0,0,0.00,0.00
NULL,1,"elasticrunpatanodh_ptn patan","Ignore",0.00,3,0,0.00,0,0,0.00,0.00
NULL,1,"elasticrunpathalgaonodh_pgn pathalgaon","Ignore",0.00,1,0,0.00,0,0,0.00,0.00
NULL,1,"elasticrunpatuliodh_kol","Ignore",0.00,1,0,0.00,0,0,0.00,0.00
NULL,1,"elasticrunpatuliodh_kol kolkata","Ignore",0.00,2,0,0.00,0,0,0.00,0.00
NULL,1,"elasticrunpayyoliodh_pyl payyoli","Ignore",0.00,3,0,0.00,0,0,0.00,0.00
NULL,1,"elasticrunraebareliodh_rby","Ignore",0.00,1,0,0.00,0,0,0.00,0.00
NULL,1,"elasticrunraebareliodh_rby raebareili","Ignore",0.00,1,0,0.00,0,0,0.00,0.00
NULL,1,"elasticrunraipursplitodh_rpr","Ignore",0.00,1,0,0.00,0,0,0.00,0.00
NULL,1,"elasticrunraipursplitodh_rpr raipur","Ignore",0.00,6,0,0.00,0,0,0.00,0.00
NULL,1,"elasticrunrajampetodh_rjm rajampet","Ignore",0.00,1,0,0.00,0,0,0.00,0.00
NULL,1,"elasticrunsambalpurodh_sbp sambalpur","Ignore",0.00,2,0,0.00,0,0,0.00,0.00
NULL,1,"elasticrunsambalpursplitodh_sbp sambalpur","Ignore",0.00,5,0,0.00,0,0,0.00,0.00
NULL,1,"elasticrunsanathnagarodh_hyd hyderabad","Ignore",0.00,2,0,0.00,0,0,0.00,0.00
NULL,1,"elasticrunsaraipaliodh_srp saraipalli","Ignore",0.00,1,0,0.00,0,0,0.00,0.00
NULL,1,"elasticrunsewriodh_mum mumbai","Ignore",0.00,5,0,0.00,0,0,0.00,0.00
NULL,1,"elasticrunshahganjodh_shg shahganj","Ignore",0.00,1,0,0.00,0,0,0.00,0.00
NULL,1,"elasticrunshirpurodh_srp shirpur","Ignore",0.00,1,0,0.00,0,0,0.00,0.00
NULL,1,"elasticrunsiddhpurodh_sdr siddhpur","Ignore",0.00,3,0,0.00,0,0,0.00,0.00
NULL,1,"elasticrunsohnaroadodh_shn gurgaon","Ignore",0.00,2,0,0.00,2,0,0.00,15.36
NULL,1,"elasticrunsoroodh_sro soro","Ignore",0.00,0,0,0.00,1,0,0.00,14.86
NULL,1,"elasticrunsuncityodh_hyd","Ignore",0.00,1,0,0.00,0,0,0.00,0.00
NULL,1,"elasticrunsuncityodh_hyd rr district","Ignore",0.00,1,0,0.00,0,0,0.00,0.00
NULL,1,"elasticrunumbergaonodh_umb umbergaon","Ignore",0.00,2,0,0.00,0,0,0.00,0.00
NULL,1,"elasticrunuppalodh_hyd hyderabad","Ignore",0.00,2,0,0.00,0,0,0.00,0.00
NULL,1,"elasticrunuranodh_mum mumbai","Ignore",0.00,2,0,0.00,0,0,0.00,0.00
NULL,1,"elasticrunvapiodh_amd vapi","Ignore",0.00,1,0,0.00,0,0,0.00,0.00
NULL,1,"elasticrunvijayawadasplitodh_vja1 vijayawada","Ignore",0.00,2,0,0.00,0,0,0.00,0.00
NULL,1,"elasticrunvijayawadasplitodh_vja2","Ignore",0.00,1,0,0.00,0,0,0.00,0.00
NULL,1,"elasticrunvijayawadasplitodh_vja2 vijayawada","Ignore",0.00,4,0,0.00,0,0,0.00,0.00
NULL,1,"elasticrunviramgamodh_vrg viramgam","Ignore",0.00,0,0,0.00,2,0,0.00,15.04
NULL,1,"elasticrunvisakhapatnamsplitodh_vtz","Ignore",0.00,1,0,0.00,0,0,0.00,0.00
NULL,1,"elasticrunvishrantwadisplitodh_pune","Ignore",0.00,1,0,0.00,0,0,0.00,0.00
NULL,1,"elasticrunwadalaodh_mum","Ignore",0.00,1,0,0.00,0,0,0.00,0.00
NULL,1,"elasticrunwadalaodh_mum mumbai","Ignore",0.00,17,0,0.00,0,0,0.00,0.00
NULL,1,"elasticrunwankanerodh_wkh","Ignore",0.00,1,0,0.00,0,0,0.00,0.00
NULL,1,"elasticrunzirakpurodh_zrk","Ignore",0.00,1,0,0.00,0,0,0.00,0.00
NULL,1,"elasticrunzirakpurodh_zrk zirakpur","Ignore",0.00,9,0,0.00,0,0,0.00,0.00
NULL,1,"elathurhub_ela","Ignore",0.00,1,0,0.00,0,0,0.00,0.00
NULL,1,"elathurhub_ela nadakavu","Ignore",0.00,2,0,0.00,0,0,0.00,0.00
NULL,1,"electronic city","Ignore",0.00,9,0,0.00,2,0,0.00,15.93
NULL,1,"electronic city counter","Ignore",0.00,4,0,0.00,9,0,0.00,32.27
NULL,1,"elite d?cor greater noida","Ignore",0.00,2,0,0.00,0,0,0.00,0.00
NULL,1,"eluru","Ignore",0.00,2,0,0.00,0,0,0.00,0.00
NULL,1,"eluru hub","Ignore",0.00,1,0,0.00,0,0,0.00,0.00
NULL,1,"embassy golf link","Ignore",0.00,2,0,0.00,0,0,0.00,0.00
NULL,1,"englishbazar","Ignore",0.00,1,0,0.00,0,0,0.00,0.00
NULL,1,"erandol","Ignore",0.00,0,0,0.00,1,0,0.00,15.17
NULL,1,"erattupetta","Ignore",0.00,3,0,0.00,0,0,0.00,0.00
NULL,1,"erattupettahub_etp erattupetta","Ignore",0.00,3,0,0.00,0,0,0.00,0.00
NULL,1,"ernakulam hub","Ignore",0.00,1,0,0.00,0,0,0.00,0.00
NULL,1,"ernakulam hub ernakulam","Ignore",0.00,7,0,0.00,0,0,0.00,0.00
NULL,1,"erode hub","Ignore",0.00,2,0,0.00,0,0,0.00,0.00
NULL,1,"erode hub erode","Ignore",0.00,6,0,0.00,0,0,0.00,0.00
NULL,1,"etah","Ignore",0.00,2,0,0.00,0,0,0.00,0.00
NULL,1,"etah, etah, uttar pradesh","Ignore",0.00,0,0,0.00,2,0,0.00,15.16
NULL,1,"etail processing unit","Ignore",0.00,3504,0,0.00,3,0,0.00,22.37
NULL,1,"etashdibrugarhodh_dib","Ignore",0.00,1,0,0.00,0,0,0.00,0.00
NULL,1,"etashdibrugarhodh_dib dibrugarh","Ignore",0.00,1,0,0.00,0,0,0.00,0.00
NULL,1,"etashsaukuchiodh_gau","Ignore",0.00,1,0,0.00,0,0,0.00,0.00
NULL,1,"etashsaukuchiodh_gau beltola","Ignore",0.00,1,0,0.00,0,0,0.00,0.00
NULL,1,"etashtezpurodh_tzr tezpur","Ignore",0.00,2,0,0.00,0,0,0.00,0.00
NULL,1,"etashzuangtuiodh_ajl aizawl","Ignore",0.00,1,0,0.00,0,0,0.00,0.00
NULL,1,"etawah","Ignore",0.00,2,0,0.00,3,0,0.00,15.62
NULL,1,"ettumanoor","Ignore",0.00,7,0,0.00,0,0,0.00,0.00
NULL,1,"ettumanoorhub_emr","Ignore",0.00,1,0,0.00,0,0,0.00,0.00
NULL,1,"ettumanoorhub_emr ettumanoor","Ignore",0.00,7,0,0.00,0,0,0.00,0.00
NULL,1,"etwah","Ignore",0.00,7,0,0.00,0,0,0.00,0.00
NULL,1,"etwahhub_etw","Ignore",0.00,1,0,0.00,0,0,0.00,0.00
NULL,1,"etwahhub_etw etwah","Ignore",0.00,5,0,0.00,0,0,0.00,0.00
NULL,1,"extn of west del w/h","Ignore",0.00,2,0,0.00,6,0,0.00,16.70
NULL,1,"extra traders. rfk alappuzha","Ignore",0.00,1,0,0.00,0,0,0.00,0.00
NULL,1,"ezhome, kannur, kerala","Ignore",0.00,0,0,0.00,1,0,0.00,15.71
NULL,1,"faizabad","Ignore",0.00,6,0,0.00,4,0,0.00,21.30
NULL,1,"faizabadhub_fzb faizabad","Ignore",0.00,4,0,0.00,0,0,0.00,0.00
NULL,1,"far apex/sfc pud","Ignore",0.00,1,0,0.00,0,0,0.00,0.00
NULL,1,"farhana store kawant","Ignore",0.00,1,0,0.00,0,0,0.00,0.00
NULL,1,"faridabad","Ignore",0.00,17,0,0.00,3,0,0.00,14.39
NULL,1,"faridabad hub","Ignore",0.00,2,0,0.00,0,0,0.00,0.00
NULL,1,"faridabad hub faridabad","Ignore",0.00,7,0,0.00,0,0,0.00,0.00
NULL,1,"faridabad nehar par","Ignore",0.00,6,0,0.00,8,0,0.00,15.92
NULL,1,"faridabad nit","Ignore",0.00,7,0,0.00,2,0,0.00,14.65
NULL,1,"faridabad, delhi ncr, delhi","Ignore",0.00,1,0,0.00,0,0,0.00,0.00
NULL,1,"faridabad, haryana, in","Ignore",0.00,70,0,0.00,1,0,0.00,21.91
NULL,1,"faridkot","Ignore",0.00,7,0,0.00,0,0,0.00,0.00
NULL,1,"faridkot, faridkot, punjab","Ignore",0.00,0,0,0.00,2,0,0.00,14.31
NULL,1,"faridkothub_fad faridkot","Ignore",0.00,4,0,0.00,1,0,0.00,14.91
NULL,1,"faroog store tirupur","Ignore",0.00,1,0,0.00,0,0,0.00,0.00
NULL,1,"farrukhabad","Ignore",0.00,7,0,0.00,0,0,0.00,0.00
NULL,1,"farrukhabad office","Ignore",0.00,1,0,0.00,0,0,0.00,0.00
NULL,1,"farrukhabadhub_frr","Ignore",0.00,1,0,0.00,0,0,0.00,0.00
NULL,1,"farrukhabadhub_frr farrukhabad","Ignore",0.00,2,0,0.00,0,0,0.00,0.00
NULL,1,"farukhabad","Ignore",0.00,2,0,0.00,0,0,0.00,0.00
NULL,1,"fatehabadhub_fhb fatehabad","Ignore",0.00,2,0,0.00,0,0,0.00,0.00
NULL,1,"fatehgarh","Ignore",0.00,1,0,0.00,0,0,0.00,0.00
NULL,1,"fatehgarh churiyan, fatehgarh churiyan, punjab","Ignore",0.00,0,0,0.00,1,0,0.00,14.46
NULL,1,"fatehgarh sahib","Ignore",0.00,0,0,0.00,4,0,0.00,14.57
NULL,1,"fatehgarhchurianodh_fgn","Ignore",0.00,1,0,0.00,0,0,0.00,0.00
NULL,1,"fatehgarhchurianodh_fgn fatehgarh","Ignore",0.00,1,0,0.00,0,0,0.00,0.00
NULL,1,"fatehpur","Ignore",0.00,2,0,0.00,0,0,0.00,0.00
NULL,1,"fatehpur rj, jhunjhunu, rajasthan","Ignore",0.00,1,0,0.00,1,0,0.00,16.12
NULL,1,"fatorda, goa, in","Ignore",0.00,0,0,0.00,2,0,0.00,15.60
NULL,1,"fazilka","Ignore",0.00,2,0,0.00,0,0,0.00,0.00
NULL,1,"fazilka, fazilka, punjab","Ignore",0.00,0,0,0.00,1,0,0.00,14.39
NULL,1,"fazilkahub_fal","Ignore",0.00,1,0,0.00,0,0,0.00,0.00
NULL,1,"fazilkahub_fal fazilka","Ignore",0.00,2,0,0.00,0,0,0.00,0.00
NULL,1,"fb store new delhi","Ignore",0.00,1,0,0.00,0,0,0.00,0.00
NULL,1,"fbd/nit, delhi ncr, delhi","Ignore",0.00,5,0,0.00,5,0,0.00,16.94
NULL,1,"fbd/npr, delhi ncr, delhi","Ignore",0.00,1,0,0.00,1,0,0.00,33.74
NULL,1,"ferguson college rd-etail","Ignore",0.00,6,0,0.00,0,0,0.00,0.00
NULL,1,"ferokehub_frk calicut","Ignore",0.00,3,0,0.00,0,0,0.00,0.00
NULL,1,"ferozepur","Ignore",0.00,4,0,0.00,1,0,0.00,14.48
NULL,1,"ferozepur jalalpur","Ignore",0.00,1,0,0.00,0,0,0.00,0.00
NULL,1,"ferozepurhub_fer ferozepur","Ignore",0.00,3,0,0.00,0,0,0.00,0.00
NULL,1,"ferozepurroadhub_luh","Ignore",0.00,2,0,0.00,0,0,0.00,0.00
NULL,1,"ferozepurroadhub_luh ludhiana","Ignore",0.00,14,0,0.00,0,0,0.00,0.00
NULL,1,"ferozepurroadhub_mitr kangra","Ignore",0.00,4,0,0.00,0,0,0.00,0.00
NULL,1,"firozabad","Ignore",0.00,3,0,0.00,2,0,0.00,14.50
NULL,1,"firozabad hub","Ignore",0.00,1,0,0.00,0,0,0.00,0.00
NULL,1,"firozabad hub firozabad","Ignore",0.00,2,0,0.00,0,0,0.00,0.00
NULL,1,"firozabad1, firozabad, uttar pradesh","Ignore",0.00,0,0,0.00,1,0,0.00,30.93
NULL,1,"fkl-ahmedabad01","Ignore",0.00,190,0,0.00,0,0,0.00,0.00
NULL,1,"fkl-blranjanihoskote","Ignore",0.00,25,0,0.00,0,0,0.00,0.00
NULL,1,"fkl-cokbts","Ignore",0.00,1,0,0.00,0,0,0.00,0.00
NULL,1,"fkl-fwdchennai","Ignore",0.00,4,0,0.00,0,0,0.00,0.00
NULL,1,"fkl-kalashhrnwb","Ignore",0.00,76,0,0.00,0,0,0.00,0.00
NULL,1,"fkl-lko_flex","Ignore",0.00,16,0,0.00,0,0,0.00,0.00
NULL,1,"fkl-mhmalur_ext","Ignore",0.00,133,0,0.00,0,0,0.00,0.00
NULL,1,"fkl-mumflexsai4_ext","Ignore",0.00,590,0,0.00,0,0,0.00,0.00
NULL,1,"fkl-pune","Ignore",0.00,1,0,0.00,0,0,0.00,0.00
NULL,1,"fkl_delflexyakubpur","Ignore",0.00,19,0,0.00,0,0,0.00,0.00
NULL,1,"fkl_farukngr","Ignore",0.00,248,0,0.00,0,0,0.00,0.00
NULL,1,"fkl_hydpatan","Ignore",0.00,15,0,0.00,0,0,0.00,0.00
NULL,1,"fkl_hydpatan_ext","Ignore",0.00,2,0,0.00,0,0,0.00,0.00
NULL,1,"fkl_indorenew","Ignore",0.00,10,0,0.00,0,0,0.00,0.00
NULL,1,"fkl_jaipur_bts","Ignore",0.00,10,0,0.00,0,0,0.00,0.00
NULL,1,"fkl_jks","Ignore",0.00,13,0,0.00,0,0,0.00,0.00
NULL,1,"fkl_lko","Ignore",0.00,45,0,0.00,0,0,0.00,0.00
NULL,1,"fkl_ludflex","Ignore",0.00,2,0,0.00,0,0,0.00,0.00
NULL,1,"fkl_mhmalur","Ignore",0.00,305,0,0.00,0,0,0.00,0.00
NULL,1,"fkl_stvbts01","Ignore",0.00,551,0,0.00,0,0,0.00,0.00
NULL,1,"fkl_ulbesr","Ignore",0.00,18,0,0.00,0,0,0.00,0.00
NULL,1,"focalpointhub_luh","Ignore",0.00,1,0,0.00,0,0,0.00,0.00
NULL,1,"focalpointhub_luh ludhiana","Ignore",0.00,2,0,0.00,1,0,0.00,14.78
NULL,1,"food blast rupnagar","Ignore",0.00,1,0,0.00,0,0,0.00,0.00
NULL,1,"forbesganj","Ignore",0.00,3,0,0.00,0,0,0.00,0.00
NULL,1,"forbesganjhub_fbg forbesganj","Ignore",0.00,1,0,0.00,0,0,0.00,0.00
NULL,1,"forbisganj","Ignore",0.00,2,0,0.00,0,0,0.00,0.00
NULL,1,"fort","Ignore",0.00,14,0,0.00,6,0,0.00,15.90
NULL,1,"fort hub mumbai","Ignore",0.00,1,0,0.00,0,0,0.00,0.00
NULL,1,"fouzi fabricatiors store badaun","Ignore",0.00,1,0,0.00,0,0,0.00,0.00
NULL,1,"fulbarihat, fulbari hat, west bengal","Ignore",0.00,0,0,0.00,1,0,0.00,40.19
NULL,1,"fulertal, fulertal, assam","Ignore",0.00,0,0,0.00,1,0,0.00,27.22
NULL,1,"gachibowli e-tail centre","Ignore",0.00,3,0,0.00,1,0,0.00,16.38
NULL,1,"gachibowlihub_hyd","Ignore",0.00,2,0,0.00,0,0,0.00,0.00
NULL,1,"gachibowlihub_hyd hyderabad","Ignore",0.00,6,0,0.00,0,0,0.00,0.00
NULL,1,"gadag","Ignore",0.00,1,0,0.00,0,0,0.00,0.00
NULL,1,"gadag-betigeri","Ignore",0.00,0,0,0.00,3,0,0.00,14.83
NULL,1,"gadarpur","Ignore",0.00,3,0,0.00,0,0,0.00,0.00
NULL,1,"gadarpurmdh_gsr gadarpur","Ignore",0.00,2,0,0.00,0,0,0.00,0.00
NULL,1,"gadchiroli","Ignore",0.00,2,0,0.00,0,0,0.00,0.00
NULL,1,"gadchiroli, gadchiroli, maharashtra","Ignore",0.00,10,0,0.00,3,0,0.00,16.09
NULL,1,"gadchirolihub_gdc gadchiroli","Ignore",0.00,1,0,0.00,0,0,0.00,0.00
NULL,1,"gaganagarhub_mee meerut","Ignore",0.00,10,0,0.00,1,0,0.00,14.68
NULL,1,"gajapathinagaram reach","Ignore",0.00,0,0,0.00,1,0,0.00,16.20
NULL,1,"gajendra ramamoorthy thanjavur","Ignore",0.00,1,0,0.00,0,0,0.00,0.00
NULL,1,"gajipatinagaram","Ignore",0.00,3,0,0.00,0,0,0.00,0.00
NULL,1,"gajipatinagaramhub_vzm gajipatinagaram","Ignore",0.00,2,0,0.00,1,0,0.00,16.03
NULL,1,"gajraula","Ignore",0.00,1,0,0.00,0,0,0.00,0.00
NULL,1,"gajuwaka","Ignore",0.00,1,0,0.00,1,0,0.00,14.98
NULL,1,"gajuwaka hub","Ignore",0.00,1,0,0.00,0,0,0.00,0.00
NULL,1,"gajuwaka hub vishakapatnam","Ignore",0.00,2,0,0.00,0,0,0.00,0.00
NULL,1,"gajwel","Ignore",0.00,0,0,0.00,1,0,0.00,21.26
NULL,1,"gamharia, gamhariajh, jharkhand","Ignore",0.00,0,0,0.00,1,0,0.00,18.51
NULL,1,"gampalagudemhub_gpg krishna","Ignore",0.00,2,0,0.00,0,0,0.00,0.00
NULL,1,"ganagapetahub_kdp kadapa","Ignore",0.00,6,0,0.00,0,0,0.00,0.00
NULL,1,"gandhi nagar (ganr)","Ignore",0.00,1,0,0.00,0,0,0.00,0.00
NULL,1,"gandhi nagar hub","Ignore",0.00,2,0,0.00,0,0,0.00,0.00
NULL,1,"gandhi nagar hub gandhinagar","Ignore",0.00,6,0,0.00,0,0,0.00,0.00
NULL,1,"gandhibazaarhub_atp anantapur","Ignore",0.00,3,0,0.00,0,0,0.00,0.00
NULL,1,"gandhidham","Ignore",0.00,10,0,0.00,0,0,0.00,0.00
NULL,1,"gandhidham hub","Ignore",0.00,59,0,0.00,5,0,0.00,30.97
NULL,1,"gandhidham hub gandhidham","Ignore",0.00,7,0,0.00,0,0,0.00,0.00
NULL,1,"gandhidham, gandhidham, gujarat","Ignore",0.00,7,0,0.00,0,0,0.00,0.00
NULL,1,"gandhinagar, gandhinagar, gujarat","Ignore",0.00,0,0,0.00,3,0,0.00,14.74
NULL,1,"gandhinagar, gujarat, in","Ignore",0.00,0,0,0.00,1,0,0.00,19.18
NULL,1,"gandikota keerthi eluru","Ignore",0.00,2,0,0.00,0,0,0.00,0.00
NULL,1,"gandikotahub_pdt mydukur","Ignore",0.00,1,0,0.00,0,0,0.00,0.00
NULL,1,"ganesh general store gurgaon","Ignore",0.00,1,0,0.00,0,0,0.00,0.00
NULL,1,"ganesh home mayiladuthurai","Ignore",0.00,1,0,0.00,0,0,0.00,0.00
NULL,1,"ganga devi sudh bhojnalay hisar","Ignore",0.00,1,0,0.00,0,0,0.00,0.00
NULL,1,"gangadhar house balasore","Ignore",0.00,1,0,0.00,0,0,0.00,0.00
NULL,1,"gangajalghati, bankura, west bengal","Ignore",0.00,0,0,0.00,1,0,0.00,30.76
NULL,1,"ganganagar","Ignore",0.00,0,0,0.00,2,0,0.00,25.68
NULL,1,"ganganagarhub_blr","Ignore",0.00,1,0,0.00,0,0,0.00,0.00
NULL,1,"ganganagarhub_blr bangalore","Ignore",0.00,2,0,0.00,0,0,0.00,0.00
NULL,1,"gangani","Ignore",0.00,1,0,0.00,0,0,0.00,0.00
NULL,1,"ganganihub_gnn gangani","Ignore",0.00,1,0,0.00,0,0,0.00,0.00
NULL,1,"gangapur city","Ignore",0.00,2,0,0.00,0,0,0.00,0.00
NULL,1,"gangapur, gangapur, rajasthan","Ignore",0.00,0,0,0.00,1,0,0.00,15.01
NULL,1,"gangasaraimdh_lkr lakhisarai","Ignore",0.00,1,0,0.00,0,0,0.00,0.00
NULL,1,"gangavathi","Ignore",0.00,3,0,0.00,0,0,0.00,0.00
NULL,1,"gangavathihub_gvt gangavathi","Ignore",0.00,3,0,0.00,0,0,0.00,0.00
NULL,1,"gangtok","Ignore",0.00,1,0,0.00,0,0,0.00,0.00
NULL,1,"gangtokhub_ggt","Ignore",0.00,1,0,0.00,0,0,0.00,0.00
NULL,1,"gannavaramhub_gvm vijayawada","Ignore",0.00,1,0,0.00,1,0,0.00,16.79
NULL,1,"ganr","Ignore",0.00,5,0,0.00,0,0,0.00,0.00
NULL,1,"garahub_skm","Ignore",0.00,1,0,0.00,0,0,0.00,0.00
NULL,1,"garahub_skm srikakulam","Ignore",0.00,1,0,0.00,0,0,0.00,0.00
NULL,1,"gardencityhub_mys mysore","Ignore",0.00,1,0,0.00,0,0,0.00,0.00
NULL,1,"gardenreachhub_kol kolkata","Ignore",0.00,1,0,0.00,0,0,0.00,0.00
NULL,1,"garhwa","Ignore",0.00,1,0,0.00,0,0,0.00,0.00
NULL,1,"garhwahub_ghq garhwa","Ignore",0.00,1,0,0.00,0,0,0.00,0.00
NULL,1,"garia bdel","Ignore",0.00,0,0,0.00,3,0,0.00,15.40
NULL,1,"garia hub","Ignore",0.00,1,0,0.00,0,0,0.00,0.00
NULL,1,"garia hub kolkata","Ignore",0.00,7,0,0.00,0,0,0.00,0.00
NULL,1,"garib nawaz store vadodara","Ignore",0.00,1,0,0.00,0,0,0.00,0.00
NULL,1,"garwar, garwar, uttar pradesh","Ignore",0.00,0,0,0.00,2,0,0.00,18.76
NULL,1,"gau/bgh, guwahati, assam","Ignore",0.00,4,0,0.00,0,0,0.00,0.00
NULL,1,"gau/jlk, guwahati, assam","Ignore",0.00,1,0,0.00,1,0,0.00,14.96
NULL,1,"gau/kyq, guwahati, assam","Ignore",0.00,0,0,0.00,1,0,0.00,38.67
NULL,1,"gau/lankeswar-tml, guwahati, assam","Ignore",0.00,0,0,0.00,1,0,0.00,32.44
NULL,1,"gau/pc1, guwahati, assam","Ignore",0.00,210,0,0.00,2,0,0.00,40.68
NULL,1,"gau/rto, guwahati, assam","Ignore",0.00,5,0,0.00,0,0,0.00,0.00
NULL,1,"gauchar","Ignore",0.00,1,0,0.00,0,0,0.00,0.00
NULL,1,"gaue","Ignore",0.00,1,0,0.00,0,0,0.00,0.00
NULL,1,"gaulapar","Ignore",0.00,1,0,0.00,0,0,0.00,0.00
NULL,1,"gaurav ghaziabad","Ignore",0.00,1,0,0.00,0,0,0.00,0.00
NULL,1,"gaurav kumar store dehradun","Ignore",0.00,1,0,0.00,0,0,0.00,0.00
NULL,1,"gaurav motors udaipur","Ignore",0.00,1,0,0.00,0,0,0.00,0.00
NULL,1,"gaurella","Ignore",0.00,1,0,0.00,0,0,0.00,0.00
NULL,1,"gauri store mirzapur","Ignore",0.00,1,0,0.00,0,0,0.00,0.00
NULL,1,"gauriganj, gauriganj, uttar pradesh","Ignore",0.00,0,0,0.00,2,0,0.00,14.93
NULL,1,"gaurisagarmdh_sbs gaurisagar","Ignore",0.00,1,0,0.00,0,0,0.00,0.00
NULL,1,"gautam buddha nagar","Ignore",0.00,8,0,0.00,1,0,0.00,14.54
NULL,1,"gautam new delhi","Ignore",0.00,2,0,0.00,0,0,0.00,0.00
NULL,1,"gautam niwas shrirampur","Ignore",0.00,2,0,0.00,0,0,0.00,0.00
NULL,1,"gautamnagarhub_bbi","Ignore",0.00,2,0,0.00,0,0,0.00,0.00
NULL,1,"gautamnagarhub_bbi bhubaneswar","Ignore",0.00,1,0,0.00,0,0,0.00,0.00
NULL,1,"gaya","Ignore",0.00,6,0,0.00,0,0,0.00,0.00
NULL,1,"gaya hub gaya","Ignore",0.00,1,0,0.00,0,0,0.00,0.00
NULL,1,"gayasplithub2_gay gaya","Ignore",0.00,1,0,0.00,0,0,0.00,0.00
NULL,1,"gayathri store dindigul","Ignore",0.00,1,0,0.00,0,0,0.00,0.00
NULL,1,"gazipur","Ignore",0.00,0,0,0.00,1,0,0.00,14.62
NULL,1,"gbte","Ignore",0.00,1,0,0.00,1,0,0.00,29.83
NULL,1,"geedamodh_gem dantewara","Ignore",0.00,1,0,0.00,0,0,0.00,0.00
NULL,1,"geeta kirana shop new delhi","Ignore",0.00,4,0,0.00,0,0,0.00,0.00
NULL,1,"geeta new delhi","Ignore",0.00,1,0,0.00,0,0,0.00,0.00
NULL,1,"geeta services kanpur","Ignore",0.00,1,0,0.00,0,0,0.00,0.00
NULL,1,"georgetown hub","Ignore",0.00,1,0,0.00,0,0,0.00,0.00
NULL,1,"georgetown hub allahabad","Ignore",0.00,1,0,0.00,0,0,0.00,0.00
NULL,1,"ghana","Ignore",0.00,1,0,0.00,0,0,0.00,0.00
NULL,1,"ghanasawangimdh_gha ghana","Ignore",0.00,1,0,0.00,0,0,0.00,0.00
NULL,1,"ghanshyam store new delhi","Ignore",0.00,2,0,0.00,0,0,0.00,0.00
NULL,1,"ghansolihub_mum","Ignore",0.00,1,0,0.00,0,0,0.00,0.00
NULL,1,"ghansolihub_mum mumbai","Ignore",0.00,12,0,0.00,0,0,0.00,0.00
NULL,1,"gharonda","Ignore",0.00,1,0,0.00,0,0,0.00,0.00
NULL,1,"gharsana, gharsana, rajasthan","Ignore",0.00,0,0,0.00,1,0,0.00,30.45
NULL,1,"gharundaodh_grd gharonda","Ignore",0.00,1,0,0.00,0,0,0.00,0.00
NULL,1,"ghat road office","Ignore",0.00,5,0,0.00,0,0,0.00,0.00
NULL,1,"ghatkesar reach","Ignore",0.00,3,0,0.00,0,0,0.00,0.00
NULL,1,"ghatshila, ghatshila, jharkhand","Ignore",0.00,0,0,0.00,1,0,0.00,15.47
NULL,1,"ghaziabad hub","Ignore",0.00,5,0,0.00,0,0,0.00,0.00
NULL,1,"ghaziabad hub ghaziabad","Ignore",0.00,24,0,0.00,0,0,0.00,0.00
NULL,1,"ghazipur","Ignore",0.00,3,0,0.00,0,0,0.00,0.00
NULL,1,"ghazipurhub_gir ghazipur","Ignore",0.00,2,0,0.00,0,0,0.00,0.00
NULL,1,"ghilamaramdh_dmc dhakuakhana","Ignore",0.00,1,0,0.00,0,0,0.00,0.00
NULL,1,"ghitornihub_del","Ignore",0.00,3,0,0.00,0,0,0.00,0.00
NULL,1,"ghitornihub_del chhatarpur","Ignore",0.00,17,0,0.00,0,0,0.00,0.00
NULL,1,"ghodbunder hub","Ignore",0.00,2,0,0.00,0,0,0.00,0.00
NULL,1,"ghodbunder hub thane","Ignore",0.00,18,0,0.00,0,0,0.00,0.00
NULL,1,"ghoiasahanmdh_ghn ghoisahan","Ignore",0.00,0,0,0.00,1,0,0.00,15.52
NULL,1,"ghoisahan","Ignore",0.00,1,0,0.00,0,0,0.00,0.00
NULL,1,"giaipuraosh_luh","Ignore",0.00,1,0,0.00,0,0,0.00,0.00
NULL,1,"giaipuraosh_luh ludhiana","Ignore",0.00,1,0,0.00,0,0,0.00,0.00
NULL,1,"gidc savli, gujarat, in","Ignore",0.00,1,0,0.00,0,0,0.00,0.00
NULL,1,"giddalur","Ignore",0.00,2,0,0.00,1,0,0.00,28.00
NULL,1,"giddalurhub_gdr giddalur","Ignore",0.00,2,0,0.00,0,0,0.00,0.00
NULL,1,"gidderbaha","Ignore",0.00,1,0,0.00,0,0,0.00,0.00
NULL,1,"gindy cod processing unit","Ignore",0.00,29,0,0.00,0,0,0.00,0.00
NULL,1,"giridih office","Ignore",0.00,0,0,0.00,2,0,0.00,15.53
NULL,1,"giridih, giridih, jharkhand","Ignore",0.00,0,0,0.00,4,0,0.00,14.29
NULL,1,"girija tiruchirappalli","Ignore",0.00,1,0,0.00,0,0,0.00,0.00
NULL,1,"girish park bdel","Ignore",0.00,2,0,0.00,3,0,0.00,15.43
NULL,1,"girish store new delhi","Ignore",0.00,1,0,0.00,0,0,0.00,0.00
NULL,1,"girwa","Ignore",0.00,1,0,0.00,0,0,0.00,0.00
NULL,1,"gkp walkin & cod centre","Ignore",0.00,28,0,0.00,26,0,0.00,16.05
NULL,1,"gkp/lh1, gorakhpur, uttar pradesh","Ignore",0.00,54,0,0.00,2,0,0.00,17.79
NULL,1,"gkp/mrd, gorakhpur, uttar pradesh","Ignore",0.00,1,0,0.00,2,0,0.00,15.24
NULL,1,"gkp/nsd, gorakhpur, uttar pradesh","Ignore",0.00,1,0,0.00,1,0,0.00,14.80
NULL,1,"gnanabharathiosh_blr","Ignore",0.00,1,0,0.00,0,0,0.00,0.00
NULL,1,"gnanabharathiosh_blr bangalore","Ignore",0.00,2,0,0.00,0,0,0.00,0.00
NULL,1,"goa  hub","Ignore",0.00,157,0,0.00,9,0,0.00,18.83
NULL,1,"gobichettipalayam","Ignore",0.00,2,0,0.00,0,0,0.00,0.00
NULL,1,"gobichettipalayamhub_gob gobichettipalayam","Ignore",0.00,2,0,0.00,0,0,0.00,0.00
NULL,1,"gobindgarh","Ignore",0.00,10,0,0.00,1,0,0.00,19.12
NULL,1,"gobindgarh hub gobindgarh","Ignore",0.00,4,0,0.00,0,0,0.00,0.00
NULL,1,"godavarikhani","Ignore",0.00,4,0,0.00,0,0,0.00,0.00
NULL,1,"godavarikhanihub_gdk godavarikhani","Ignore",0.00,3,0,0.00,0,0,0.00,0.00
NULL,1,"godda, godda, jharkhand","Ignore",0.00,1,0,0.00,0,0,0.00,0.00
NULL,1,"godhra","Ignore",0.00,2,0,0.00,0,0,0.00,0.00
NULL,1,"godhra hub","Ignore",0.00,3,0,0.00,0,0,0.00,0.00
NULL,1,"godhra hub godhra","Ignore",0.00,2,0,0.00,0,0,0.00,0.00
NULL,1,"gogamukh","Ignore",0.00,1,0,0.00,0,0,0.00,0.00
NULL,1,"gogamukhhub_gom","Ignore",0.00,1,0,0.00,0,0,0.00,0.00
NULL,1,"gohana","Ignore",0.00,0,0,0.00,1,0,0.00,15.80
NULL,1,"gohana, gohana, haryana","Ignore",0.00,0,0,0.00,1,0,0.00,15.21
NULL,1,"gohpur, gohpur, assam","Ignore",0.00,0,0,0.00,1,0,0.00,32.37
NULL,1,"gokak","Ignore",0.00,2,0,0.00,0,0,0.00,0.00
NULL,1,"golaghat, golaghat, assam","Ignore",0.00,0,0,0.00,1,0,0.00,37.33
NULL,1,"goldencity","Ignore",0.00,2,0,0.00,0,0,0.00,0.00
NULL,1,"goldencityhub_kgm goldencity","Ignore",0.00,1,0,0.00,1,0,0.00,15.57
NULL,1,"golgharhub_gop gorakhpur","Ignore",0.00,3,0,0.00,0,0,0.00,0.00
NULL,1,"gondahub_gnd gonda","Ignore",0.00,2,0,0.00,0,0,0.00,0.00
NULL,1,"gondal","Ignore",0.00,3,0,0.00,2,0,0.00,19.31
NULL,1,"gondalhub_gdn","Ignore",0.00,1,0,0.00,0,0,0.00,0.00
NULL,1,"gondia","Ignore",0.00,4,0,0.00,3,0,0.00,14.45
NULL,1,"gooty","Ignore",0.00,1,0,0.00,0,0,0.00,0.00
NULL,1,"gootyhub_gty gooty","Ignore",0.00,1,0,0.00,0,0,0.00,0.00
NULL,1,"gorakhnath, gorakhpur, uttar pradesh","Ignore",0.00,1,0,0.00,1,0,0.00,36.17
NULL,1,"gorakhpur","Ignore",0.00,12,0,0.00,1,0,0.00,18.48
NULL,1,"gorakhpur - gkp","Ignore",0.00,1,0,0.00,0,0,0.00,0.00
NULL,1,"gorakhpur hub","Ignore",0.00,1,0,0.00,0,0,0.00,0.00
NULL,1,"gorakhpur hub gorakhpur","Ignore",0.00,2,0,0.00,0,0,0.00,0.00
NULL,1,"goregaon hub","Ignore",0.00,5,0,0.00,0,0,0.00,0.00
NULL,1,"goregaon hub mumbai","Ignore",0.00,23,0,0.00,1,0,0.00,14.65
NULL,1,"goregaon jogeshwari etail","Ignore",0.00,5,0,0.00,2,0,0.00,16.73
NULL,1,"gota temp pud","Ignore",0.00,1,0,0.00,0,0,0.00,0.00
NULL,1,"govandi mix sc","Ignore",0.00,0,0,0.00,2,0,0.00,14.92
NULL,1,"govindpur","Ignore",0.00,2,0,0.00,0,0,0.00,0.00
NULL,1,"govindpur, govindpur, jharkhand","Ignore",0.00,0,0,0.00,1,0,0.00,39.27
NULL,1,"govindpura e tail deliver","Ignore",0.00,3,0,0.00,0,0,0.00,0.00
NULL,1,"govindpurmdh_dbd dhanbad","Ignore",0.00,2,0,0.00,0,0,0.00,0.00
NULL,1,"gowribidanur","Ignore",0.00,1,0,0.00,0,0,0.00,0.00
NULL,1,"greater noida (grnd)","Ignore",0.00,1,0,0.00,0,0,0.00,0.00
NULL,1,"greater noida pud","Ignore",0.00,0,0,0.00,1,0,0.00,20.30
NULL,1,"greater noida, uttar pradesh, in","Ignore",0.00,2,0,0.00,0,0,0.00,0.00
NULL,1,"greaternoida hub","Ignore",0.00,5,0,0.00,0,0,0.00,0.00
NULL,1,"greaternoida hub noida","Ignore",0.00,16,0,0.00,1,0,0.00,15.78
NULL,1,"gudha gorji, gudha gorji, rajasthan","Ignore",0.00,0,0,0.00,1,0,0.00,39.33
NULL,1,"gudiwada","Ignore",0.00,2,0,0.00,0,0,0.00,0.00
NULL,1,"gudiwadahub_gdv gudiwada","Ignore",0.00,2,0,0.00,0,0,0.00,0.00
NULL,1,"gudiyatham","Ignore",0.00,1,0,0.00,0,0,0.00,0.00
NULL,1,"gudiyattam","Ignore",0.00,6,0,0.00,1,0,0.00,27.96
NULL,1,"gudur","Ignore",0.00,3,0,0.00,1,0,0.00,27.40
NULL,1,"gudurhub_gud gudur","Ignore",0.00,3,0,0.00,0,0,0.00,0.00
NULL,1,"guhaghar","Ignore",0.00,0,0,0.00,1,0,0.00,14.52
NULL,1,"guindy","Ignore",0.00,2,0,0.00,3,0,0.00,15.17
NULL,1,"gulabpura","Ignore",0.00,0,0,0.00,1,0,0.00,15.18
NULL,1,"gulbarga","Ignore",0.00,17,0,0.00,3,0,0.00,27.34
NULL,1,"gulbarga hub","Ignore",0.00,2,0,0.00,0,0,0.00,0.00
NULL,1,"gulbarga hub gulbarga","Ignore",0.00,4,0,0.00,2,0,0.00,15.55
NULL,1,"gumla","Ignore",0.00,2,0,0.00,0,0,0.00,0.00
NULL,1,"gumla1, gumla, jharkhand","Ignore",0.00,0,0,0.00,1,0,0.00,15.89
NULL,1,"gumlahub_gma gumla","Ignore",0.00,1,0,0.00,0,0,0.00,0.00
NULL,1,"gummidipoondi","Ignore",0.00,5,0,0.00,0,0,0.00,0.00
NULL,1,"gumti hub","Ignore",0.00,3,0,0.00,0,0,0.00,0.00
NULL,1,"gumti hub kanpur","Ignore",0.00,4,0,0.00,0,0,0.00,0.00
NULL,1,"guna","Ignore",0.00,6,0,0.00,2,0,0.00,14.70
NULL,1,"gunahub_gun guna","Ignore",0.00,5,0,0.00,0,0,0.00,0.00
NULL,1,"gunderdehi","Ignore",0.00,1,0,0.00,0,0,0.00,0.00
NULL,1,"gunderdehihub_gun gunderdehi","Ignore",0.00,1,0,0.00,0,0,0.00,0.00
NULL,1,"gunjurhub_blr bengaluru","Ignore",0.00,3,0,0.00,0,0,0.00,0.00
NULL,1,"guntakal","Ignore",0.00,2,0,0.00,0,0,0.00,0.00
NULL,1,"guntakal, guntakal, andhra pradesh","Ignore",0.00,0,0,0.00,1,0,0.00,15.49
NULL,1,"guntakalhub_gtl guntakal","Ignore",0.00,1,0,0.00,1,0,0.00,16.76
NULL,1,"guntur","Ignore",0.00,5,0,0.00,0,0,0.00,0.00
NULL,1,"guntur transit hub","Ignore",0.00,39,0,0.00,1,0,0.00,19.63
NULL,1,"guntur, guntur, andhra pradesh","Ignore",0.00,5,0,0.00,0,0,0.00,0.00
NULL,1,"gunturmdh_gun guntur","Ignore",0.00,1,0,0.00,0,0,0.00,0.00
NULL,1,"gunupur","Ignore",0.00,2,0,0.00,0,0,0.00,0.00
NULL,1,"gunupurhub_gnp","Ignore",0.00,1,0,0.00,0,0,0.00,0.00
NULL,1,"gupta mobile  world phagwara","Ignore",0.00,1,0,0.00,0,0,0.00,0.00
NULL,1,"gupta store ghazipur","Ignore",0.00,1,0,0.00,0,0,0.00,0.00
NULL,1,"gupta store new delhi","Ignore",0.00,1,0,0.00,0,0,0.00,0.00
NULL,1,"gurazala","Ignore",0.00,1,0,0.00,0,0,0.00,0.00
NULL,1,"gurazalamdh_gza gurazala","Ignore",0.00,1,0,0.00,0,0,0.00,0.00
NULL,1,"gurdaspur","Ignore",0.00,7,0,0.00,0,0,0.00,0.00
NULL,1,"gurdaspur hub gurdaspur","Ignore",0.00,2,0,0.00,0,0,0.00,0.00
NULL,1,"gurgaon (skhx)","Ignore",0.00,83,0,0.00,0,0,0.00,0.00
NULL,1,"gurgaon c w","Ignore",0.00,83,0,0.00,9,0,0.00,17.27
NULL,1,"gurgaon hub","Ignore",0.00,5,0,0.00,0,0,0.00,0.00
NULL,1,"gurgaon hub gurgaon","Ignore",0.00,30,0,0.00,0,0,0.00,0.00
NULL,1,"gurgaon manesar hub","Ignore",0.00,3,0,0.00,0,0,0.00,0.00
NULL,1,"gurgaon manesar hub gurgaon","Ignore",0.00,11,0,0.00,0,0,0.00,0.00
NULL,1,"gurgaonmilestonehub_del","Ignore",0.00,4,0,0.00,0,0,0.00,0.00
NULL,1,"gurgaonmilestonehub_del gurugram","Ignore",0.00,24,0,0.00,1,0,0.00,17.23
NULL,1,"gurmeet singh zzz gidderbaha","Ignore",0.00,1,0,0.00,0,0,0.00,0.00
NULL,1,"gurrampati raja shekar reddy master kirana kadapa","Ignore",0.00,1,0,0.00,0,0,0.00,0.00
NULL,1,"gursharan singh dhillon gurdaspur","Ignore",0.00,2,0,0.00,0,0,0.00,0.00
NULL,1,"gurtej store new delhi","Ignore",0.00,1,0,0.00,0,0,0.00,0.00
NULL,1,"guru kripa dry cleaners new delhi","Ignore",0.00,1,0,0.00,0,0,0.00,0.00
NULL,1,"guru trading company sangrur","Ignore",0.00,2,0,0.00,0,0,0.00,0.00
NULL,1,"gurugram","Ignore",0.00,50,0,0.00,2,0,0.00,23.33
NULL,1,"gurugram pataudi","Ignore",0.00,3,0,0.00,1,0,0.00,35.38
NULL,1,"gurukrupa kirana store nandurbar","Ignore",0.00,1,0,0.00,0,0,0.00,0.00
NULL,1,"gurusahaiganj","Ignore",0.00,1,0,0.00,0,0,0.00,0.00
NULL,1,"guruvayoorhub_gyo guruvayoor","Ignore",0.00,1,0,0.00,0,0,0.00,0.00
NULL,1,"guskhara","Ignore",0.00,1,0,0.00,0,0,0.00,0.00
NULL,1,"guwahati - gau","Ignore",0.00,1,0,0.00,0,0,0.00,0.00
NULL,1,"guwahati beltola cod","Ignore",0.00,0,0,0.00,1,0,0.00,14.87
NULL,1,"gwalior","Ignore",0.00,22,0,0.00,0,0,0.00,0.00
NULL,1,"gwaliorhub_gwl gwalior","Ignore",0.00,5,0,0.00,0,0,0.00,0.00
NULL,1,"gwl/anr, gwalior, madhya pradesh","Ignore",0.00,1,0,0.00,0,0,0.00,0.00
NULL,1,"gwl/lsk, gwalior, madhya pradesh","Ignore",0.00,2,0,0.00,1,0,0.00,14.38
NULL,1,"gyaneshwar storr new delhi","Ignore",0.00,3,0,0.00,0,0,0.00,0.00
NULL,1,"gyanpurmdh_gyn jangiganj","Ignore",0.00,0,0,0.00,1,0,0.00,14.45
NULL,1,"gzb/mhn1, delhi ncr, delhi","Ignore",0.00,0,0,0.00,3,0,0.00,33.70
NULL,1,"h d kirana shop nagpur","Ignore",0.00,2,0,0.00,0,0,0.00,0.00
NULL,1,"habra","Ignore",0.00,0,0,0.00,2,0,0.00,15.57
NULL,1,"habsiguda e-tail centre","Ignore",0.00,4,0,0.00,7,0,0.00,17.28
NULL,1,"habsiguda hub hyderabad","Ignore",0.00,6,0,0.00,0,0,0.00,0.00
NULL,1,"hadapsar hub pune","Ignore",0.00,16,0,0.00,0,0,0.00,0.00
NULL,1,"haflong","Ignore",0.00,3,0,0.00,0,0,0.00,0.00
NULL,1,"haflonghub_lfg haflong","Ignore",0.00,3,0,0.00,0,0,0.00,0.00
NULL,1,"hajipurtown, hajipur town, bihar","Ignore",0.00,0,0,0.00,4,0,0.00,23.85
NULL,1,"hajo","Ignore",0.00,0,0,0.00,1,0,0.00,14.75
NULL,1,"hajohub_gau guwahati","Ignore",0.00,1,0,0.00,0,0,0.00,0.00
NULL,1,"hakimpet","Ignore",0.00,0,0,0.00,1,0,0.00,15.82
NULL,1,"haldia","Ignore",0.00,2,0,0.00,0,0,0.00,0.00
NULL,1,"haldia hub haldia","Ignore",0.00,1,0,0.00,0,0,0.00,0.00
NULL,1,"haldwani","Ignore",0.00,8,0,0.00,1,0,0.00,31.50
NULL,1,"haldwani, haldwani, uttarakhand","Ignore",0.00,1,0,0.00,2,0,0.00,14.60
NULL,1,"haldwanihub_hwi","Ignore",0.00,2,0,0.00,1,0,0.00,21.99
NULL,1,"haldwanihub_hwi haldwani","Ignore",0.00,5,0,0.00,0,0,0.00,0.00
NULL,1,"haliyal","Ignore",0.00,3,0,0.00,0,0,0.00,0.00
NULL,1,"haliyalhub_hyl haliyal","Ignore",0.00,3,0,0.00,0,0,0.00,0.00
NULL,1,"halol","Ignore",0.00,4,0,0.00,0,0,0.00,0.00
NULL,1,"halolhub_hll halol","Ignore",0.00,1,0,0.00,0,0,0.00,0.00
NULL,1,"haltu hub","Ignore",0.00,3,0,0.00,0,0,0.00,0.00
NULL,1,"haltu hub kolkata","Ignore",0.00,5,0,0.00,0,0,0.00,0.00
NULL,1,"hamirpur","Ignore",0.00,11,0,0.00,0,0,0.00,0.00
NULL,1,"hamirpur hp - hmm","Ignore",0.00,1,0,0.00,0,0,0.00,0.00
NULL,1,"hamirpur, hamirpur, himachal pradesh","Ignore",0.00,2,0,0.00,1,0,0.00,14.49
NULL,1,"hamirpur, himachal pradesh, in","Ignore",0.00,1,0,0.00,0,0,0.00,0.00
NULL,1,"hamirpurhub_hmp hamirpur","Ignore",0.00,3,0,0.00,0,0,0.00,0.00
NULL,1,"hamjoli boutique store new delhi","Ignore",0.00,1,0,0.00,0,0,0.00,0.00
NULL,1,"hanamkonda hub","Ignore",0.00,2,0,0.00,0,0,0.00,0.00
NULL,1,"hanamkonda hub warangal","Ignore",0.00,8,0,0.00,1,0,0.00,14.76
NULL,1,"hansi, hansi, haryana","Ignore",0.00,0,0,0.00,1,0,0.00,14.33
NULL,1,"hansi, haryana, in","Ignore",0.00,2,0,0.00,0,0,0.00,0.00
NULL,1,"hanuman enterprises master kirana bangalore","Ignore",0.00,1,0,0.00,0,0,0.00,0.00
NULL,1,"hanumangarh","Ignore",0.00,5,0,0.00,2,0,0.00,30.99
NULL,1,"hanumangarhhub_han","Ignore",0.00,1,0,0.00,0,0,0.00,0.00
NULL,1,"hanumangarhhub_han hanumangarh","Ignore",0.00,5,0,0.00,0,0,0.00,0.00
NULL,1,"hanumanjnhub_hmn krishna","Ignore",0.00,1,0,0.00,0,0,0.00,0.00
NULL,1,"hanumanth home dharwad","Ignore",0.00,1,0,0.00,0,0,0.00,0.00
NULL,1,"hapur, hapur, uttar pradesh","Ignore",0.00,0,0,0.00,4,0,0.00,32.39
NULL,1,"hapur, uttar pradesh, in","Ignore",0.00,1,0,0.00,0,0,0.00,0.00
NULL,1,"harda","Ignore",0.00,1,0,0.00,0,0,0.00,0.00
NULL,1,"harda1, harda, madhya pradesh","Ignore",0.00,1,0,0.00,1,0,0.00,41.83
NULL,1,"hardahub_har harda","Ignore",0.00,1,0,0.00,0,0,0.00,0.00
NULL,1,"hardoi","Ignore",0.00,2,0,0.00,0,0,0.00,0.00
NULL,1,"haridwar / rishikesh","Ignore",0.00,3,0,0.00,0,0,0.00,0.00
NULL,1,"haridwar hub","Ignore",0.00,1,0,0.00,0,0,0.00,0.00
NULL,1,"haridwar hub haridwar","Ignore",0.00,5,0,0.00,0,0,0.00,0.00
NULL,1,"harihar","Ignore",0.00,2,0,0.00,0,0,0.00,0.00
NULL,1,"hariharhub_hrr harihar","Ignore",0.00,1,0,0.00,0,0,0.00,0.00
NULL,1,"hariharpurmdh_kad sant kabir nagar","Ignore",0.00,1,0,0.00,0,0,0.00,0.00
NULL,1,"harinavihub_kol","Ignore",0.00,1,0,0.00,0,0,0.00,0.00
NULL,1,"harinavihub_kol kolkata","Ignore",0.00,1,0,0.00,0,0,0.00,0.00
NULL,1,"hariom stationary new delhi","Ignore",0.00,1,0,0.00,0,0,0.00,0.00
NULL,1,"harish home mavelikara","Ignore",0.00,1,0,0.00,0,0,0.00,0.00
NULL,1,"harish kirana greater noida","Ignore",0.00,2,0,0.00,0,0,0.00,0.00
NULL,1,"haritha(home) kozhikode","Ignore",0.00,1,0,0.00,0,0,0.00,0.00
NULL,1,"harkishan kirana faridabad","Ignore",0.00,1,0,0.00,0,0,0.00,0.00
NULL,1,"harmu hub ranchi","Ignore",0.00,1,0,0.00,0,0,0.00,0.00
NULL,1,"harohallihub_rmg bangalore","Ignore",0.00,1,0,0.00,0,0,0.00,0.00
NULL,1,"harsh store junagadh","Ignore",0.00,1,0,0.00,0,0,0.00,0.00
NULL,1,"harsoolodh_ixu aurangabad","Ignore",0.00,5,0,0.00,0,0,0.00,0.00
NULL,1,"harur","Ignore",0.00,1,0,0.00,0,0,0.00,0.00
NULL,1,"harurodh_dmp harur","Ignore",0.00,1,0,0.00,0,0,0.00,0.00
NULL,1,"has/hub, hassan, karnataka","Ignore",0.00,19,0,0.00,0,0,0.00,0.00
NULL,1,"hasan dakhani kirana and genreal store pune","Ignore",0.00,1,0,0.00,0,0,0.00,0.00
NULL,1,"hashir m home tirur","Ignore",0.00,1,0,0.00,0,0,0.00,0.00
NULL,1,"hassan","Ignore",0.00,38,0,0.00,1,0,0.00,14.68
NULL,1,"hassan hub hassan","Ignore",0.00,0,0,0.00,1,0,0.00,16.46
NULL,1,"hassan, karnataka, in","Ignore",0.00,1,0,0.00,0,0,0.00,0.00
NULL,1,"hassantchub_hsn hassan","Ignore",0.00,1,0,0.00,0,0,0.00,0.00
NULL,1,"hasthampatty","Ignore",0.00,0,0,0.00,3,0,0.00,14.70
NULL,1,"hasthinapuram e-tail","Ignore",0.00,2,0,0.00,0,0,0.00,0.00
NULL,1,"hata","Ignore",0.00,1,0,0.00,0,0,0.00,0.00
NULL,1,"hathras1, hathras, uttar pradesh","Ignore",0.00,1,0,0.00,1,0,0.00,19.01
NULL,1,"hatia","Ignore",0.00,1,0,0.00,0,0,0.00,0.00
NULL,1,"hatibarimdh_sbp sambalpur","Ignore",0.00,1,0,0.00,0,0,0.00,0.00
NULL,1,"hattigoldhub_hgh hattigoldmines","Ignore",0.00,1,0,0.00,0,0,0.00,0.00
NULL,1,"hattigoldmines","Ignore",0.00,1,0,0.00,0,0,0.00,0.00
NULL,1,"hau","Ignore",0.00,4,0,0.00,0,0,0.00,0.00
NULL,1,"hauz","Ignore",0.00,15,0,0.00,5,0,0.00,16.08
NULL,1,"hawamahalhub_jai","Ignore",0.00,2,0,0.00,0,0,0.00,0.00
NULL,1,"hawamahalhub_jai jaipur","Ignore",0.00,7,0,0.00,0,0,0.00,0.00
NULL,1,"hayatpurmdh_hyt","Ignore",0.00,1,0,0.00,0,0,0.00,0.00
NULL,1,"hayatpurmdh_hyt gurgaon","Ignore",0.00,7,0,0.00,0,0,0.00,0.00
NULL,1,"hazari store house chinsurah","Ignore",0.00,1,0,0.00,0,0,0.00,0.00
NULL,1,"hazaribag office","Ignore",0.00,0,0,0.00,1,0,0.00,14.88
NULL,1,"hazaribagh","Ignore",0.00,4,0,0.00,0,0,0.00,0.00
NULL,1,"hazaribagh, hazaribagh, jharkhand","Ignore",0.00,5,0,0.00,7,0,0.00,22.62
NULL,1,"hazaribaghhub_hzb","Ignore",0.00,1,0,0.00,0,0,0.00,0.00
NULL,1,"hazaribaghhub_hzb hazaribagh","Ignore",0.00,2,0,0.00,0,0,0.00,0.00
NULL,1,"hazira","Ignore",0.00,3,0,0.00,2,0,0.00,29.77
NULL,1,"hazira, surat, gujarat","Ignore",0.00,1,0,0.00,1,0,0.00,15.31
NULL,1,"hazratganjhub_lko lucknow","Ignore",0.00,4,0,0.00,0,0,0.00,0.00
NULL,1,"hbl/hub, hubli, karnataka","Ignore",0.00,55,0,0.00,0,0,0.00,0.00
NULL,1,"hebal road  centre","Ignore",0.00,0,0,0.00,1,0,0.00,14.72
NULL,1,"hemlata mumbai","Ignore",0.00,3,0,0.00,0,0,0.00,0.00
NULL,1,"henria, contai, west bengal","Ignore",0.00,0,0,0.00,1,0,0.00,14.76
NULL,1,"herbertpur, harbertpur, uttarakhand","Ignore",0.00,0,0,0.00,2,0,0.00,14.94
NULL,1,"hharsh store new delhi","Ignore",0.00,1,0,0.00,0,0,0.00,0.00
NULL,1,"himayat nagar (hmng)","Ignore",0.00,128,0,0.00,0,0,0.00,0.00
NULL,1,"himmat nagar, himmat nagar, gujarat","Ignore",0.00,0,0,0.00,1,0,0.00,39.89
NULL,1,"himmatnagar","Ignore",0.00,11,0,0.00,0,0,0.00,0.00
NULL,1,"himmatnagarhub_hmt","Ignore",0.00,1,0,0.00,0,0,0.00,0.00
NULL,1,"himmatnagarhub_hmt himmatnagar","Ignore",0.00,6,0,0.00,0,0,0.00,0.00
NULL,1,"hindaun h.o","Ignore",0.00,1,0,0.00,0,0,0.00,0.00
NULL,1,"hindolmdh_dkn angul","Ignore",0.00,1,0,0.00,0,0,0.00,0.00
NULL,1,"hindupur","Ignore",0.00,3,0,0.00,0,0,0.00,0.00
NULL,1,"hindupurhub_hdp","Ignore",0.00,1,0,0.00,0,0,0.00,0.00
NULL,1,"hingoli","Ignore",0.00,3,0,0.00,0,0,0.00,0.00
NULL,1,"hinjewadi pud centre","Ignore",0.00,0,0,0.00,1,0,0.00,14.57
NULL,1,"hinjewadi service centre","Ignore",0.00,1,0,0.00,0,0,0.00,0.00
NULL,1,"hinjilicut, hinjilicut, orissa","Ignore",0.00,0,0,0.00,1,0,0.00,16.06
NULL,1,"hira das shop new delhi","Ignore",0.00,2,0,0.00,0,0,0.00,0.00
NULL,1,"hiranagarmdh_hir kathua","Ignore",0.00,2,0,0.00,0,0,0.00,0.00
NULL,1,"hiryur","Ignore",0.00,1,0,0.00,0,0,0.00,0.00
NULL,1,"hiryurhub_hyr hiryur","Ignore",0.00,1,0,0.00,0,0,0.00,0.00
NULL,1,"hisar","Ignore",0.00,0,0,0.00,1,0,0.00,16.40
NULL,1,"hissar","Ignore",0.00,15,0,0.00,0,0,0.00,0.00
NULL,1,"hissar cantonment","Ignore",0.00,1,0,0.00,0,0,0.00,0.00
NULL,1,"hissar hub hissar","Ignore",0.00,4,0,0.00,1,0,0.00,14.82
NULL,1,"hissar, hissar, haryana","Ignore",0.00,1,0,0.00,2,0,0.00,30.46
NULL,1,"hitech city","Ignore",0.00,3,0,0.00,1,0,0.00,14.72
NULL,1,"hitech city kondapur","Ignore",0.00,1,0,0.00,0,0,0.00,0.00
NULL,1,"hiten.  rathod mumbai","Ignore",0.00,1,0,0.00,0,0,0.00,0.00
NULL,1,"hojaihub_hji hojai","Ignore",0.00,2,0,0.00,0,0,0.00,0.00
NULL,1,"holalkere","Ignore",0.00,2,0,0.00,0,0,0.00,0.00
NULL,1,"holalkerehub_hlk","Ignore",0.00,1,0,0.00,0,0,0.00,0.00
NULL,1,"holalkerehub_hlk holalkere","Ignore",0.00,2,0,0.00,0,0,0.00,0.00
NULL,1,"holenarsipurhub_hln kote holenarsipura","Ignore",0.00,3,0,0.00,0,0,0.00,0.00
NULL,1,"hoodihub_blr","Ignore",0.00,1,0,0.00,0,0,0.00,0.00
NULL,1,"hoodihub_blr bengaluru","Ignore",0.00,6,0,0.00,1,0,0.00,15.04
NULL,1,"hoodihubtemp_blr","Ignore",0.00,1,0,0.00,0,0,0.00,0.00
NULL,1,"hoodihubtemp_blr bengaluru","Ignore",0.00,1,0,0.00,0,0,0.00,0.00
NULL,1,"hooghly","Ignore",0.00,1,0,0.00,0,0,0.00,0.00
NULL,1,"hooghly, west bengal, in","Ignore",0.00,1,0,0.00,0,0,0.00,0.00
NULL,1,"hoogly","Ignore",0.00,4,0,0.00,0,0,0.00,0.00
NULL,1,"hosadurga","Ignore",0.00,2,0,0.00,0,0,0.00,0.00
NULL,1,"hosadurgahub_hsd","Ignore",0.00,1,0,0.00,0,0,0.00,0.00
NULL,1,"hosadurgahub_hsd hosadurga","Ignore",0.00,0,0,0.00,2,0,0.00,14.97
NULL,1,"hosanagara","Ignore",0.00,1,0,0.00,0,0,0.00,0.00
NULL,1,"hosapete","Ignore",0.00,0,0,0.00,1,0,0.00,14.45
NULL,1,"hoshangabad","Ignore",0.00,3,0,0.00,1,0,0.00,28.38
NULL,1,"hoshangabadhub_hgb","Ignore",0.00,1,0,0.00,0,0,0.00,0.00
NULL,1,"hoshangabadhub_hgb hoshangabad","Ignore",0.00,2,0,0.00,0,0,0.00,0.00
NULL,1,"hoshiarpur","Ignore",0.00,8,0,0.00,0,0,0.00,0.00
NULL,1,"hoshiarpur hub","Ignore",0.00,2,0,0.00,0,0,0.00,0.00
NULL,1,"hoshiarpur hub hoshiarpur","Ignore",0.00,2,0,0.00,0,0,0.00,0.00
NULL,1,"hoskote, karnataka, in","Ignore",0.00,4,0,0.00,1,0,0.00,14.13
NULL,1,"hospet","Ignore",0.00,2,0,0.00,0,0,0.00,0.00
NULL,1,"hospet, karnataka, in","Ignore",0.00,2,0,0.00,0,0,0.00,0.00
NULL,1,"hospethub_hpt hospet","Ignore",0.00,2,0,0.00,0,0,0.00,0.00
NULL,1,"hosur","Ignore",0.00,22,0,0.00,1,0,0.00,14.38
NULL,1,"hosur hub","Ignore",0.00,2,0,0.00,0,0,0.00,0.00
NULL,1,"hosur hub hosur","Ignore",0.00,3,0,0.00,0,0,0.00,0.00
NULL,1,"hosur, tamil nadu, in","Ignore",0.00,12,0,0.00,2,0,0.00,38.21
NULL,1,"hosureasthub_hos hosur","Ignore",0.00,1,0,0.00,0,0,0.00,0.00
NULL,1,"hosurnorthhub_hos hosur","Ignore",0.00,1,0,0.00,0,0,0.00,0.00
NULL,1,"howrah","Ignore",0.00,14,0,0.00,0,0,0.00,0.00
NULL,1,"howrah city","Ignore",0.00,0,0,0.00,2,0,0.00,14.85
NULL,1,"howrah salkia","Ignore",0.00,0,0,0.00,4,0,0.00,33.72
NULL,1,"howrah, batanagar, west bengal","Ignore",0.00,0,0,0.00,3,0,0.00,33.54
NULL,1,"hoysalahub_hsn hassan","Ignore",0.00,1,0,0.00,0,0,0.00,0.00
NULL,1,"hsr e-tail centre","Ignore",0.00,4,0,0.00,13,0,0.00,35.42
NULL,1,"hsr hub","Ignore",0.00,1,0,0.00,0,0,0.00,0.00
NULL,1,"hsr hub bengaluru","Ignore",0.00,7,0,0.00,0,0,0.00,0.00
NULL,1,"hsr layout (hsrl)","Ignore",0.00,1,0,0.00,0,0,0.00,0.00
NULL,1,"hubli","Ignore",0.00,16,0,0.00,1,0,0.00,22.22
NULL,1,"hubli hub hubli","Ignore",0.00,7,0,0.00,0,0,0.00,0.00
NULL,1,"hubli service centre","Ignore",0.00,0,0,0.00,7,0,0.00,18.93
NULL,1,"hubli, hubli, karnataka","Ignore",0.00,1,0,0.00,3,0,0.00,17.31
NULL,1,"hubli/sub urb, hubli, karnataka","Ignore",0.00,0,0,0.00,1,0,0.00,33.26
NULL,1,"hukam kirana store jaipur","Ignore",0.00,1,0,0.00,0,0,0.00,0.00
NULL,1,"hukkeri","Ignore",0.00,1,0,0.00,0,0,0.00,0.00
NULL,1,"hukkerihub_hkr","Ignore",0.00,1,0,0.00,0,0,0.00,0.00
NULL,1,"hukkerihub_hkr hukkeri","Ignore",0.00,1,0,0.00,0,0,0.00,0.00
NULL,1,"hulimavuhub_blr","Ignore",0.00,1,0,0.00,0,0,0.00,0.00
NULL,1,"hulimavuhub_blr bengaluru","Ignore",0.00,5,0,0.00,1,0,0.00,14.03
NULL,1,"humnabad","Ignore",0.00,2,0,0.00,0,0,0.00,0.00
NULL,1,"humnabadhub_hmd humnabad","Ignore",0.00,2,0,0.00,0,0,0.00,0.00
NULL,1,"hunsur","Ignore",0.00,1,0,0.00,2,0,0.00,14.65
NULL,1,"hunsurhub_hun","Ignore",0.00,1,0,0.00,0,0,0.00,0.00
NULL,1,"hunsurhub_hun hunsur","Ignore",0.00,1,0,0.00,0,0,0.00,0.00
NULL,1,"huramdh_hua hura","Ignore",0.00,1,0,0.00,0,0,0.00,0.00
NULL,1,"huvinahadagali","Ignore",0.00,3,0,0.00,0,0,0.00,0.00
NULL,1,"huvinahadagalihub_huv","Ignore",0.00,2,0,0.00,0,0,0.00,0.00
NULL,1,"huvinahadagalihub_huv huvinahadagali","Ignore",0.00,3,0,0.00,0,0,0.00,0.00
NULL,1,"hyd cod processing centre","Ignore",0.00,47,0,0.00,1,0,0.00,29.22
NULL,1,"hyd hub at aviation","Ignore",0.00,1,0,0.00,0,0,0.00,0.00
NULL,1,"hyd/abs, hyderabad, telangana","Ignore",0.00,1,0,0.00,0,0,0.00,0.00
NULL,1,"hyd/brg-tml, hyderabad, telangana","Ignore",0.00,0,0,0.00,2,0,0.00,39.97
NULL,1,"hyd/bwn, hyderabad, telangana","Ignore",0.00,1,0,0.00,1,0,0.00,17.23
NULL,1,"hyd/cdn, hyderabad, telangana","Ignore",0.00,3,0,0.00,0,0,0.00,0.00
NULL,1,"hyd/cha, hyderabad, telangana","Ignore",0.00,2,0,0.00,0,0,0.00,0.00
NULL,1,"hyd/dil-tml, hyderabad, telangana","Ignore",0.00,0,0,0.00,1,0,0.00,16.89
NULL,1,"hyd/gcb, hyderabad, telangana","Ignore",0.00,3,0,0.00,0,0,0.00,0.00
NULL,1,"hyd/kdp-tml, hyderabad, telangana","Ignore",0.00,6,0,0.00,2,0,0.00,16.40
NULL,1,"hyd/lbn, hyderabad, telangana","Ignore",0.00,4,0,0.00,5,0,0.00,37.15
NULL,1,"hyd/mlk, hyderabad, telangana","Ignore",0.00,1,0,0.00,0,0,0.00,0.00
NULL,1,"hyd/mou-tml, hyderabad, telangana","Ignore",0.00,0,0,0.00,1,0,0.00,14.98
NULL,1,"hyd/nal-tml, hyderabad, telangana","Ignore",0.00,0,0,0.00,1,0,0.00,26.70
NULL,1,"hyd/nlk, hyderabad, telangana","Ignore",0.00,1,0,0.00,0,0,0.00,0.00
NULL,1,"hyd/nsg, hyderabad, telangana","Ignore",0.00,2,0,0.00,2,0,0.00,15.52
NULL,1,"hyd/old, hyderabad, telangana","Ignore",0.00,4,0,0.00,3,0,0.00,16.32
NULL,1,"hyd/pc1, hyderabad, telangana","Ignore",0.00,390,0,0.00,2,0,0.00,19.50
NULL,1,"hyd/rci, hyderabad, telangana","Ignore",0.00,1,0,0.00,0,0,0.00,0.00
NULL,1,"hyd/rto, hyderabad, telangana","Ignore",0.00,4,0,0.00,0,0,0.00,0.00
NULL,1,"hyd/sai, hyderabad, telangana","Ignore",0.00,0,0,0.00,2,0,0.00,15.45
NULL,1,"hyd/sec, hyderabad, telangana","Ignore",0.00,1,0,0.00,2,0,0.00,31.07
NULL,1,"hyd/smh-tsp, hyderabad, telangana","Ignore",0.00,1,0,0.00,0,0,0.00,0.00
NULL,1,"hyd/snk, hyderabad, telangana","Ignore",0.00,1,0,0.00,2,0,0.00,28.25
NULL,1,"hyd/spt-ehv, hyderabad, telangana","Ignore",0.00,4,0,0.00,0,0,0.00,0.00
NULL,1,"hyd/spt, hyderabad, telangana","Ignore",0.00,2,0,0.00,2,0,0.00,15.24
NULL,1,"hyd/yap, hyderabad, telangana","Ignore",0.00,1,0,0.00,5,0,0.00,51.22
NULL,1,"hyd/you, hyderabad, telangana","Ignore",0.00,1,0,0.00,2,0,0.00,15.63
NULL,1,"ibrahim badusha ( home ) palakkad","Ignore",0.00,1,0,0.00,0,0,0.00,0.00
NULL,1,"ibrahimpatnam","Ignore",0.00,1,0,0.00,0,0,0.00,0.00
NULL,1,"ibrar ahmad new delhi","Ignore",0.00,3,0,0.00,0,0,0.00,0.00
NULL,1,"icfaihub_del new delhi","Ignore",0.00,39,0,0.00,1,0,0.00,16.01
NULL,1,"ichakhub_hzb hazaribagh","Ignore",0.00,1,0,0.00,0,0,0.00,0.00
NULL,1,"ichalkaranji","Ignore",0.00,5,0,0.00,1,0,0.00,20.07
NULL,1,"ichalkaranji hub ichalkaranji","Ignore",0.00,3,0,0.00,0,0,0.00,0.00
NULL,1,"ichalkarnaji, ichalkaranji, maharashtra","Ignore",0.00,0,0,0.00,1,0,0.00,15.26
NULL,1,"ichchapuram","Ignore",0.00,1,0,0.00,0,0,0.00,0.00
NULL,1,"ichchapuramhub_icp ichchapuram","Ignore",0.00,1,0,0.00,0,0,0.00,0.00
NULL,1,"idappadi","Ignore",0.00,3,0,0.00,1,0,0.00,26.25
NULL,1,"idappadihub_ipp idappadi","Ignore",0.00,3,0,0.00,0,0,0.00,0.00
NULL,1,"idar1, idar, gujarat","Ignore",0.00,0,0,0.00,1,0,0.00,14.92
NULL,1,"identifyplusamreliodh_amr","Ignore",0.00,2,0,0.00,0,0,0.00,0.00
NULL,1,"identifyplusamreliodh_amr amreli","Ignore",0.00,3,0,0.00,0,0,0.00,0.00
NULL,1,"identifyplusazamatgarhmdh_aza azmatgarh","Ignore",0.00,0,0,0.00,1,0,0.00,15.13
NULL,1,"identifyplusbaddiodh_bdi nalagarh","Ignore",0.00,2,0,0.00,0,0,0.00,0.00
NULL,1,"identifyplusbandikuiodh_bnd bandikui","Ignore",0.00,1,0,0.00,0,0,0.00,0.00
NULL,1,"identifyplusbaskhariodh_fzb","Ignore",0.00,1,0,0.00,0,0,0.00,0.00
NULL,1,"identifyplusbaskhariodh_fzb baskhari ambedkar nagar","Ignore",0.00,1,0,0.00,0,0,0.00,0.00
NULL,1,"identifyplusbhagalpursplitodh_bgp bhagalpur","Ignore",0.00,4,0,0.00,0,0,0.00,0.00
NULL,1,"identifyplusbhagatpurodh_atr budanpur ambedkar nagar","Ignore",0.00,1,0,0.00,0,0,0.00,0.00
NULL,1,"identifyplusbramhapuriodh_bhp bramhapuri","Ignore",0.00,1,0,0.00,0,0,0.00,0.00
NULL,1,"identifypluschikkathirupathimdh_mlr malur","Ignore",0.00,1,0,0.00,0,0,0.00,0.00
NULL,1,"identifyplusdarbhangasplitodh_dbg","Ignore",0.00,1,0,0.00,0,0,0.00,0.00
NULL,1,"identifyplusdarbhangasplitodh_dbg darbhanga","Ignore",0.00,1,0,0.00,0,0,0.00,0.00
NULL,1,"identifyplusderabassimdh_dra","Ignore",0.00,1,0,0.00,0,0,0.00,0.00
NULL,1,"identifyplusderabassimdh_dra dera bassi","Ignore",0.00,1,0,0.00,0,0,0.00,0.00
NULL,1,"identifyplusdharodh_dhr","Ignore",0.00,1,0,0.00,0,0,0.00,0.00
NULL,1,"identifyplusdharodh_dhr dhar","Ignore",0.00,3,0,0.00,1,0,0.00,14.10
NULL,1,"identifyplusgondiaodh_gdi","Ignore",0.00,2,0,0.00,0,0,0.00,0.00
NULL,1,"identifyplusgondiaodh_gdi gondia","Ignore",0.00,3,0,0.00,0,0,0.00,0.00
NULL,1,"identifyplushingoliodh_hin hingoli","Ignore",0.00,3,0,0.00,0,0,0.00,0.00
NULL,1,"identifyplusjanjgirodh_jgr janjgir","Ignore",0.00,0,0,0.00,1,0,0.00,14.40
NULL,1,"identifyplusjashpurodh_jsp jashpur","Ignore",0.00,1,0,0.00,1,0,0.00,15.01
NULL,1,"identifyplusjaspurmdh_jsp jaspur","Ignore",0.00,1,0,0.00,0,0,0.00,0.00
NULL,1,"identifypluskhararodh_khr kharar","Ignore",0.00,2,0,0.00,0,0,0.00,0.00
NULL,1,"identifyplusmaharajpurodh_mhr","Ignore",0.00,1,0,0.00,0,0,0.00,0.00
NULL,1,"identifyplusmanalimdh_mnl manali","Ignore",0.00,1,0,0.00,0,0,0.00,0.00
NULL,1,"identifyplusmangrolodh_mgl mangrol","Ignore",0.00,2,0,0.00,0,0,0.00,0.00
NULL,1,"identifyplusmankapurodh_mnk mankapur gonda","Ignore",0.00,1,0,0.00,0,0,0.00,0.00
NULL,1,"identifyplusmulmdh_mul mul","Ignore",0.00,2,0,0.00,0,0,0.00,0.00
NULL,1,"identifyplusnahanmdh_nhn nahan","Ignore",0.00,1,0,0.00,0,0,0.00,0.00
NULL,1,"identifyplusnarasapuramdh_klr","Ignore",0.00,1,0,0.00,0,0,0.00,0.00
NULL,1,"identifyplusnarasapuramdh_klr narsapur","Ignore",0.00,1,0,0.00,0,0,0.00,0.00
NULL,1,"identifyplusnautanwaodh_ntn nautanwa maharajganj","Ignore",0.00,1,0,0.00,0,0,0.00,0.00
NULL,1,"identifyplusnawalgarhodh_nwl nawalgarh","Ignore",0.00,0,0,0.00,1,0,0.00,15.06
NULL,1,"identifypluspannaodh_pna panna","Ignore",0.00,3,0,0.00,0,0,0.00,0.00
NULL,1,"identifypluspirangutodh_pir pune","Ignore",0.00,1,0,0.00,0,0,0.00,0.00
NULL,1,"identifyplusponnampetmdh_kdg ponnampet","Ignore",0.00,1,0,0.00,0,0,0.00,0.00
NULL,1,"identifyplusrajsamandodh_rjs nathdwara","Ignore",0.00,1,0,0.00,0,0,0.00,0.00
NULL,1,"identifyplussantravidasnagarodh_srn santravidasnagar","Ignore",0.00,1,0,0.00,0,0,0.00,0.00
NULL,1,"identifyplussikarodh_skr","Ignore",0.00,1,0,0.00,0,0,0.00,0.00
NULL,1,"identifyplussikarodh_skr sikar","Ignore",0.00,1,0,0.00,0,0,0.00,0.00
NULL,1,"identifyplustaranagarodh_tar churu","Ignore",0.00,1,0,0.00,0,0,0.00,0.00
NULL,1,"identifyplustikamgarhodh_tgh tikamgarh","Ignore",0.00,1,0,0.00,0,0,0.00,0.00
NULL,1,"identifyplusumerkhedodh_umr","Ignore",0.00,1,0,0.00,0,0,0.00,0.00
NULL,1,"identifyplusumerkhedodh_umr umarkhed","Ignore",0.00,1,0,0.00,0,0,0.00,0.00
NULL,1,"identifyplusupletaodh_upl","Ignore",0.00,1,0,0.00,0,0,0.00,0.00
NULL,1,"identifyplusupletaodh_upl upleta","Ignore",0.00,4,0,0.00,0,0,0.00,0.00
NULL,1,"identifyplusvidyanagarodh_bho mandideep","Ignore",0.00,1,0,0.00,0,0,0.00,0.00
NULL,1,"idr/idr, indore, madhya pradesh","Ignore",0.00,2,0,0.00,7,0,0.00,18.55
NULL,1,"idr/mmt, indore, madhya pradesh","Ignore",0.00,3,0,0.00,0,0,0.00,0.00
NULL,1,"idr/rjn, indore, madhya pradesh","Ignore",0.00,1,0,0.00,1,0,0.00,15.31
NULL,1,"idr/rto, indore, madhya pradesh","Ignore",0.00,3,0,0.00,0,0,0.00,0.00
NULL,1,"ilkal","Ignore",0.00,2,0,0.00,0,0,0.00,0.00
NULL,1,"ilkalhub_ikl ilkal","Ignore",0.00,1,0,0.00,0,0,0.00,0.00
NULL,1,"imamganjmdh_img gaya","Ignore",0.00,1,0,0.00,0,0,0.00,0.00
NULL,1,"ind warehouse","Ignore",0.00,45,0,0.00,3,0,0.00,22.28
NULL,1,"indahub_kgp kharagpur","Ignore",0.00,2,0,0.00,0,0,0.00,0.00
NULL,1,"indapur","Ignore",0.00,3,0,0.00,0,0,0.00,0.00
NULL,1,"indapurhub_ind indapur","Ignore",0.00,3,0,0.00,0,0,0.00,0.00
NULL,1,"indiaquick _anupgarh anupgarh","Ignore",0.00,1,0,0.00,0,0,0.00,0.00
NULL,1,"indiquick majiri kalan alwar","Ignore",0.00,2,0,0.00,0,0,0.00,0.00
NULL,1,"indiquick_177113_177113_177105_ttspldehraodh_dhr hamirpur","Ignore",0.00,2,0,0.00,0,0,0.00,0.00
NULL,1,"indiquick_mertaroad merta city","Ignore",0.00,0,0,0.00,1,0,0.00,14.33
NULL,1,"indira nagar counter","Ignore",0.00,1,0,0.00,1,0,0.00,15.45
NULL,1,"indiranagarhub_lko","Ignore",0.00,2,0,0.00,0,0,0.00,0.00
NULL,1,"indiranagarhub_lko lucknow","Ignore",0.00,1,0,0.00,1,0,0.00,14.75
NULL,1,"indirapuramhub_del","Ignore",0.00,2,0,0.00,0,0,0.00,0.00
NULL,1,"indirapuramhub_del ghaziabad","Ignore",0.00,13,0,0.00,0,0,0.00,0.00
NULL,1,"indore - ind","Ignore",0.00,1,0,0.00,0,0,0.00,0.00
NULL,1,"indore (idrh)","Ignore",0.00,1,0,0.00,0,0,0.00,0.00
NULL,1,"indore hub (idrw)","Ignore",0.00,5,0,0.00,0,0,0.00,0.00
NULL,1,"indore hub indore","Ignore",0.00,4,0,0.00,2,0,0.00,15.56
NULL,1,"indraprakash bldg","Ignore",0.00,1,0,0.00,0,0,0.00,0.00
NULL,1,"inf service centre","Ignore",0.00,9,0,0.00,2,0,0.00,15.10
NULL,1,"international tech park","Ignore",0.00,15,0,0.00,5,0,0.00,16.18
NULL,1,"ioclnoidahub_del","Ignore",0.00,2,0,0.00,0,0,0.00,0.00
NULL,1,"ioclnoidahub_del noida","Ignore",0.00,6,0,0.00,0,0,0.00,0.00
NULL,1,"irfan kirana w26","Ignore",0.00,1,0,0.00,0,0,0.00,0.00
NULL,1,"irinjalakuda","Ignore",0.00,0,0,0.00,2,0,0.00,14.75
NULL,1,"irinjalakudahub_ijk","Ignore",0.00,1,0,0.00,0,0,0.00,0.00
NULL,1,"irinjalakudahub_ijk trisshur","Ignore",0.00,3,0,0.00,0,0,0.00,0.00
NULL,1,"irshi store new delhi","Ignore",0.00,0,0,0.00,1,0,0.00,14.39
NULL,1,"ishika stiching centre bathinda","Ignore",0.00,1,0,0.00,0,0,0.00,0.00
NULL,1,"ishu genral store gautam buddha nagar","Ignore",0.00,1,0,0.00,0,0,0.00,0.00
NULL,1,"islampur","Ignore",0.00,1,0,0.00,0,0,0.00,0.00
NULL,1,"islampurhub_sng sangli","Ignore",0.00,1,0,0.00,0,0,0.00,0.00
NULL,1,"islampurwbhub_ipr islampur","Ignore",0.00,1,0,0.00,0,0,0.00,0.00
NULL,1,"itahar, itahar, west bengal","Ignore",0.00,0,0,0.00,1,0,0.00,14.64
NULL,1,"itanagar","Ignore",0.00,3,0,0.00,0,0,0.00,0.00
NULL,1,"itanagarhub_ito itanagar","Ignore",0.00,1,0,0.00,0,0,0.00,0.00
NULL,1,"itarsi","Ignore",0.00,2,0,0.00,0,0,0.00,0.00
NULL,1,"itarsihub_itr","Ignore",0.00,1,0,0.00,0,0,0.00,0.00
NULL,1,"itarsihub_itr itarsi","Ignore",0.00,2,0,0.00,0,0,0.00,0.00
NULL,1,"itaunja, itaunja, uttar pradesh","Ignore",0.00,0,0,0.00,1,0,0.00,19.42
NULL,1,"ito serv centre-jalandhar","Ignore",0.00,8,0,0.00,2,0,0.00,14.50
NULL,1,"itpl hub bengaluru","Ignore",0.00,5,0,0.00,0,0,0.00,0.00
NULL,1,"ixa/bjl, agartala, tripura","Ignore",0.00,0,0,0.00,1,0,0.00,24.46
NULL,1,"ixb","Ignore",0.00,5,0,0.00,0,0,0.00,0.00
NULL,1,"ixbh","Ignore",0.00,5,0,0.00,5,0,0.00,38.65
NULL,1,"ixg/cty-tml, belgaum, karnataka","Ignore",0.00,1,0,0.00,0,0,0.00,0.00
NULL,1,"ixg/hub, belgaum, karnataka","Ignore",0.00,49,0,0.00,0,0,0.00,0.00
NULL,1,"ixg/nrt-tml, belgaum, karnataka","Ignore",0.00,0,0,0.00,1,0,0.00,38.04
NULL,1,"ixg/sth-tml, belgaum, karnataka","Ignore",0.00,0,0,0.00,1,0,0.00,15.82
NULL,1,"ixm apx/sfc pud centre","Ignore",0.00,2,0,0.00,0,0,0.00,0.00
NULL,1,"j p nagar service centre","Ignore",0.00,6,0,0.00,9,0,0.00,36.53
NULL,1,"jabalpur","Ignore",0.00,15,0,0.00,4,0,0.00,35.43
NULL,1,"jabalpur hub jabalpur","Ignore",0.00,8,0,0.00,0,0,0.00,0.00
NULL,1,"jabalpur, jabalpur, madhya pradesh","Ignore",0.00,0,0,0.00,3,0,0.00,15.55
NULL,1,"jadavpur - cod","Ignore",0.00,0,0,0.00,9,0,0.00,15.65
NULL,1,"jadcherla, jadcherla, telangana","Ignore",0.00,0,0,0.00,1,0,0.00,39.37
NULL,1,"jagadesh old wm tadipatri","Ignore",0.00,1,0,0.00,0,0,0.00,0.00
NULL,1,"jagadhri","Ignore",0.00,4,0,0.00,1,0,0.00,28.14
NULL,1,"jaganath prasad","Ignore",0.00,1,0,0.00,0,0,0.00,0.00
NULL,1,"jagannathprasadmdh_gam jaganath prasad","Ignore",0.00,1,0,0.00,0,0,0.00,0.00
NULL,1,"jagatballavpur","Ignore",0.00,2,0,0.00,0,0,0.00,0.00
NULL,1,"jagatpur","Ignore",0.00,1,0,0.00,0,0,0.00,0.00
NULL,1,"jagatpurahub_jai","Ignore",0.00,1,0,0.00,0,0,0.00,0.00
NULL,1,"jagatpurahub_jai malvinagar","Ignore",0.00,2,0,0.00,0,0,0.00,0.00
NULL,1,"jagdalpur","Ignore",0.00,5,0,0.00,3,0,0.00,31.05
NULL,1,"jagdalpur, jagdalpur, chhattisgarh","Ignore",0.00,5,0,0.00,3,0,0.00,46.28
NULL,1,"jagdalpurhub_jgr jagdalpur","Ignore",0.00,3,0,0.00,0,0,0.00,0.00
NULL,1,"jagdishpur, jagdishpur, uttar pradesh","Ignore",0.00,0,0,0.00,1,0,0.00,19.23
NULL,1,"jaggi store new delhi","Ignore",0.00,1,0,0.00,0,0,0.00,0.00
NULL,1,"jagjeet singh begampur new delhi","Ignore",0.00,1,0,0.00,0,0,0.00,0.00
NULL,1,"jagmohannagarmdh_bbi bhubaneswar","Ignore",0.00,3,0,0.00,0,0,0.00,0.00
NULL,1,"jagphool kirana shop new delhi","Ignore",0.00,1,0,0.00,0,0,0.00,0.00
NULL,1,"jagraon","Ignore",0.00,2,0,0.00,1,0,0.00,21.14
NULL,1,"jagraon, jagraon, punjab","Ignore",0.00,0,0,0.00,1,0,0.00,18.71
NULL,1,"jagtai","Ignore",0.00,1,0,0.00,0,0,0.00,0.00
NULL,1,"jagtaihub_nil jagtai","Ignore",0.00,1,0,0.00,0,0,0.00,0.00
NULL,1,"jagtar communication mohali","Ignore",0.00,1,0,0.00,0,0,0.00,0.00
NULL,1,"jagtial, jagtial, telangana","Ignore",0.00,0,0,0.00,1,0,0.00,15.45
NULL,1,"jahangirabad","Ignore",0.00,1,0,0.00,0,0,0.00,0.00
NULL,1,"jai ambe kirana and general store nagpur","Ignore",0.00,1,0,0.00,0,0,0.00,0.00
NULL,1,"jai bhagwan new delhi","Ignore",0.00,1,0,0.00,0,0,0.00,0.00
NULL,1,"jai home tirupur","Ignore",0.00,1,0,0.00,0,0,0.00,0.00
NULL,1,"jai maa kalka enterprises service lakhna","Ignore",0.00,1,0,0.00,0,0,0.00,0.00
NULL,1,"jai mata di communication new delhi","Ignore",0.00,4,0,0.00,0,0,0.00,0.00
NULL,1,"jai shree raam new delhi","Ignore",0.00,1,0,0.00,0,0,0.00,0.00
NULL,1,"jai/ada, jaipur, rajasthan","Ignore",0.00,1,0,0.00,1,0,0.00,38.56
NULL,1,"jai/bts jaipur","Ignore",0.00,100,0,0.00,0,0,0.00,0.00
NULL,1,"jai/jai, jaipur, rajasthan","Ignore",0.00,1,0,0.00,0,0,0.00,0.00
NULL,1,"jai/sng, jaipur, rajasthan","Ignore",0.00,3,0,0.00,1,0,0.00,33.78
NULL,1,"jai/vki, jaipur, rajasthan","Ignore",0.00,0,0,0.00,1,0,0.00,14.35
NULL,1,"jaigaon","Ignore",0.00,1,0,0.00,0,0,0.00,0.00
NULL,1,"jaigaon, jaigaon, west bengal","Ignore",0.00,0,0,0.00,1,0,0.00,15.40
NULL,1,"jaipatna","Ignore",0.00,2,0,0.00,0,0,0.00,0.00
NULL,1,"jaipur - jai","Ignore",0.00,1,0,0.00,1,0,0.00,46.87
NULL,1,"jaipur bagru","Ignore",0.00,1,0,0.00,3,0,0.00,30.42
NULL,1,"jaipur etail centre","Ignore",0.00,9,0,0.00,0,0,0.00,0.00
NULL,1,"jaipur hub jaipur","Ignore",0.00,3,0,0.00,0,0,0.00,0.00
NULL,1,"jaipur malviya nagar","Ignore",0.00,23,0,0.00,4,0,0.00,16.23
NULL,1,"jaipur mansarovar","Ignore",0.00,8,0,0.00,3,0,0.00,15.37
NULL,1,"jaipur vidhadhar nagar","Ignore",0.00,1,0,0.00,1,0,0.00,14.48
NULL,1,"jaipur, rajasthan, in","Ignore",0.00,8,0,0.00,0,0,0.00,0.00
NULL,1,"jaipurmansaroverhub_jai","Ignore",0.00,1,0,0.00,0,0,0.00,0.00
NULL,1,"jaipurmansaroverhub_jai jaipur","Ignore",0.00,6,0,0.00,1,0,0.00,14.65
NULL,1,"jaisalmer","Ignore",0.00,0,0,0.00,1,0,0.00,25.68
NULL,1,"jaisalmer, jaisalmer, rajasthan","Ignore",0.00,0,0,0.00,1,0,0.00,29.96
NULL,1,"jaisinghpur","Ignore",0.00,1,0,0.00,0,0,0.00,0.00
NULL,1,"jajpur","Ignore",0.00,1,0,0.00,1,0,0.00,14.97
NULL,1,"jajpur town","Ignore",0.00,0,0,0.00,1,0,0.00,15.40
NULL,1,"jakir store new delhi","Ignore",0.00,3,0,0.00,0,0,0.00,0.00
NULL,1,"jakkasandraeightyfeethub_blr","Ignore",0.00,1,0,0.00,0,0,0.00,0.00
NULL,1,"jakkasandraeightyfeethub_blr bengaluru","Ignore",0.00,3,0,0.00,0,0,0.00,0.00
NULL,1,"jalakandapuramhub_jkm mettur","Ignore",0.00,1,0,0.00,0,0,0.00,0.00
NULL,1,"jalalabad","Ignore",0.00,1,0,0.00,0,0,0.00,0.00
NULL,1,"jalalabadodh_jal jalalabad","Ignore",0.00,1,0,0.00,0,0,0.00,0.00
NULL,1,"jalandhar - jrd","Ignore",0.00,1,0,0.00,1,0,0.00,36.08
NULL,1,"jalandhar bypass sc","Ignore",0.00,12,0,0.00,7,0,0.00,15.50
NULL,1,"jalandhar hub","Ignore",0.00,3,0,0.00,0,0,0.00,0.00
NULL,1,"jalandhar hub jalandhar","Ignore",0.00,4,0,0.00,0,0,0.00,0.00
NULL,1,"jalandhar service centre","Ignore",0.00,1,0,0.00,3,0,0.00,15.23
NULL,1,"jalandhar, jalandhar, punjab","Ignore",0.00,1,0,0.00,0,0,0.00,0.00
NULL,1,"jalandharbastiyaodh_jlr","Ignore",0.00,1,0,0.00,0,0,0.00,0.00
NULL,1,"jalandharbastiyaodh_jlr jalandhar","Ignore",0.00,3,0,0.00,0,0,0.00,0.00
NULL,1,"jalandharsplitodh_jlr","Ignore",0.00,1,0,0.00,0,0,0.00,0.00
NULL,1,"jalandharsplitodh_jlr jalandhar","Ignore",0.00,6,0,0.00,0,0,0.00,0.00
NULL,1,"jalaun","Ignore",0.00,1,0,0.00,0,0,0.00,0.00
NULL,1,"jalaunhub_jau jalaun","Ignore",0.00,1,0,0.00,0,0,0.00,0.00
NULL,1,"jalgaon","Ignore",0.00,11,0,0.00,0,0,0.00,0.00
NULL,1,"jalgaon hub jalgaon","Ignore",0.00,8,0,0.00,0,0,0.00,0.00
NULL,1,"jalkothub_jkt muked","Ignore",0.00,4,0,0.00,0,0,0.00,0.00
NULL,1,"jalna","Ignore",0.00,3,0,0.00,1,0,0.00,28.71
NULL,1,"jalna, jalna, maharashtra","Ignore",0.00,1,0,0.00,1,0,0.00,15.46
NULL,1,"jalna, maharashtra, in","Ignore",0.00,1,0,0.00,0,0,0.00,0.00
NULL,1,"jalnahub_jln jalna","Ignore",0.00,2,0,0.00,0,0,0.00,0.00
NULL,1,"jalore","Ignore",0.00,0,0,0.00,1,0,0.00,25.68
NULL,1,"jalpaiguri hub jalpaiguri","Ignore",0.00,1,0,0.00,0,0,0.00,0.00
NULL,1,"jalpaiguri office","Ignore",0.00,0,0,0.00,1,0,0.00,15.32
NULL,1,"jalpaiguri, west bengal, in","Ignore",0.00,11,0,0.00,1,0,0.00,22.49
NULL,1,"jam jodhpur","Ignore",0.00,1,0,0.00,0,0,0.00,0.00
NULL,1,"jambusar","Ignore",0.00,1,0,0.00,0,0,0.00,0.00
NULL,1,"jamdoli","Ignore",0.00,1,0,0.00,0,0,0.00,0.00
NULL,1,"jamdoli1, jaipur, rajasthan","Ignore",0.00,0,0,0.00,1,0,0.00,15.40
NULL,1,"jamkhed, jamkhed, maharashtra","Ignore",0.00,0,0,0.00,2,0,0.00,14.82
NULL,1,"jamlani enterprise jamnagar","Ignore",0.00,1,0,0.00,0,0,0.00,0.00
NULL,1,"jammu hub jammu","Ignore",0.00,7,0,0.00,0,0,0.00,0.00
NULL,1,"jammu outer area","Ignore",0.00,0,0,0.00,7,0,0.00,14.55
NULL,1,"jamnagar","Ignore",0.00,17,0,0.00,3,0,0.00,19.31
NULL,1,"jamnagar dp office","Ignore",0.00,0,0,0.00,4,0,0.00,30.27
NULL,1,"jamnagar hub","Ignore",0.00,4,0,0.00,0,0,0.00,0.00
NULL,1,"jamnagar hub jamnagar","Ignore",0.00,11,0,0.00,0,0,0.00,0.00
NULL,1,"jamnagar, jamnagar, gujarat","Ignore",0.00,4,0,0.00,1,0,0.00,14.66
NULL,1,"jamshedpur hub","Ignore",0.00,1,0,0.00,0,0,0.00,0.00
NULL,1,"jamshedpur hub jamshedpur","Ignore",0.00,1,0,0.00,0,0,0.00,0.00
NULL,1,"jamsulihub_jer baleshwar","Ignore",0.00,1,0,0.00,0,0,0.00,0.00
NULL,1,"jamtarahub_jmt nirsa","Ignore",0.00,1,0,0.00,0,0,0.00,0.00
NULL,1,"janagaon","Ignore",0.00,1,0,0.00,0,0,0.00,0.00
NULL,1,"jandu singha, jalandhar, punjab","Ignore",0.00,1,0,0.00,0,0,0.00,0.00
NULL,1,"jangaonhub_jgn janagaon","Ignore",0.00,2,0,0.00,0,0,0.00,0.00
NULL,1,"jangareddygudem","Ignore",0.00,1,0,0.00,0,0,0.00,0.00
NULL,1,"jangareddygudemhub_jrg jangareddygudem","Ignore",0.00,1,0,0.00,0,0,0.00,0.00
NULL,1,"jangiganj","Ignore",0.00,1,0,0.00,0,0,0.00,0.00
NULL,1,"janjgir","Ignore",0.00,1,0,0.00,0,0,0.00,0.00
NULL,1,"janta iron works vadodara","Ignore",0.00,1,0,0.00,0,0,0.00,0.00
NULL,1,"jaora","Ignore",0.00,1,0,0.00,1,0,0.00,14.93
NULL,1,"jaora, jaora, madhya pradesh","Ignore",0.00,0,0,0.00,1,0,0.00,14.53
NULL,1,"jarasinghaodh_ang angul","Ignore",0.00,1,0,0.00,0,0,0.00,0.00
NULL,1,"jarhi","Ignore",0.00,1,0,0.00,0,0,0.00,0.00
NULL,1,"jarmundihub_jmd","Ignore",0.00,1,0,0.00,0,0,0.00,0.00
NULL,1,"jarmundihub_jmd movva","Ignore",0.00,2,0,0.00,0,0,0.00,0.00
NULL,1,"jaseem medico musafirkhana","Ignore",0.00,1,0,0.00,0,0,0.00,0.00
NULL,1,"jashipur","Ignore",0.00,1,0,0.00,0,0,0.00,0.00
NULL,1,"jashipurmdh_jsp jashipur","Ignore",0.00,1,0,0.00,0,0,0.00,0.00
NULL,1,"jashpur","Ignore",0.00,4,0,0.00,0,0,0.00,0.00
NULL,1,"jasolahub_del","Ignore",0.00,4,0,0.00,0,0,0.00,0.00
NULL,1,"jasolahub_del delhi","Ignore",0.00,21,0,0.00,0,0,0.00,0.00
NULL,1,"jaswinder fast food barnala","Ignore",0.00,1,0,0.00,0,0,0.00,0.00
NULL,1,"jataramdh_jtr jatara","Ignore",0.00,1,0,0.00,0,0,0.00,0.00
NULL,1,"jath","Ignore",0.00,2,0,0.00,0,0,0.00,0.00
NULL,1,"jathhub_jth jath","Ignore",0.00,2,0,0.00,0,0,0.00,0.00
NULL,1,"jatinder singh hoshiarpur","Ignore",0.00,1,0,0.00,0,0,0.00,0.00
NULL,1,"jatni","Ignore",0.00,1,0,0.00,3,0,0.00,15.43
NULL,1,"jaunpur","Ignore",0.00,4,0,0.00,0,0,0.00,0.00
NULL,1,"jaura","Ignore",0.00,0,0,0.00,1,0,0.00,16.59
NULL,1,"jawalamukhi s.o","Ignore",0.00,1,0,0.00,0,0,0.00,0.00
NULL,1,"jawhar","Ignore",0.00,1,0,0.00,1,0,0.00,17.50
NULL,1,"jay bhavani store mumbai","Ignore",0.00,3,0,0.00,0,0,0.00,0.00
NULL,1,"jay gurudatt kirana porbandar","Ignore",0.00,1,0,0.00,0,0,0.00,0.00
NULL,1,"jay meldi enterprises mumbai","Ignore",0.00,1,0,0.00,0,0,0.00,0.00
NULL,1,"jayanagar pud","Ignore",0.00,2,0,0.00,0,0,0.00,0.00
NULL,1,"jayant kirana jaipur","Ignore",0.00,1,0,0.00,0,0,0.00,0.00
NULL,1,"jaydevnagar hub mysore","Ignore",0.00,2,0,0.00,0,0,0.00,0.00
NULL,1,"jb mobile store bagalkot","Ignore",0.00,1,0,0.00,0,0,0.00,0.00
NULL,1,"jbl/adl, jabalpur, madhya pradesh","Ignore",0.00,0,0,0.00,2,0,0.00,14.92
NULL,1,"jeedimetla cpu","Ignore",0.00,2,0,0.00,0,0,0.00,0.00
NULL,1,"jeedimetla pud centre","Ignore",0.00,2,0,0.00,0,0,0.00,0.00
NULL,1,"jeenath homes pollachi","Ignore",0.00,1,0,0.00,0,0,0.00,0.00
NULL,1,"jeevan nilaya home davangere","Ignore",0.00,1,0,0.00,0,0,0.00,0.00
NULL,1,"jeevika store new delhi","Ignore",0.00,0,0,0.00,1,0,0.00,16.24
NULL,1,"jejuri","Ignore",0.00,2,0,0.00,0,0,0.00,0.00
NULL,1,"jejurihub_jej jejuri","Ignore",0.00,2,0,0.00,0,0,0.00,0.00
NULL,1,"jetpur","Ignore",0.00,1,0,0.00,0,0,0.00,0.00
NULL,1,"jeypore","Ignore",0.00,1,0,0.00,0,0,0.00,0.00
NULL,1,"jeypore od, jeypore, orissa","Ignore",0.00,0,0,0.00,1,0,0.00,14.69
NULL,1,"jeyporehub_jyp jeypore","Ignore",0.00,1,0,0.00,0,0,0.00,0.00
NULL,1,"jhabua","Ignore",0.00,0,0,0.00,2,0,0.00,14.68
NULL,1,"jhajjar","Ignore",0.00,8,0,0.00,3,0,0.00,21.04
NULL,1,"jhajjarhub_jjj jhajjar","Ignore",0.00,1,0,0.00,1,0,0.00,15.57
NULL,1,"jhalamand, jodhpur, rajasthan","Ignore",0.00,0,0,0.00,2,0,0.00,14.85
NULL,1,"jhalawar, jhalawar, rajasthan","Ignore",0.00,1,0,0.00,0,0,0.00,0.00
NULL,1,"jhalawarhub_jha","Ignore",0.00,1,0,0.00,0,0,0.00,0.00
NULL,1,"jhan","Ignore",0.00,29,0,0.00,0,0,0.00,0.00
NULL,1,"jhandewalanhub_del","Ignore",0.00,5,0,0.00,0,0,0.00,0.00
NULL,1,"jhandewalanhub_del delhi","Ignore",0.00,16,0,0.00,1,0,0.00,14.58
NULL,1,"jhanjharpurhub_jjp jhanjharpur","Ignore",0.00,1,0,0.00,0,0,0.00,0.00
NULL,1,"jhansi","Ignore",0.00,4,0,0.00,1,0,0.00,20.45
NULL,1,"jhansi, jhansi, uttar pradesh","Ignore",0.00,1,0,0.00,2,0,0.00,14.54
NULL,1,"jharsuguda","Ignore",0.00,5,0,0.00,5,0,0.00,29.22
NULL,1,"jharsugudahub_jsg","Ignore",0.00,1,0,0.00,0,0,0.00,0.00
NULL,1,"jharsugudahub_jsg jharsuguda","Ignore",0.00,1,0,0.00,0,0,0.00,0.00
NULL,1,"jhilmil e-tail centre","Ignore",0.00,2,0,0.00,2,0,0.00,15.40
NULL,1,"jhilmil industrial area","Ignore",0.00,0,0,0.00,3,0,0.00,30.98
NULL,1,"jhulana","Ignore",0.00,1,0,0.00,0,0,0.00,0.00
NULL,1,"jhumri telaiya","Ignore",0.00,1,0,0.00,0,0,0.00,0.00
NULL,1,"jhumri telaiya, jhumritileiya, jharkhand","Ignore",0.00,0,0,0.00,2,0,0.00,16.64
NULL,1,"jhumritelaiyahub_kqr","Ignore",0.00,2,0,0.00,0,0,0.00,0.00
NULL,1,"jhunjhunu","Ignore",0.00,2,0,0.00,1,0,0.00,24.77
NULL,1,"jhunjhunuhub_jnj jhunjhunu","Ignore",0.00,2,0,0.00,0,0,0.00,0.00
NULL,1,"jhupa patra store medinipur","Ignore",0.00,1,0,0.00,0,0,0.00,0.00
NULL,1,"jhushihub_ald allahabad","Ignore",0.00,2,0,0.00,1,0,0.00,15.76
NULL,1,"jigani - ops from ele/blr","Ignore",0.00,2,0,0.00,5,0,0.00,31.25
NULL,1,"jigani etail cpu","Ignore",0.00,304,0,0.00,1,0,0.00,21.22
NULL,1,"jigar enterprises mahesana","Ignore",0.00,1,0,0.00,0,0,0.00,0.00
NULL,1,"jind","Ignore",0.00,2,0,0.00,3,0,0.00,27.24
NULL,1,"jindhub_jnd","Ignore",0.00,2,0,0.00,0,0,0.00,0.00
NULL,1,"jindhub_jnd jind","Ignore",0.00,2,0,0.00,0,0,0.00,0.00
NULL,1,"jinshan mohammed a p hone malappuram","Ignore",0.00,1,0,0.00,0,0,0.00,0.00
NULL,1,"jintu","Ignore",0.00,1,0,0.00,0,0,0.00,0.00
NULL,1,"jinturmdh_jin jintu","Ignore",0.00,1,0,0.00,0,0,0.00,0.00
NULL,1,"jithin ( home ) tirurangadi","Ignore",0.00,1,0,0.00,0,0,0.00,0.00
NULL,1,"jj nagar","Ignore",0.00,1,0,0.00,5,0,0.00,14.57
NULL,1,"jlb service centre","Ignore",0.00,76,0,0.00,4,0,0.00,29.10
NULL,1,"jld/juc, jalandhar, punjab","Ignore",0.00,1,0,0.00,5,0,0.00,38.88
NULL,1,"jmd kirana store gurgaon","Ignore",0.00,1,0,0.00,0,0,0.00,0.00
NULL,1,"jmd/gmr, jamshedpur, jharkhand","Ignore",0.00,0,0,0.00,1,0,0.00,34.90
NULL,1,"jmd/mng, jamshedpur, jharkhand","Ignore",0.00,0,0,0.00,1,0,0.00,14.92
NULL,1,"jmd/snr, jamshedpur, jharkhand","Ignore",0.00,0,0,0.00,2,0,0.00,33.32
NULL,1,"jmde","Ignore",0.00,0,0,0.00,3,0,0.00,14.20
NULL,1,"jmlx","Ignore",0.00,7,0,0.00,2,0,0.00,15.37
NULL,1,"jmu/jmu, jammu, jammu and kashmir","Ignore",0.00,1,0,0.00,5,0,0.00,14.53
NULL,1,"jmu/jnp, jammu, jammu and kashmir","Ignore",0.00,0,0,0.00,1,0,0.00,14.80
NULL,1,"jmu/shn, jammu, jammu and kashmir","Ignore",0.00,1,0,0.00,2,0,0.00,38.87
NULL,1,"jmu/unj, jammu, jammu and kashmir","Ignore",0.00,82,0,0.00,2,0,0.00,18.80
NULL,1,"jmw-apx sfc etail pud","Ignore",0.00,81,0,0.00,0,0,0.00,0.00
NULL,1,"jobat, jobat, madhya pradesh","Ignore",0.00,0,0,0.00,1,0,0.00,38.74
NULL,1,"jodh/pkm, jodhpur, rajasthan","Ignore",0.00,3,0,0.00,4,0,0.00,14.71
NULL,1,"jodhpur hub","Ignore",0.00,2,0,0.00,0,0,0.00,0.00
NULL,1,"jodhpur hub jodhpur","Ignore",0.00,7,0,0.00,0,0,0.00,0.00
NULL,1,"jodhpur transit hub","Ignore",0.00,34,0,0.00,7,0,0.00,35.27
NULL,1,"jodhpur, jodhpur, rajasthan","Ignore",0.00,60,0,0.00,4,0,0.00,32.44
NULL,1,"jodhpurhubtemp_jdh jodhpur","Ignore",0.00,1,0,0.00,0,0,0.00,0.00
NULL,1,"jog manifesting hub","Ignore",0.00,4,0,0.00,0,0,0.00,0.00
NULL,1,"jogbani office","Ignore",0.00,0,0,0.00,1,0,0.00,15.45
NULL,1,"jogeshwari counter","Ignore",0.00,89,0,0.00,0,0,0.00,0.00
NULL,1,"jogeshwari etail centre","Ignore",0.00,5,0,0.00,3,0,0.00,25.58
NULL,1,"joginder pal gurdaspur","Ignore",0.00,2,0,0.00,0,0,0.00,0.00
NULL,1,"jogindranagarhub_ixa","Ignore",0.00,1,0,0.00,0,0,0.00,0.00
NULL,1,"jorhat","Ignore",0.00,4,0,0.00,0,0,0.00,0.00
NULL,1,"jorhat hub jorhat","Ignore",0.00,2,0,0.00,0,0,0.00,0.00
NULL,1,"jorhat, jorhat, assam","Ignore",0.00,5,0,0.00,0,0,0.00,0.00
NULL,1,"joshi store new delhi","Ignore",0.00,1,0,0.00,0,0,0.00,0.00
NULL,1,"jowai","Ignore",0.00,1,0,0.00,0,0,0.00,0.00
NULL,1,"jsm united basti","Ignore",0.00,1,0,0.00,0,0,0.00,0.00
NULL,1,"jsr store kannur","Ignore",0.00,1,0,0.00,0,0,0.00,0.00
NULL,1,"juhulane, mumbai, maharashtra","Ignore",0.00,1,0,0.00,7,0,0.00,31.68
NULL,1,"junagadh","Ignore",0.00,8,0,0.00,4,0,0.00,15.93
NULL,1,"junagadh, junagadh, gujarat","Ignore",0.00,10,0,0.00,0,0,0.00,0.00
NULL,1,"junagadhhub","Ignore",0.00,1,0,0.00,0,0,0.00,0.00
NULL,1,"junagadhhub junagadh","Ignore",0.00,5,0,0.00,0,0,0.00,0.00
NULL,1,"junagarh","Ignore",0.00,2,0,0.00,0,0,0.00,0.00
NULL,1,"junagarhhub_jnr junagarh","Ignore",0.00,2,0,0.00,0,0,0.00,0.00
NULL,1,"junnar","Ignore",0.00,2,0,0.00,1,0,0.00,46.66
NULL,1,"junnarhub_jnn junnar","Ignore",0.00,2,0,0.00,0,0,0.00,0.00
NULL,1,"juraupurmdh_bak jaunpur","Ignore",0.00,3,0,0.00,0,0,0.00,0.00
NULL,1,"jv enterprices pondicherry","Ignore",0.00,1,0,0.00,0,0,0.00,0.00
NULL,1,"jyoti rani meerut","Ignore",0.00,1,0,0.00,0,0,0.00,0.00
NULL,1,"jyotiprakashswain puri","Ignore",0.00,1,0,0.00,0,0,0.00,0.00
NULL,1,"k k dani valsad","Ignore",0.00,1,0,0.00,1,0,0.00,14.88
NULL,1,"k.g.n general store new delhi","Ignore",0.00,2,0,0.00,0,0,0.00,0.00
NULL,1,"kadapa hub kadapa","Ignore",0.00,4,0,0.00,1,0,0.00,14.60
NULL,1,"kadavantharahub_kva","Ignore",0.00,2,0,0.00,1,0,0.00,14.72
NULL,1,"kadavantharahub_kva ernakulam","Ignore",0.00,7,0,0.00,0,0,0.00,0.00
NULL,1,"kaderkhan surat","Ignore",0.00,1,0,0.00,0,0,0.00,0.00
NULL,1,"kadi","Ignore",0.00,1,0,0.00,0,0,0.00,0.00
NULL,1,"kadi gj, kadi gj, gujarat","Ignore",0.00,1,0,0.00,0,0,0.00,0.00
NULL,1,"kadimdh_kdi","Ignore",0.00,1,0,0.00,0,0,0.00,0.00
NULL,1,"kadimdh_kdi kadi","Ignore",0.00,2,0,0.00,0,0,0.00,0.00
NULL,1,"kadipur, kadipur, uttar pradesh","Ignore",0.00,0,0,0.00,1,0,0.00,14.76
NULL,1,"kadur","Ignore",0.00,1,0,0.00,0,0,0.00,0.00
NULL,1,"kadurhub_kdr kadur","Ignore",0.00,0,0,0.00,1,0,0.00,15.81
NULL,1,"kagal","Ignore",0.00,2,0,0.00,1,0,0.00,15.00
NULL,1,"kaggalipurahub_blr bengaluru","Ignore",0.00,3,0,0.00,0,0,0.00,0.00
NULL,1,"kahalgaon","Ignore",0.00,1,0,0.00,0,0,0.00,0.00
NULL,1,"kahalgaon office","Ignore",0.00,1,0,0.00,0,0,0.00,0.00
NULL,1,"kahalgaonhub_clg kahalgaon","Ignore",0.00,1,0,0.00,0,0,0.00,0.00
NULL,1,"kaibalya dutta cuttack","Ignore",0.00,1,0,0.00,0,0,0.00,0.00
NULL,1,"kaijm","Ignore",0.00,0,0,0.00,1,0,0.00,15.82
NULL,1,"kaikalur","Ignore",0.00,1,0,0.00,0,0,0.00,0.00
NULL,1,"kaikalurhub_kkr kaikalur","Ignore",0.00,1,0,0.00,0,0,0.00,0.00
NULL,1,"kailash bairwa jaipur","Ignore",0.00,1,0,0.00,0,0,0.00,0.00
NULL,1,"kailashahar, agartala, tripura","Ignore",0.00,0,0,0.00,1,0,0.00,27.86
NULL,1,"kaisarganj","Ignore",0.00,1,0,0.00,0,0,0.00,0.00
NULL,1,"kaisarganjhub_ksr","Ignore",0.00,1,0,0.00,0,0,0.00,0.00
NULL,1,"kaithal","Ignore",0.00,6,0,0.00,0,0,0.00,0.00
NULL,1,"kaithal, kaithal, haryana","Ignore",0.00,0,0,0.00,3,0,0.00,15.10
NULL,1,"kaithalhub_ktl kaithal","Ignore",0.00,4,0,0.00,1,0,0.00,14.93
NULL,1,"kajalgaon, bongaigaon, assam","Ignore",0.00,0,0,0.00,2,0,0.00,38.39
NULL,1,"kakdweep, kakdwip, west bengal","Ignore",0.00,0,0,0.00,1,0,0.00,19.00
NULL,1,"kakdwip","Ignore",0.00,2,0,0.00,0,0,0.00,0.00
NULL,1,"kakinada","Ignore",0.00,12,0,0.00,0,0,0.00,0.00
NULL,1,"kakinada hub","Ignore",0.00,2,0,0.00,0,0,0.00,0.00
NULL,1,"kakinada hub kakinada","Ignore",0.00,3,0,0.00,0,0,0.00,0.00
NULL,1,"kakinada, kakinada, andhra pradesh","Ignore",0.00,0,0,0.00,3,0,0.00,19.85
NULL,1,"kakkanad","Ignore",0.00,0,0,0.00,2,0,0.00,14.80
NULL,1,"kakkanadhub_cok ernakulam","Ignore",0.00,3,0,0.00,0,0,0.00,0.00
NULL,1,"kakkodi","Ignore",0.00,0,0,0.00,1,0,0.00,15.05
NULL,1,"kakrolahub_del","Ignore",0.00,2,0,0.00,0,0,0.00,0.00
NULL,1,"kakrolahub_del delhi","Ignore",0.00,14,0,0.00,2,0,0.00,15.53
NULL,1,"kalaburagi","Ignore",0.00,0,0,0.00,6,0,0.00,14.95
NULL,1,"kalachand murmu medinipur","Ignore",0.00,1,0,0.00,0,0,0.00,0.00
NULL,1,"kaladanga, kaladanga, west bengal","Ignore",0.00,0,0,0.00,1,0,0.00,14.77
NULL,1,"kalahandi","Ignore",0.00,1,0,0.00,0,0,0.00,0.00
NULL,1,"kalamb","Ignore",0.00,2,0,0.00,0,0,0.00,0.00
NULL,1,"kalambhub_klb","Ignore",0.00,1,0,0.00,0,0,0.00,0.00
NULL,1,"kalaninagarhub_idr","Ignore",0.00,2,0,0.00,0,0,0.00,0.00
NULL,1,"kalaninagarhub_idr indore","Ignore",0.00,4,0,0.00,0,0,0.00,0.00
NULL,1,"kalawadroadhub_raj","Ignore",0.00,7,0,0.00,0,0,0.00,0.00
NULL,1,"kalawadroadhub_raj rajkot","Ignore",0.00,15,0,0.00,0,0,0.00,0.00
NULL,1,"kalburagi, kalaburagi, karnataka","Ignore",0.00,10,0,0.00,0,0,0.00,0.00
NULL,1,"kalburaginorthhub_gul gulbarga","Ignore",0.00,4,0,0.00,1,0,0.00,14.68
NULL,1,"kalgachia, barpeta, assam","Ignore",0.00,0,0,0.00,1,0,0.00,31.74
NULL,1,"kaliabor","Ignore",0.00,1,0,0.00,0,0,0.00,0.00
NULL,1,"kaliachak","Ignore",0.00,1,0,0.00,1,0,0.00,31.01
NULL,1,"kalikiri","Ignore",0.00,1,0,0.00,0,0,0.00,0.00
NULL,1,"kalimpong","Ignore",0.00,3,0,0.00,1,0,0.00,29.35
NULL,1,"kalimpong, kalimpong, west bengal","Ignore",0.00,0,0,0.00,2,0,0.00,37.44
NULL,1,"kalimponghub_kmg kalimpong","Ignore",0.00,3,0,0.00,0,0,0.00,0.00
NULL,1,"kaliyaganj","Ignore",0.00,0,0,0.00,1,0,0.00,31.01
NULL,1,"kaliyappan chengam","Ignore",0.00,1,0,0.00,0,0,0.00,0.00
NULL,1,"kallakurichi","Ignore",0.00,4,0,0.00,0,0,0.00,0.00
NULL,1,"kallettumkara","Ignore",0.00,0,0,0.00,1,0,0.00,15.00
NULL,1,"kalmeshwar","Ignore",0.00,0,0,0.00,2,0,0.00,30.99
NULL,1,"kalmeshwarmdh_kml","Ignore",0.00,1,0,0.00,0,0,0.00,0.00
NULL,1,"kalmeshwarmdh_kml kalmeshwar","Ignore",0.00,2,0,0.00,0,0,0.00,0.00
NULL,1,"kalolhub_gan gandhinagar","Ignore",0.00,1,0,0.00,0,0,0.00,0.00
NULL,1,"kaloor","Ignore",0.00,1,0,0.00,1,0,0.00,14.82
NULL,1,"kalpakkamhub_chn tiruporur","Ignore",0.00,1,0,0.00,0,0,0.00,0.00
NULL,1,"kalpetta","Ignore",0.00,1,0,0.00,0,0,0.00,0.00
NULL,1,"kalwarroadhub_jai","Ignore",0.00,2,0,0.00,0,0,0.00,0.00
NULL,1,"kalwarroadhub_jai jaipur","Ignore",0.00,9,0,0.00,2,0,0.00,15.90
NULL,1,"kalyan","Ignore",0.00,1,0,0.00,0,0,0.00,0.00
NULL,1,"kalyan hub mumbai","Ignore",0.00,6,0,0.00,1,0,0.00,16.20
NULL,1,"kalyani","Ignore",0.00,2,0,0.00,0,0,0.00,0.00
NULL,1,"kalyani bdel","Ignore",0.00,0,0,0.00,7,0,0.00,15.98
NULL,1,"kalyani, kalyani, west bengal","Ignore",0.00,0,0,0.00,1,0,0.00,14.76
NULL,1,"kalyanihub_kol kalyani","Ignore",0.00,2,0,0.00,0,0,0.00,0.00
NULL,1,"kalyannagar hub","Ignore",0.00,1,0,0.00,0,0,0.00,0.00
NULL,1,"kalyannagar hub bengaluru","Ignore",0.00,5,0,0.00,0,0,0.00,0.00
NULL,1,"kalyansplithub_mum","Ignore",0.00,2,0,0.00,0,0,0.00,0.00
NULL,1,"kalyansplithub_mum mumbai","Ignore",0.00,4,0,0.00,0,0,0.00,0.00
NULL,1,"kalyanwest, kalyan, maharashtra","Ignore",0.00,0,0,0.00,1,0,0.00,14.46
NULL,1,"kamalapati kumbhar provision store jharsuguda","Ignore",0.00,2,0,0.00,0,0,0.00,0.00
NULL,1,"kamalpreet kirana hoshiarpur","Ignore",0.00,1,0,0.00,0,0,0.00,0.00
NULL,1,"kaman, kaman, rajasthan","Ignore",0.00,1,0,0.00,1,0,0.00,14.68
NULL,1,"kamanahallihub_blr","Ignore",0.00,1,0,0.00,0,0,0.00,0.00
NULL,1,"kamanahallihub_blr bengaluru","Ignore",0.00,3,0,0.00,0,0,0.00,0.00
NULL,1,"kamanihub_mum mumbai","Ignore",0.00,9,0,0.00,0,0,0.00,0.00
NULL,1,"kamar store new delhi","Ignore",0.00,1,0,0.00,0,0,0.00,0.00
NULL,1,"kamareddy, kamareddy, telangana","Ignore",0.00,0,0,0.00,1,0,0.00,15.21
NULL,1,"kamble express mumbai","Ignore",0.00,1,0,0.00,0,0,0.00,0.00
NULL,1,"kamble nivas latur","Ignore",0.00,4,0,0.00,0,0,0.00,0.00
NULL,1,"kamlesh fast food shimla","Ignore",0.00,1,0,0.00,0,0,0.00,0.00
NULL,1,"kamlesh shop new delhi","Ignore",0.00,1,0,0.00,0,0,0.00,0.00
NULL,1,"kamothe","Ignore",0.00,1,0,0.00,4,0,0.00,15.90
NULL,1,"kamothe, maharashtra, in","Ignore",0.00,1,0,0.00,0,0,0.00,0.00
NULL,1,"kamrej","Ignore",0.00,1,0,0.00,2,0,0.00,15.25
NULL,1,"kamrej, surat, gujarat","Ignore",0.00,0,0,0.00,1,0,0.00,16.27
NULL,1,"kanakapuramdh_rmg kanakpura","Ignore",0.00,1,0,0.00,0,0,0.00,0.00
NULL,1,"kanakpurardhub_blr","Ignore",0.00,2,0,0.00,0,0,0.00,0.00
NULL,1,"kanakpurardhub_blr bengaluru","Ignore",0.00,8,0,0.00,0,0,0.00,0.00
NULL,1,"kanchipuram","Ignore",0.00,16,0,0.00,0,0,0.00,0.00
NULL,1,"kanchipuram hub kanchipuram","Ignore",0.00,4,0,0.00,0,0,0.00,0.00
NULL,1,"kandanavoluhub_krn kurnool","Ignore",0.00,1,0,0.00,0,0,0.00,0.00
NULL,1,"kandhamal office","Ignore",0.00,0,0,0.00,1,0,0.00,14.83
NULL,1,"kandivali hub","Ignore",0.00,2,0,0.00,0,0,0.00,0.00
NULL,1,"kandivali hub mumbai","Ignore",0.00,8,0,0.00,0,0,0.00,0.00
NULL,1,"kandrahub_gnn","Ignore",0.00,1,0,0.00,0,0,0.00,0.00
NULL,1,"kandukur","Ignore",0.00,2,0,0.00,0,0,0.00,0.00
NULL,1,"kandukurhub_kdr","Ignore",0.00,1,0,0.00,0,0,0.00,0.00
NULL,1,"kandvali borvli wst etail","Ignore",0.00,6,0,0.00,2,0,0.00,14.70
NULL,1,"kangayamhub_kgy kangeyam","Ignore",0.00,2,0,0.00,0,0,0.00,0.00
NULL,1,"kangeyam","Ignore",0.00,2,0,0.00,0,0,0.00,0.00
NULL,1,"kangeyam road tirupur","Ignore",0.00,1,0,0.00,0,0,0.00,0.00
NULL,1,"kangoo, bilaspur hp, himachal pradesh","Ignore",0.00,0,0,0.00,1,0,0.00,14.32
NULL,1,"kangra","Ignore",0.00,4,0,0.00,0,0,0.00,0.00
NULL,1,"kangrahub_kgr kangra","Ignore",0.00,1,0,0.00,0,0,0.00,0.00
NULL,1,"kanhangadhub_knd kasaragod","Ignore",0.00,5,0,0.00,0,0,0.00,0.00
NULL,1,"kanigiri","Ignore",0.00,2,0,0.00,0,0,0.00,0.00
NULL,1,"kanimangalam","Ignore",0.00,0,0,0.00,4,0,0.00,14.93
NULL,1,"kanina","Ignore",0.00,0,0,0.00,1,0,0.00,22.05
NULL,1,"kanjarhub_kjr thodupuzha","Ignore",0.00,1,0,0.00,0,0,0.00,0.00
NULL,1,"kanjhawalahub_del delhi","Ignore",0.00,3,0,0.00,0,0,0.00,0.00
NULL,1,"kanjiramkulamhub_kkm trivandrum","Ignore",0.00,1,0,0.00,0,0,0.00,0.00
NULL,1,"kanjirappally_kjp","Ignore",0.00,1,0,0.00,0,0,0.00,0.00
NULL,1,"kanjirappally_kjp pala","Ignore",0.00,1,0,0.00,0,0,0.00,0.00
NULL,1,"kanjoorhub_alu","Ignore",0.00,3,0,0.00,0,0,0.00,0.00
NULL,1,"kanjoorhub_alu aluva","Ignore",0.00,5,0,0.00,0,0,0.00,0.00
NULL,1,"kankarbagh hub patna","Ignore",0.00,2,0,0.00,0,0,0.00,0.00
NULL,1,"kankehub_ixr","Ignore",0.00,1,0,0.00,0,0,0.00,0.00
NULL,1,"kankehub_ixr kanke","Ignore",0.00,4,0,0.00,0,0,0.00,0.00
NULL,1,"kankerhub_kan jagdalpur","Ignore",0.00,0,0,0.00,1,0,0.00,15.21
NULL,1,"kankipadumdh_vij vijayawada","Ignore",0.00,1,0,0.00,0,0,0.00,0.00
NULL,1,"kannauj","Ignore",0.00,1,0,0.00,0,0,0.00,0.00
NULL,1,"kannauj1, kannauj, uttar pradesh","Ignore",0.00,0,0,0.00,1,0,0.00,27.95
NULL,1,"kannuaj","Ignore",0.00,1,0,0.00,0,0,0.00,0.00
NULL,1,"kannur","Ignore",0.00,21,0,0.00,4,0,0.00,36.18
NULL,1,"kannur counter","Ignore",0.00,0,0,0.00,1,0,0.00,15.15
NULL,1,"kannur hub","Ignore",0.00,34,0,0.00,4,0,0.00,16.13
NULL,1,"kannur hub kannur","Ignore",0.00,5,0,0.00,0,0,0.00,0.00
NULL,1,"kannur service centre","Ignore",0.00,0,0,0.00,1,0,0.00,15.37
NULL,1,"kanpur area office","Ignore",0.00,10,0,0.00,6,0,0.00,43.22
NULL,1,"kanpur office","Ignore",0.00,2,0,0.00,0,0,0.00,0.00
NULL,1,"kanpur, kanpur, uttar pradesh","Ignore",0.00,0,0,0.00,1,0,0.00,18.63
NULL,1,"kantabanjimdh_blg balangir","Ignore",0.00,2,0,0.00,0,0,0.00,0.00
NULL,1,"kantatolli","Ignore",0.00,3,0,0.00,0,0,0.00,0.00
NULL,1,"kanth, kanth, uttar pradesh","Ignore",0.00,0,0,0.00,3,0,0.00,18.98
NULL,1,"kanthapuram, thamarassery, kerala","Ignore",0.00,0,0,0.00,1,0,0.00,16.35
NULL,1,"kantilo, kantilo, orissa","Ignore",0.00,0,0,0.00,1,0,0.00,15.58
NULL,1,"kantimdh_mzf muzaffarpur","Ignore",0.00,1,0,0.00,0,0,0.00,0.00
NULL,1,"kapa","Ignore",0.00,14,0,0.00,1,0,0.00,36.39
NULL,1,"kapasan, kapasan, rajasthan","Ignore",0.00,0,0,0.00,3,0,0.00,14.84
NULL,1,"kapoor cafe dehradun","Ignore",0.00,2,0,0.00,0,0,0.00,0.00
NULL,1,"kapurthala","Ignore",0.00,3,0,0.00,0,0,0.00,0.00
NULL,1,"karad","Ignore",0.00,1,0,0.00,1,0,0.00,15.00
NULL,1,"karaikal","Ignore",0.00,3,0,0.00,2,0,0.00,14.95
NULL,1,"karaikalhub_kik karaikal","Ignore",0.00,3,0,0.00,0,0,0.00,0.00
NULL,1,"karan bhatia dlf dexter gurgaon","Ignore",0.00,1,0,0.00,0,0,0.00,0.00
NULL,1,"karan confectionery chandigarh","Ignore",0.00,2,0,0.00,0,0,0.00,0.00
NULL,1,"karan karnal","Ignore",0.00,1,0,0.00,0,0,0.00,0.00
NULL,1,"karanjia","Ignore",0.00,2,0,0.00,0,0,0.00,0.00
NULL,1,"karanpryag, karnaprayag, uttar pradesh","Ignore",0.00,0,0,0.00,1,0,0.00,27.19
NULL,1,"karauli","Ignore",0.00,0,0,0.00,1,0,0.00,25.68
NULL,1,"karawalnagarhub_del","Ignore",0.00,1,0,0.00,0,0,0.00,0.00
NULL,1,"karawalnagarhub_del delhi","Ignore",0.00,6,0,0.00,0,0,0.00,0.00
NULL,1,"kareli, kareli, madhya pradesh","Ignore",0.00,0,0,0.00,1,0,0.00,14.34
NULL,1,"karelibaghhub_bdq vadodara","Ignore",0.00,15,0,0.00,0,0,0.00,0.00
NULL,1,"karelibaugh centre","Ignore",0.00,2,0,0.00,0,0,0.00,0.00
NULL,1,"karera","Ignore",0.00,1,0,0.00,0,0,0.00,0.00
NULL,1,"karim nagar","Ignore",0.00,2,0,0.00,0,0,0.00,0.00
NULL,1,"karimannoorosh_kar karimanoor","Ignore",0.00,1,0,0.00,0,0,0.00,0.00
NULL,1,"karimnagar","Ignore",0.00,9,0,0.00,3,0,0.00,15.60
NULL,1,"karimnagar hub","Ignore",0.00,2,0,0.00,0,0,0.00,0.00
NULL,1,"karimnagar hub karimnagar","Ignore",0.00,7,0,0.00,0,0,0.00,0.00
NULL,1,"karimnagar, karimnagar, telangana","Ignore",0.00,27,0,0.00,1,0,0.00,15.76
NULL,1,"karimpurodh_kar","Ignore",0.00,1,0,0.00,0,0,0.00,0.00
NULL,1,"karimpurodh_kar ludhiana","Ignore",0.00,2,0,0.00,0,0,0.00,0.00
NULL,1,"karjan","Ignore",0.00,2,0,0.00,0,0,0.00,0.00
NULL,1,"karjan, bhavnagar, gujarat","Ignore",0.00,1,0,0.00,0,0,0.00,0.00
NULL,1,"karjanhub_kjn karjan","Ignore",0.00,2,0,0.00,0,0,0.00,0.00
NULL,1,"karjat","Ignore",0.00,1,0,0.00,1,0,0.00,14.32
NULL,1,"karnal","Ignore",0.00,8,0,0.00,0,0,0.00,0.00
NULL,1,"karnal hub karnal","Ignore",0.00,4,0,0.00,0,0,0.00,0.00
NULL,1,"karnal, karnal, haryana","Ignore",0.00,9,0,0.00,5,0,0.00,38.34
NULL,1,"karnprayagmdh_kar karnprayag","Ignore",0.00,1,0,0.00,0,0,0.00,0.00
NULL,1,"karond","Ignore",0.00,2,0,0.00,0,0,0.00,0.00
NULL,1,"karond hub","Ignore",0.00,1,0,0.00,0,0,0.00,0.00
NULL,1,"karond hub bhopal","Ignore",0.00,4,0,0.00,0,0,0.00,0.00
NULL,1,"kartavya gandhinagar","Ignore",0.00,1,0,0.00,0,0,0.00,0.00
NULL,1,"karumatampatty","Ignore",0.00,2,0,0.00,0,0,0.00,0.00
NULL,1,"karumatampattyhub_kum","Ignore",0.00,1,0,0.00,0,0,0.00,0.00
NULL,1,"karumatampattyhub_kum karumatampatty","Ignore",0.00,2,0,0.00,0,0,0.00,0.00
NULL,1,"karunagapalli","Ignore",0.00,7,0,0.00,0,0,0.00,0.00
NULL,1,"karunagapallihub_kui","Ignore",0.00,2,0,0.00,0,0,0.00,0.00
NULL,1,"karunagapallihub_kui karunagapalli","Ignore",0.00,6,0,0.00,1,0,0.00,15.56
NULL,1,"karur","Ignore",0.00,5,0,0.00,1,0,0.00,14.65
NULL,1,"karur hub karur","Ignore",0.00,3,0,0.00,0,0,0.00,0.00
NULL,1,"karur, tamil nadu, in","Ignore",0.00,0,0,0.00,1,0,0.00,40.39
NULL,1,"karuvatta","Ignore",0.00,1,0,0.00,0,0,0.00,0.00
NULL,1,"karuvattahub_kvt","Ignore",0.00,1,0,0.00,0,0,0.00,0.00
NULL,1,"karuvattahub_kvt karuvatta","Ignore",0.00,1,0,0.00,0,0,0.00,0.00
NULL,1,"karvi","Ignore",0.00,1,0,0.00,0,0,0.00,0.00
NULL,1,"karvihub_kar karvi","Ignore",0.00,0,0,0.00,1,0,0.00,15.23
NULL,1,"karwar","Ignore",0.00,6,0,0.00,3,0,0.00,15.77
NULL,1,"karwar hub","Ignore",0.00,1,0,0.00,0,0,0.00,0.00
NULL,1,"karwar hub karwar","Ignore",0.00,6,0,0.00,0,0,0.00,0.00
NULL,1,"karwi, karwi, uttar pradesh","Ignore",0.00,0,0,0.00,2,0,0.00,37.14
NULL,1,"kasaragod","Ignore",0.00,5,0,0.00,0,0,0.00,0.00
NULL,1,"kasargodhub_ksd kasargod","Ignore",0.00,3,0,0.00,0,0,0.00,0.00
NULL,1,"kasegaon, kasegaon, maharashtra","Ignore",0.00,0,0,0.00,1,0,0.00,15.04
NULL,1,"kashipur","Ignore",0.00,7,0,0.00,0,0,0.00,0.00
NULL,1,"kashipur, kashipur, uttarakhand","Ignore",0.00,0,0,0.00,2,0,0.00,16.93
NULL,1,"kashipurhub_kas","Ignore",0.00,1,0,0.00,0,0,0.00,0.00
NULL,1,"kashmir kaur jalandhar","Ignore",0.00,1,0,0.00,0,0,0.00,0.00
NULL,1,"kashyap home jetpur","Ignore",0.00,1,0,0.00,0,0,0.00,0.00
NULL,1,"kasibuggahub_ksb","Ignore",0.00,2,0,0.00,0,0,0.00,0.00
NULL,1,"kasnanoidahub_del","Ignore",0.00,3,0,0.00,0,0,0.00,0.00
NULL,1,"kasnanoidahub_del noida","Ignore",0.00,18,0,0.00,2,0,0.00,16.88
NULL,1,"katargaamhub_stv","Ignore",0.00,3,0,0.00,0,0,0.00,0.00
NULL,1,"katargaamhub_stv surat","Ignore",0.00,4,0,0.00,0,0,0.00,0.00
NULL,1,"katgi","Ignore",0.00,0,0,0.00,1,0,0.00,30.85
NULL,1,"kathipudi, kathipudi, andhra pradesh","Ignore",0.00,0,0,0.00,1,0,0.00,15.69
NULL,1,"kathora","Ignore",0.00,13,0,0.00,0,0,0.00,0.00
NULL,1,"kathorahub_ktr kathora","Ignore",0.00,12,0,0.00,0,0,0.00,0.00
NULL,1,"kathuahub_kth","Ignore",0.00,1,0,0.00,0,0,0.00,0.00
NULL,1,"katihar","Ignore",0.00,1,0,0.00,0,0,0.00,0.00
NULL,1,"katihar office","Ignore",0.00,0,0,0.00,1,0,0.00,14.32
NULL,1,"katkonaodh_kat manendragarh","Ignore",0.00,2,0,0.00,1,0,0.00,15.06
NULL,1,"katni","Ignore",0.00,6,0,0.00,1,0,0.00,14.82
NULL,1,"katnihub_ktn","Ignore",0.00,2,0,0.00,0,0,0.00,0.00
NULL,1,"katnihub_ktn katni","Ignore",0.00,5,0,0.00,1,0,0.00,14.27
NULL,1,"katolmdh_kat katol","Ignore",0.00,1,0,0.00,0,0,0.00,0.00
NULL,1,"katra","Ignore",0.00,0,0,0.00,2,0,0.00,15.07
NULL,1,"katra gayghat office","Ignore",0.00,0,0,0.00,1,0,0.00,15.10
NULL,1,"kattakkadahub_ktd trivandrum","Ignore",0.00,7,0,0.00,0,0,0.00,0.00
NULL,1,"kattappana","Ignore",0.00,1,0,0.00,0,0,0.00,0.00
NULL,1,"kattumannarkovil","Ignore",0.00,1,0,0.00,0,0,0.00,0.00
NULL,1,"kattumannarkovilhub_kmk kattumannarkovil","Ignore",0.00,1,0,0.00,0,0,0.00,0.00
NULL,1,"katwa","Ignore",0.00,1,0,0.00,0,0,0.00,0.00
NULL,1,"kauphub_mpl manipal","Ignore",0.00,2,0,0.00,0,0,0.00,0.00
NULL,1,"kaushal kumar kirana ghaziabad","Ignore",0.00,1,0,0.00,0,0,0.00,0.00
NULL,1,"kavali","Ignore",0.00,2,0,0.00,0,0,0.00,0.00
NULL,1,"kavali, kavali, andhra pradesh","Ignore",0.00,0,0,0.00,1,0,0.00,17.10
NULL,1,"kavalihub_kvl kavali","Ignore",0.00,2,0,0.00,0,0,0.00,0.00
NULL,1,"kavanadu","Ignore",0.00,0,0,0.00,2,0,0.00,32.72
NULL,1,"kavindapadi","Ignore",0.00,2,0,0.00,1,0,0.00,14.24
NULL,1,"kavita shop new delhi","Ignore",0.00,1,0,0.00,0,0,0.00,0.00
NULL,1,"kavundamplayam","Ignore",0.00,1,0,0.00,2,0,0.00,15.87
NULL,1,"kavurihills hub","Ignore",0.00,3,0,0.00,0,0,0.00,0.00
NULL,1,"kavurihills hub hyderabad","Ignore",0.00,9,0,0.00,0,0,0.00,0.00
NULL,1,"kawardha","Ignore",0.00,3,0,0.00,0,0,0.00,0.00
NULL,1,"kayamganjhub_frr farrukhabad","Ignore",0.00,1,0,0.00,0,0,0.00,0.00
NULL,1,"kayamkulam","Ignore",0.00,10,0,0.00,0,0,0.00,0.00
NULL,1,"kayamkulamhub_kkm kayamkulam","Ignore",0.00,9,0,0.00,1,0,0.00,15.03
NULL,1,"kazipet","Ignore",0.00,6,0,0.00,0,0,0.00,0.00
NULL,1,"kazipet/sa, warangal, telangana","Ignore",0.00,0,0,0.00,1,0,0.00,14.70
NULL,1,"kazipethub_wgl kazipet","Ignore",0.00,5,0,0.00,0,0,0.00,0.00
NULL,1,"kedgaonodh_ahn","Ignore",0.00,3,0,0.00,0,0,0.00,0.00
NULL,1,"kedgaonodh_ahn ahmednagar","Ignore",0.00,5,0,0.00,1,0,0.00,15.58
NULL,1,"keerthy kumar home bangalore","Ignore",0.00,1,0,0.00,0,0,0.00,0.00
NULL,1,"keezhvaipurhub_khr","Ignore",0.00,1,0,0.00,0,0,0.00,0.00
NULL,1,"kelambakkam","Ignore",0.00,4,0,0.00,0,0,0.00,0.00
NULL,1,"kellys","Ignore",0.00,9,0,0.00,0,0,0.00,0.00
NULL,1,"kempakodi_home belthangady","Ignore",0.00,0,0,0.00,1,0,0.00,14.90
NULL,1,"kendarapara","Ignore",0.00,1,0,0.00,0,0,0.00,0.00
NULL,1,"kendrapada","Ignore",0.00,1,0,0.00,0,0,0.00,0.00
NULL,1,"kendrapara","Ignore",0.00,3,0,0.00,0,0,0.00,0.00
NULL,1,"kengeri","Ignore",0.00,0,0,0.00,1,0,0.00,15.22
NULL,1,"kengeri, bangalore, karnataka","Ignore",0.00,2,0,0.00,0,0,0.00,0.00
NULL,1,"kengerihub_blr","Ignore",0.00,1,0,0.00,0,0,0.00,0.00
NULL,1,"kengerihub_blr bengaluru","Ignore",0.00,9,0,0.00,0,0,0.00,0.00
NULL,1,"ker-sa-chalad, kannur, kerala","Ignore",0.00,0,0,0.00,1,0,0.00,14.51
NULL,1,"keshkal","Ignore",0.00,4,0,0.00,0,0,0.00,0.00
NULL,1,"keshkalhub_kes keshkal","Ignore",0.00,4,0,0.00,0,0,0.00,0.00
NULL,1,"keshod, keshod, gujarat","Ignore",0.00,0,0,0.00,1,0,0.00,16.66
NULL,1,"kesinga","Ignore",0.00,1,0,0.00,0,0,0.00,0.00
NULL,1,"kestopurodh_kol kolkata","Ignore",0.00,3,0,0.00,0,0,0.00,0.00
NULL,1,"khaanaosh_luh ludhiana","Ignore",0.00,3,0,0.00,0,0,0.00,0.00
NULL,1,"khadak singh kirana roorkee","Ignore",0.00,1,0,0.00,0,0,0.00,0.00
NULL,1,"khadki delivery center","Ignore",0.00,2,0,0.00,0,0,0.00,0.00
NULL,1,"khairagarh, chhattisgarh, in","Ignore",0.00,0,0,0.00,1,0,0.00,37.78
NULL,1,"khairhub_alg aligarh","Ignore",0.00,3,0,0.00,0,0,0.00,0.00
NULL,1,"khalilabad","Ignore",0.00,1,0,0.00,1,0,0.00,14.85
NULL,1,"khalsa enterprise jaipur","Ignore",0.00,1,0,0.00,0,0,0.00,0.00
NULL,1,"khalsa store new delhi","Ignore",0.00,1,0,0.00,0,0,0.00,0.00
NULL,1,"khalsha store new delhi","Ignore",0.00,1,0,0.00,0,0,0.00,0.00
NULL,1,"khambhalia","Ignore",0.00,1,0,0.00,0,0,0.00,0.00
NULL,1,"khambhaliahub_kbh khambhalia","Ignore",0.00,1,0,0.00,0,0,0.00,0.00
NULL,1,"khamgaon","Ignore",0.00,3,0,0.00,0,0,0.00,0.00
NULL,1,"khamgaonhub_kmg","Ignore",0.00,1,0,0.00,0,0,0.00,0.00
NULL,1,"khamgaonhub_kmg khamgaon","Ignore",0.00,1,0,0.00,0,0,0.00,0.00
NULL,1,"khammam","Ignore",0.00,2,0,0.00,2,0,0.00,15.80
NULL,1,"khammam hub","Ignore",0.00,1,0,0.00,0,0,0.00,0.00
NULL,1,"khammam hub 0","Ignore",0.00,3,0,0.00,0,0,0.00,0.00
NULL,1,"khammam reach","Ignore",0.00,1,0,0.00,2,0,0.00,17.12
NULL,1,"khammam, khammam, telangana","Ignore",0.00,12,0,0.00,2,0,0.00,18.90
NULL,1,"khan kirana arni","Ignore",0.00,1,0,0.00,0,0,0.00,0.00
NULL,1,"khanakulmdh_amb chinsurah","Ignore",0.00,1,0,0.00,0,0,0.00,0.00
NULL,1,"khanapur","Ignore",0.00,1,0,0.00,0,0,0.00,0.00
NULL,1,"khanapurhub_ixg","Ignore",0.00,1,0,0.00,0,0,0.00,0.00
NULL,1,"khanapurhub_ixg khanapur","Ignore",0.00,1,0,0.00,0,0,0.00,0.00
NULL,1,"khandagiri hub bhubaneshwar","Ignore",0.00,2,0,0.00,0,0,0.00,0.00
NULL,1,"khandbara, khandbara, maharashtra","Ignore",0.00,0,0,0.00,1,0,0.00,15.97
NULL,1,"khandwa","Ignore",0.00,9,0,0.00,1,0,0.00,23.29
NULL,1,"khandwahub_kwa khandwa","Ignore",0.00,0,0,0.00,1,0,0.00,16.41
NULL,1,"kharadi - etail","Ignore",0.00,1,0,0.00,1,0,0.00,33.02
NULL,1,"kharagpur","Ignore",0.00,3,0,0.00,0,0,0.00,0.00
NULL,1,"kharagpur pud","Ignore",0.00,1,0,0.00,5,0,0.00,16.65
NULL,1,"kharagpur, kharagpur, west bengal","Ignore",0.00,1,0,0.00,2,0,0.00,15.77
NULL,1,"kharar","Ignore",0.00,1,0,0.00,0,0,0.00,0.00
NULL,1,"kharar, kharar, punjab","Ignore",0.00,1,0,0.00,6,0,0.00,38.66
NULL,1,"kharar, punjab, in","Ignore",0.00,0,0,0.00,1,0,0.00,32.82
NULL,1,"khargapur","Ignore",0.00,1,0,0.00,0,0,0.00,0.00
NULL,1,"khargapur, tikamgarh, madhya pradesh","Ignore",0.00,0,0,0.00,1,0,0.00,30.73
NULL,1,"kharghar","Ignore",0.00,0,0,0.00,1,0,0.00,14.70
NULL,1,"khargone, khragone, madhya pradesh","Ignore",0.00,0,0,0.00,1,0,0.00,14.65
NULL,1,"khariar","Ignore",0.00,5,0,0.00,0,0,0.00,0.00
NULL,1,"kharsawan1, saraikelakharswan, jharkhand","Ignore",0.00,0,0,0.00,1,0,0.00,14.43
NULL,1,"khatoo","Ignore",0.00,1,0,0.00,0,0,0.00,0.00
NULL,1,"khatoomdh_hto khatoo","Ignore",0.00,0,0,0.00,1,0,0.00,14.26
NULL,1,"kheda","Ignore",0.00,1,0,0.00,0,0,0.00,0.00
NULL,1,"kheda expansion","Ignore",0.00,0,0,0.00,1,0,0.00,15.03
NULL,1,"khedbrahmma","Ignore",0.00,1,0,0.00,0,0,0.00,0.00
NULL,1,"kheri","Ignore",0.00,2,0,0.00,0,0,0.00,0.00
NULL,1,"kherwara","Ignore",0.00,1,0,0.00,0,0,0.00,0.00
NULL,1,"kherwaramdh_khr kherwara","Ignore",0.00,1,0,0.00,0,0,0.00,0.00
NULL,1,"khopoli","Ignore",0.00,3,0,0.00,0,0,0.00,0.00
NULL,1,"khopoli hub khopoli","Ignore",0.00,1,0,0.00,0,0,0.00,0.00
NULL,1,"khurda","Ignore",0.00,5,0,0.00,0,0,0.00,0.00
NULL,1,"khurdahub_kud","Ignore",0.00,1,0,0.00,0,0,0.00,0.00
NULL,1,"khurdahub_kud khurda","Ignore",0.00,2,0,0.00,0,0,0.00,0.00
NULL,1,"khushi store mahesana","Ignore",0.00,1,0,0.00,0,0,0.00,0.00
NULL,1,"khusropurmdh_koo","Ignore",0.00,0,0,0.00,1,0,0.00,14.76
NULL,1,"khusropurmdh_koo patna","Ignore",0.00,1,0,0.00,0,0,0.00,0.00
NULL,1,"khutar","Ignore",0.00,2,0,0.00,0,0,0.00,0.00
NULL,1,"kichhaodh_kch rudrapur","Ignore",0.00,1,0,0.00,0,0,0.00,0.00
NULL,1,"killorhub_kil","Ignore",0.00,1,0,0.00,0,0,0.00,0.00
NULL,1,"killorhub_kil kottarakkara","Ignore",0.00,3,0,0.00,0,0,0.00,0.00
NULL,1,"kilokari hub","Ignore",0.00,1,0,0.00,0,0,0.00,0.00
NULL,1,"kilokari hub delhi","Ignore",0.00,7,0,0.00,0,0,0.00,0.00
NULL,1,"kim","Ignore",0.00,1,0,0.00,1,0,0.00,15.67
NULL,1,"kinathukadavu","Ignore",0.00,1,0,0.00,0,0,0.00,0.00
NULL,1,"kinwat","Ignore",0.00,1,0,0.00,1,0,0.00,15.21
NULL,1,"kinwathub_kin","Ignore",0.00,1,0,0.00,0,0,0.00,0.00
NULL,1,"kinwathub_kin kinwat","Ignore",0.00,1,0,0.00,0,0,0.00,0.00
NULL,1,"kiran kumar home bangalore","Ignore",0.00,1,0,0.00,0,0,0.00,0.00
NULL,1,"kiran niwas shrirampur","Ignore",0.00,2,0,0.00,0,0,0.00,0.00
NULL,1,"kirana anjali home store bangalore","Ignore",0.00,1,0,0.00,0,0,0.00,0.00
NULL,1,"kirana balaji home store bangalore","Ignore",0.00,2,0,0.00,0,0,0.00,0.00
NULL,1,"kirarimdh_kir chandrapur","Ignore",0.00,1,0,0.00,0,0,0.00,0.00
NULL,1,"kishan store new delhi","Ignore",0.00,2,0,0.00,0,0,0.00,0.00
NULL,1,"kishanganj","Ignore",0.00,2,0,0.00,0,0,0.00,0.00
NULL,1,"kishanganj office","Ignore",0.00,0,0,0.00,2,0,0.00,14.75
NULL,1,"kishanganj, bihar, in","Ignore",0.00,1,0,0.00,0,0,0.00,0.00
NULL,1,"kishanganjhub_kne kishanganj","Ignore",0.00,1,0,0.00,0,0,0.00,0.00
NULL,1,"kishangarh","Ignore",0.00,0,0,0.00,4,0,0.00,15.90
NULL,1,"kishor kirana store thane","Ignore",0.00,1,0,0.00,0,0,0.00,0.00
NULL,1,"kl70 chittur","Ignore",0.00,1,0,0.00,0,0,0.00,0.00
NULL,1,"kmahidevimdh_kmh dasuya","Ignore",0.00,1,0,0.00,0,0,0.00,0.00
NULL,1,"knl/hub, kurnool, andhra pradesh","Ignore",0.00,48,0,0.00,6,0,0.00,26.60
NULL,1,"knowledge enterprises mangalore","Ignore",0.00,2,0,0.00,0,0,0.00,0.00
NULL,1,"knp warehouse","Ignore",0.00,1,0,0.00,0,0,0.00,0.00
NULL,1,"knp/hjn, kanpur, uttar pradesh","Ignore",0.00,0,0,0.00,1,0,0.00,16.49
NULL,1,"knp/jhi, kanpur, uttar pradesh","Ignore",0.00,0,0,0.00,1,0,0.00,15.08
NULL,1,"knp/jmu, kanpur, uttar pradesh","Ignore",0.00,1,0,0.00,0,0,0.00,0.00
NULL,1,"knp/nbs1, kanpur, uttar pradesh","Ignore",0.00,0,0,0.00,2,0,0.00,14.66
NULL,1,"knp/rto, kanpur, uttar pradesh","Ignore",0.00,1,0,0.00,0,0,0.00,0.00
NULL,1,"knp/vkn, kanpur, uttar pradesh","Ignore",0.00,0,0,0.00,2,0,0.00,15.38
NULL,1,"kochasmdh_koc sasaram","Ignore",0.00,1,0,0.00,0,0,0.00,0.00
NULL,1,"kochi","Ignore",0.00,0,0,0.00,2,0,0.00,14.60
NULL,1,"kochi - kci","Ignore",0.00,2,0,0.00,0,0,0.00,0.00
NULL,1,"kochi hub","Ignore",0.00,2,0,0.00,0,0,0.00,0.00
NULL,1,"kochi hub (cokw)","Ignore",0.00,2,0,0.00,0,0,0.00,0.00
NULL,1,"kochi hub cochin","Ignore",0.00,4,0,0.00,0,0,0.00,0.00
NULL,1,"kochi, kerala, in","Ignore",0.00,0,0,0.00,3,0,0.00,14.90
NULL,1,"kochin hub","Ignore",0.00,247,0,0.00,0,0,0.00,0.00
NULL,1,"kodad","Ignore",0.00,2,0,0.00,0,0,0.00,0.00
NULL,1,"kodadhub_kdd kodad","Ignore",0.00,2,0,0.00,0,0,0.00,0.00
NULL,1,"kodaikanal","Ignore",0.00,2,0,0.00,0,0,0.00,0.00
NULL,1,"kodangal, kodangal, telangana","Ignore",0.00,0,0,0.00,1,0,0.00,18.01
NULL,1,"koderma office","Ignore",0.00,0,0,0.00,1,0,0.00,15.18
NULL,1,"kodumudi, kodumudi, tamil nadu","Ignore",0.00,0,0,0.00,1,0,0.00,15.23
NULL,1,"kodumudihub_kau erode","Ignore",0.00,1,0,0.00,0,0,0.00,0.00
NULL,1,"kodungallur","Ignore",0.00,3,0,0.00,0,0,0.00,0.00
NULL,1,"kohima","Ignore",0.00,3,0,0.00,0,0,0.00,0.00
NULL,1,"kokarhub_ixr kantatolli","Ignore",0.00,3,0,0.00,0,0,0.00,0.00
NULL,1,"kokrajhar","Ignore",0.00,3,0,0.00,0,0,0.00,0.00
NULL,1,"kokrajharhub_koj kokrajhar","Ignore",0.00,2,0,0.00,0,0,0.00,0.00
NULL,1,"kolar gold fields","Ignore",0.00,0,0,0.00,1,0,0.00,14.88
NULL,1,"kolar, karnataka, in","Ignore",0.00,1,0,0.00,0,0,0.00,0.00
NULL,1,"kolarhub_bho","Ignore",0.00,1,0,0.00,0,0,0.00,0.00
NULL,1,"kolarhub_bho madhya pradesh","Ignore",0.00,8,0,0.00,0,0,0.00,0.00
NULL,1,"kolathur","Ignore",0.00,2,0,0.00,0,0,0.00,0.00
NULL,1,"kolathurhub_khr","Ignore",0.00,1,0,0.00,0,0,0.00,0.00
NULL,1,"kolathurhub_khr kolathur","Ignore",0.00,2,0,0.00,0,0,0.00,0.00
NULL,1,"kolayadhub_kol kannur","Ignore",0.00,1,0,0.00,1,0,0.00,17.27
NULL,1,"kolhapur","Ignore",0.00,14,0,0.00,6,0,0.00,15.57
NULL,1,"kolhapur hub","Ignore",0.00,3,0,0.00,0,0,0.00,0.00
NULL,1,"kolhapur hub kolhapur","Ignore",0.00,8,0,0.00,1,0,0.00,35.56
NULL,1,"kolhapur, kolhapur, maharashtra","Ignore",0.00,0,0,0.00,1,0,0.00,16.07
NULL,1,"kolhapursplithub_khl kolhapur","Ignore",0.00,1,0,0.00,0,0,0.00,0.00
NULL,1,"kolkata","Ignore",0.00,120,0,0.00,4,0,0.00,32.89
NULL,1,"kolkata - ccu","Ignore",0.00,5,0,0.00,1,0,0.00,18.60
NULL,1,"kolkata e-tail warehouse","Ignore",0.00,15,0,0.00,0,0,0.00,0.00
NULL,1,"kolkata pud (ccue)","Ignore",0.00,3,0,0.00,0,0,0.00,0.00
NULL,1,"kolkata, west bengal, in","Ignore",0.00,1,0,0.00,5,0,0.00,29.81
NULL,1,"kolkata, westbengal, in","Ignore",0.00,1,0,0.00,0,0,0.00,0.00
NULL,1,"kollam","Ignore",0.00,38,0,0.00,3,0,0.00,23.99
NULL,1,"kollam hub","Ignore",0.00,4,0,0.00,0,0,0.00,0.00
NULL,1,"kollam hub kollam","Ignore",0.00,7,0,0.00,1,0,0.00,14.58
NULL,1,"kollam, kerala, in","Ignore",0.00,0,0,0.00,1,0,0.00,17.03
NULL,1,"kollegala","Ignore",0.00,1,0,0.00,0,0,0.00,0.00
NULL,1,"kollegalahub_klg","Ignore",0.00,1,0,0.00,0,0,0.00,0.00
NULL,1,"kollegalahub_klg kollegala","Ignore",0.00,1,0,0.00,0,0,0.00,0.00
NULL,1,"komal dhangar mandsaur","Ignore",0.00,1,0,0.00,0,0,0.00,0.00
NULL,1,"kompallyhub_hyd hyderabad","Ignore",0.00,4,0,0.00,0,0,0.00,0.00
NULL,1,"konch","Ignore",0.00,1,0,0.00,0,0,0.00,0.00
NULL,1,"kondagaon","Ignore",0.00,3,0,0.00,0,0,0.00,0.00
NULL,1,"kondagaonhub_kdn kondagaon","Ignore",0.00,2,0,0.00,1,0,0.00,15.00
NULL,1,"kondapursplitodh_krd","Ignore",0.00,2,0,0.00,0,0,0.00,0.00
NULL,1,"kondapursplitodh_krd hyderabad","Ignore",0.00,22,0,0.00,0,0,0.00,0.00
NULL,1,"kondhwa, pune, maharashtra","Ignore",0.00,1,0,0.00,0,0,0.00,0.00
NULL,1,"kongad","Ignore",0.00,2,0,0.00,0,0,0.00,0.00
NULL,1,"konnagar, west bengal, in","Ignore",0.00,6,0,0.00,1,0,0.00,19.06
NULL,1,"konnagarhub_kog","Ignore",0.00,1,0,0.00,0,0,0.00,0.00
NULL,1,"konnagarhub_kog konnagar","Ignore",0.00,1,0,0.00,0,0,0.00,0.00
NULL,1,"koorieeattapurodh_hyd hyderabad","Ignore",0.00,4,0,0.00,0,0,0.00,0.00
NULL,1,"koorieehayathnagarodh_hyd hyderabad","Ignore",0.00,1,0,0.00,0,0,0.00,0.00
NULL,1,"koorieesoukyardodh_blr","Ignore",0.00,1,0,0.00,0,0,0.00,0.00
NULL,1,"koorieesoukyardodh_blr bengaluru","Ignore",0.00,1,0,0.00,0,0,0.00,0.00
NULL,1,"koothattukulam","Ignore",0.00,0,0,0.00,1,0,0.00,14.73
NULL,1,"koothattukulamosh_koo koothattukulam","Ignore",0.00,1,0,0.00,0,0,0.00,0.00
NULL,1,"koottanadhub_ktd pattambi","Ignore",0.00,2,0,0.00,0,0,0.00,0.00
NULL,1,"koppa town","Ignore",0.00,2,0,0.00,0,0,0.00,0.00
NULL,1,"koppahub_kpp koppa town","Ignore",0.00,1,0,0.00,0,0,0.00,0.00
NULL,1,"koppal","Ignore",0.00,3,0,0.00,2,0,0.00,20.84
NULL,1,"koppal, karanataka, in","Ignore",0.00,0,0,0.00,2,0,0.00,29.64
NULL,1,"koppal1, koppal, karnataka","Ignore",0.00,0,0,0.00,1,0,0.00,19.88
NULL,1,"koppalhub_kpl","Ignore",0.00,1,0,0.00,0,0,0.00,0.00
NULL,1,"koppalhub_kpl koppal","Ignore",0.00,3,0,0.00,0,0,0.00,0.00
NULL,1,"koramangla hub bengaluru","Ignore",0.00,3,0,0.00,1,0,0.00,14.80
NULL,1,"koraputhub_krp koraput","Ignore",0.00,1,0,0.00,0,0,0.00,0.00
NULL,1,"korba","Ignore",0.00,2,0,0.00,0,0,0.00,0.00
NULL,1,"korbahub_kor korba","Ignore",0.00,1,0,0.00,0,0,0.00,0.00
NULL,1,"kosi kalan","Ignore",0.00,2,0,0.00,0,0,0.00,0.00
NULL,1,"kosikalanhub_ksk kosi kalan","Ignore",0.00,2,0,0.00,0,0,0.00,0.00
NULL,1,"kosli","Ignore",0.00,3,0,0.00,1,0,0.00,21.04
NULL,1,"kosli, kosli, haryana","Ignore",0.00,0,0,0.00,1,0,0.00,36.73
NULL,1,"koslihub_kos kosli","Ignore",0.00,2,0,0.00,0,0,0.00,0.00
NULL,1,"kota","Ignore",0.00,8,0,0.00,1,0,0.00,18.85
NULL,1,"kota hub kota","Ignore",0.00,5,0,0.00,0,0,0.00,0.00
NULL,1,"kotdwara","Ignore",0.00,1,0,0.00,0,0,0.00,0.00
NULL,1,"kote holenarsipura","Ignore",0.00,3,0,0.00,0,0,0.00,0.00
NULL,1,"kothagiri","Ignore",0.00,0,0,0.00,1,0,0.00,37.88
NULL,1,"kothrud(pune)","Ignore",0.00,2,0,0.00,0,0,0.00,0.00
NULL,1,"kothrudhub_pune pune","Ignore",0.00,3,0,0.00,0,0,0.00,0.00
NULL,1,"kotkapura","Ignore",0.00,0,0,0.00,2,0,0.00,14.43
NULL,1,"kotma","Ignore",0.00,1,0,0.00,0,0,0.00,0.00
NULL,1,"kotma, kotma, madhya pradesh","Ignore",0.00,0,0,0.00,1,0,0.00,14.62
NULL,1,"kotmamdh_ktm kotma","Ignore",0.00,0,0,0.00,1,0,0.00,15.08
NULL,1,"kotputali","Ignore",0.00,0,0,0.00,1,0,0.00,14.77
NULL,1,"kotputli","Ignore",0.00,2,0,0.00,0,0,0.00,0.00
NULL,1,"kotputlihub_kot kotputli","Ignore",0.00,2,0,0.00,0,0,0.00,0.00
NULL,1,"kottakkal","Ignore",0.00,3,0,0.00,1,0,0.00,28.08
NULL,1,"kottarakkara","Ignore",0.00,6,0,0.00,1,0,0.00,23.77
NULL,1,"kottarakkarahub_kor kottarakkara","Ignore",0.00,2,0,0.00,1,0,0.00,15.03
NULL,1,"kottayam","Ignore",0.00,51,0,0.00,7,0,0.00,23.20
NULL,1,"kottayam hub","Ignore",0.00,1,0,0.00,0,0,0.00,0.00
NULL,1,"kottayam hub kottayam","Ignore",0.00,2,0,0.00,0,0,0.00,0.00
NULL,1,"kottiyam","Ignore",0.00,1,0,0.00,0,0,0.00,0.00
NULL,1,"kottiyamhub_kti kottiyam","Ignore",0.00,1,0,0.00,0,0,0.00,0.00
NULL,1,"koundampalayamhub_cjb","Ignore",0.00,1,0,0.00,0,0,0.00,0.00
NULL,1,"koundampalayamhub_cjb coimbatore","Ignore",0.00,5,0,0.00,0,0,0.00,0.00
NULL,1,"kovaipudur hub coimbatore","Ignore",0.00,2,0,0.00,0,0,0.00,0.00
NULL,1,"kovilpatti","Ignore",0.00,2,0,0.00,1,0,0.00,28.56
NULL,1,"koyilandyhub_kyd kozhikode","Ignore",0.00,1,0,0.00,0,0,0.00,0.00
NULL,1,"kr nagara","Ignore",0.00,1,0,0.00,0,0,0.00,0.00
NULL,1,"krishan new delhi","Ignore",0.00,3,0,0.00,0,0,0.00,0.00
NULL,1,"krishna","Ignore",0.00,5,0,0.00,0,0,0.00,0.00
NULL,1,"krishna clothe house bilaspur","Ignore",0.00,1,0,0.00,0,0,0.00,0.00
NULL,1,"krishna kumar maurya vapi","Ignore",0.00,1,0,0.00,0,0,0.00,0.00
NULL,1,"krishna madangir  general store new delhi","Ignore",0.00,1,0,0.00,0,0,0.00,0.00
NULL,1,"krishna sarkar home raiganj","Ignore",0.00,1,0,0.00,0,0,0.00,0.00
NULL,1,"krishna store pushkar","Ignore",0.00,1,0,0.00,0,0,0.00,0.00
NULL,1,"krishnagiri","Ignore",0.00,2,0,0.00,1,0,0.00,16.20
NULL,1,"krishnanagar","Ignore",0.00,3,0,0.00,0,0,0.00,0.00
NULL,1,"krishnanagar1, krishnanagar, west bengal","Ignore",0.00,1,0,0.00,0,0,0.00,0.00
NULL,1,"krishnanagarhub_del","Ignore",0.00,2,0,0.00,0,0,0.00,0.00
NULL,1,"krishnanagarhub_del delhi","Ignore",0.00,12,0,0.00,0,0,0.00,0.00
NULL,1,"krishnanagarhub_knj krishnanagar","Ignore",0.00,1,0,0.00,0,0,0.00,0.00
NULL,1,"krnagarahub_krn kr nagara","Ignore",0.00,1,0,0.00,0,0,0.00,0.00
NULL,1,"krpuramhub_blr bengaluru","Ignore",0.00,4,0,0.00,0,0,0.00,0.00
NULL,1,"kshipra","Ignore",0.00,0,0,0.00,1,0,0.00,39.06
NULL,1,"kshitiz tredars kanpur","Ignore",0.00,1,0,0.00,0,0,0.00,0.00
NULL,1,"ktn/katni, katni, madhya pradesh","Ignore",0.00,0,0,0.00,2,0,0.00,39.49
NULL,1,"kuchaman city","Ignore",0.00,0,0,0.00,1,0,0.00,14.97
NULL,1,"kuchamancity s.o","Ignore",0.00,1,0,0.00,1,0,0.00,25.03
NULL,1,"kuche paper mill aurangabad","Ignore",0.00,1,0,0.00,0,0,0.00,0.00
NULL,1,"kuchinda","Ignore",0.00,1,0,0.00,0,0,0.00,0.00
NULL,1,"kudal","Ignore",0.00,3,0,0.00,1,0,0.00,15.70
NULL,1,"kudalmdh_kdl sindhudurg","Ignore",0.00,4,0,0.00,0,0,0.00,0.00
NULL,1,"kudlahub_ixe","Ignore",0.00,2,0,0.00,0,0,0.00,0.00
NULL,1,"kudlahub_ixe mangalore","Ignore",0.00,4,0,0.00,0,0,0.00,0.00
NULL,1,"kudligi","Ignore",0.00,1,0,0.00,0,0,0.00,0.00
NULL,1,"kudligihub_kdg kudligi","Ignore",0.00,1,0,0.00,0,0,0.00,0.00
NULL,1,"kukas / triveni city","Ignore",0.00,1,0,0.00,0,0,0.00,0.00
NULL,1,"kukashub_kuk kukas / triveni city","Ignore",0.00,2,0,0.00,0,0,0.00,0.00
NULL,1,"kukatpally hub hyderabad","Ignore",0.00,7,0,0.00,0,0,0.00,0.00
NULL,1,"kukatpally y junction","Ignore",0.00,1,0,0.00,11,0,0.00,16.53
NULL,1,"kukatpallyhubtemp_hyd","Ignore",0.00,1,0,0.00,0,0,0.00,0.00
NULL,1,"kukatpallyhubtemp_hyd hyderabad","Ignore",0.00,4,0,0.00,0,0,0.00,0.00
NULL,1,"kukshi, kukshi, madhya pradesh","Ignore",0.00,0,0,0.00,1,0,0.00,15.83
NULL,1,"kulluhub_kul kullu","Ignore",0.00,2,0,0.00,0,0,0.00,0.00
NULL,1,"kumar amit gurgaon","Ignore",0.00,0,0,0.00,1,0,0.00,15.15
NULL,1,"kumar krishna general store gurgaon","Ignore",0.00,1,0,0.00,0,0,0.00,0.00
NULL,1,"kumargunj","Ignore",0.00,1,0,0.00,0,0,0.00,0.00
NULL,1,"kumarkhandmdh_dmh madhepura","Ignore",0.00,1,0,0.00,0,0,0.00,0.00
NULL,1,"kumbakonam","Ignore",0.00,3,0,0.00,0,0,0.00,0.00
NULL,1,"kumbakonamhub_tnj kumbakonam","Ignore",0.00,2,0,0.00,0,0,0.00,0.00
NULL,1,"kummari ravi master kirana nizamabad","Ignore",0.00,1,0,0.00,0,0,0.00,0.00
NULL,1,"kunal enterprise pune","Ignore",0.00,1,0,0.00,0,0,0.00,0.00
NULL,1,"kunal garments rohtak","Ignore",0.00,1,0,0.00,0,0,0.00,0.00
NULL,1,"kunal general store gurgaon","Ignore",0.00,1,0,0.00,0,0,0.00,0.00
NULL,1,"kunal store new delhi","Ignore",0.00,0,0,0.00,1,0,0.00,15.11
NULL,1,"kunal traders new delhi","Ignore",0.00,2,0,0.00,0,0,0.00,0.00
NULL,1,"kundanagari","Ignore",0.00,2,0,0.00,0,0,0.00,0.00
NULL,1,"kundanagarihub_ixg kundanagari","Ignore",0.00,1,0,0.00,1,0,0.00,15.06
NULL,1,"kundapura, kundapura, karnataka","Ignore",0.00,0,0,0.00,1,0,0.00,14.58
NULL,1,"kundara","Ignore",0.00,3,0,0.00,0,0,0.00,0.00
NULL,1,"kundli","Ignore",0.00,1,0,0.00,8,0,0.00,30.80
NULL,1,"kundli, sonipat, haryana","Ignore",0.00,0,0,0.00,1,0,0.00,15.01
NULL,1,"kundliodh_knd kundli","Ignore",0.00,1,0,0.00,0,0,0.00,0.00
NULL,1,"kunigal","Ignore",0.00,1,0,0.00,0,0,0.00,0.00
NULL,1,"kunigalhub_kgl kunigal","Ignore",0.00,0,0,0.00,1,0,0.00,14.45
NULL,1,"kunkurihub_kun","Ignore",0.00,1,0,0.00,0,0,0.00,0.00
NULL,1,"kunkurihub_kun jashpur","Ignore",0.00,1,0,0.00,0,0,0.00,0.00
NULL,1,"kunnamangalamhub_knm kozhikode","Ignore",0.00,5,0,0.00,0,0,0.00,0.00
NULL,1,"kuppam","Ignore",0.00,1,0,0.00,0,0,0.00,0.00
NULL,1,"kuppamhub_kpm kuppam","Ignore",0.00,1,0,0.00,0,0,0.00,0.00
NULL,1,"kurali, kurali, punjab","Ignore",0.00,0,0,0.00,2,0,0.00,38.91
NULL,1,"kurla e-tail centre","Ignore",0.00,2,0,0.00,6,0,0.00,16.70
NULL,1,"kurnool","Ignore",0.00,11,0,0.00,1,0,0.00,18.55
NULL,1,"kurnool hub","Ignore",0.00,1,0,0.00,0,0,0.00,0.00
NULL,1,"kurnool hub kurnool","Ignore",0.00,5,0,0.00,0,0,0.00,0.00
NULL,1,"kurnool junction","Ignore",0.00,0,0,0.00,2,0,0.00,15.65
NULL,1,"kurseong rsp","Ignore",0.00,0,0,0.00,1,0,0.00,14.57
NULL,1,"kurseonghub_kur","Ignore",0.00,1,0,0.00,0,0,0.00,0.00
NULL,1,"kurseonghub_kur darjeeling","Ignore",0.00,2,0,0.00,0,0,0.00,0.00
NULL,1,"kurukshetra","Ignore",0.00,8,0,0.00,5,0,0.00,33.48
NULL,1,"kurukshetra hub","Ignore",0.00,1,0,0.00,0,0,0.00,0.00
NULL,1,"kurukshetra hub kurukshetra","Ignore",0.00,6,0,0.00,1,0,0.00,15.60
NULL,1,"kurukshetra, kurukshetra, haryana","Ignore",0.00,0,0,0.00,1,0,0.00,15.24
NULL,1,"kurunnappan home kottayam","Ignore",0.00,1,0,0.00,0,0,0.00,0.00
NULL,1,"kuruppampadyhub_kpm","Ignore",0.00,1,0,0.00,0,0,0.00,0.00
NULL,1,"kuruppampadyhub_kpm cochin","Ignore",0.00,1,0,0.00,0,0,0.00,0.00
NULL,1,"kushalnagar, kushalnagar, karnataka","Ignore",0.00,0,0,0.00,1,0,0.00,14.52
NULL,1,"kushan works pune","Ignore",0.00,1,0,0.00,0,0,0.00,0.00
NULL,1,"kushinagar, kasya, uttar pradesh","Ignore",0.00,0,0,0.00,1,0,0.00,16.29
NULL,1,"kushmunda, korba, chhattisgarh","Ignore",0.00,0,0,0.00,1,0,0.00,15.48
NULL,1,"kushtagi","Ignore",0.00,1,0,0.00,0,0,0.00,0.00
NULL,1,"kushtagihub_kst kushtagi","Ignore",0.00,1,0,0.00,0,0,0.00,0.00
NULL,1,"kushwaha manish store gautam buddha nagar","Ignore",0.00,1,0,0.00,0,0,0.00,0.00
NULL,1,"kusum store new delhi","Ignore",0.00,4,0,0.00,0,0,0.00,0.00
NULL,1,"kusumgram","Ignore",0.00,2,0,0.00,0,0,0.00,0.00
NULL,1,"kusumgramhub_ksg kusumgram","Ignore",0.00,2,0,0.00,0,0,0.00,0.00
NULL,1,"kuthuparamba","Ignore",0.00,6,0,0.00,0,0,0.00,0.00
NULL,1,"kuthuparamba, kuthuparamba, kerala","Ignore",0.00,0,0,0.00,1,0,0.00,15.13
NULL,1,"kuthuparambahub_mkd","Ignore",0.00,2,0,0.00,0,0,0.00,0.00
NULL,1,"kuthuparambahub_mkd kuthuparamba","Ignore",0.00,6,0,0.00,0,0,0.00,0.00
NULL,1,"kuttichiraosh_ktc thrissur","Ignore",0.00,1,0,0.00,0,0,0.00,0.00
NULL,1,"kwarsihighwayhub_alg aligarh","Ignore",0.00,4,0,0.00,0,0,0.00,0.00
NULL,1,"kydganj, kadganj, uttar pradesh","Ignore",0.00,0,0,0.00,1,0,0.00,14.78
NULL,1,"ladwa","Ignore",0.00,1,0,0.00,0,0,0.00,0.00
NULL,1,"ladwahub_lad ladwa","Ignore",0.00,1,0,0.00,0,0,0.00,0.00
NULL,1,"lahar","Ignore",0.00,1,0,0.00,0,0,0.00,0.00
NULL,1,"laharpur, sitapur, uttar pradesh","Ignore",0.00,0,0,0.00,1,0,0.00,14.40
NULL,1,"lake area nungambakkam","Ignore",0.00,4,0,0.00,2,0,0.00,15.60
NULL,1,"laketown hub","Ignore",0.00,1,0,0.00,0,0,0.00,0.00
NULL,1,"laketown hub kolkata","Ignore",0.00,4,0,0.00,0,0,0.00,0.00
NULL,1,"lakeview hub bengaluru","Ignore",0.00,5,0,0.00,0,0,0.00,0.00
NULL,1,"lakhimpur kheri","Ignore",0.00,2,0,0.00,0,0,0.00,0.00
NULL,1,"lakhimpurkhiri, lakhimpur khiri, uttar pradesh","Ignore",0.00,0,0,0.00,2,0,0.00,15.04
NULL,1,"lakhisarai","Ignore",0.00,3,0,0.00,0,0,0.00,0.00
NULL,1,"lakhisaraihub_lkr lakhisarai","Ignore",0.00,2,0,0.00,0,0,0.00,0.00
NULL,1,"lakhnadon, lakhnadon, madhya pradesh","Ignore",0.00,0,0,0.00,2,0,0.00,39.36
NULL,1,"lakhnimdh_lak lakhn","Ignore",0.00,1,0,0.00,0,0,0.00,0.00
NULL,1,"lakshmikantpur","Ignore",0.00,1,0,0.00,0,0,0.00,0.00
NULL,1,"lalbagh","Ignore",0.00,2,0,0.00,0,0,0.00,0.00
NULL,1,"lalchowk, lal chowk, jammu and kashmir","Ignore",0.00,1,0,0.00,2,0,0.00,37.05
NULL,1,"lalganj","Ignore",0.00,1,0,0.00,0,0,0.00,0.00
NULL,1,"lalgola, lalgola, west bengal","Ignore",0.00,0,0,0.00,5,0,0.00,14.39
NULL,1,"lalgudi","Ignore",0.00,4,0,0.00,0,0,0.00,0.00
NULL,1,"lalgudihub_lal","Ignore",0.00,1,0,0.00,0,0,0.00,0.00
NULL,1,"lalgudihub_lal lalgudi","Ignore",0.00,2,0,0.00,0,0,0.00,0.00
NULL,1,"lalitpur1, lalitpur, uttar pradesh","Ignore",0.00,0,0,0.00,1,0,0.00,16.47
NULL,1,"lalpar","Ignore",0.00,2,0,0.00,0,0,0.00,0.00
NULL,1,"lalparhub","Ignore",0.00,1,0,0.00,0,0,0.00,0.00
NULL,1,"lalparhub_llp lalpar","Ignore",0.00,2,0,0.00,0,0,0.00,0.00
NULL,1,"lanji","Ignore",0.00,0,0,0.00,1,0,0.00,23.80
NULL,1,"largelogicchinnamanurodh_cnm chinnamanur","Ignore",0.00,1,0,0.00,0,0,0.00,0.00
NULL,1,"largelogicdharapuramodh_dhp","Ignore",0.00,1,0,0.00,0,0,0.00,0.00
NULL,1,"largelogicdharapuramodh_dhp dharapuram","Ignore",0.00,1,0,0.00,0,0,0.00,0.00
NULL,1,"largelogicdharmaramodh_drm","Ignore",0.00,1,0,0.00,0,0,0.00,0.00
NULL,1,"largelogicidplbalanagarodh_hyd","Ignore",0.00,2,0,0.00,0,0,0.00,0.00
NULL,1,"largelogicidplbalanagarodh_hyd hyderabad","Ignore",0.00,3,0,0.00,0,0,0.00,0.00
NULL,1,"largelogicjulurupadodh_jpd khammam","Ignore",0.00,1,0,0.00,0,0,0.00,0.00
NULL,1,"largelogickodumurodh_kmr kurnool","Ignore",0.00,4,0,0.00,0,0,0.00,0.00
NULL,1,"largelogickuniyamuthurodh_cjb coimbatore","Ignore",0.00,2,0,0.00,0,0,0.00,0.00
NULL,1,"largelogicparkalodh_prk rots","Ignore",0.00,2,0,0.00,0,0,0.00,0.00
NULL,1,"largelogicpendurthiodh_vtz","Ignore",0.00,1,0,0.00,0,0,0.00,0.00
NULL,1,"largelogicpendurthiodh_vtz visakhapatnam","Ignore",0.00,1,0,0.00,0,0,0.00,0.00
NULL,1,"largelogicpettaiodh_tvl tirunelveli","Ignore",0.00,1,0,0.00,0,0,0.00,0.00
NULL,1,"largelogictanukuodh_tnk thorrur","Ignore",0.00,1,0,0.00,0,0,0.00,0.00
NULL,1,"largelogicthovalaiodh_thv","Ignore",0.00,2,0,0.00,0,0,0.00,0.00
NULL,1,"largelogicthovalaiodh_thv nagercoil","Ignore",0.00,2,0,0.00,0,0,0.00,0.00
NULL,1,"largelogictorrurodh_trr thorrur","Ignore",0.00,1,0,0.00,0,0,0.00,0.00
NULL,1,"lastmile e-tail delivery","Ignore",0.00,6,0,0.00,4,0,0.00,34.65
NULL,1,"latur","Ignore",0.00,11,0,0.00,7,0,0.00,28.10
NULL,1,"latur, latur, maharashtra","Ignore",0.00,8,0,0.00,0,0,0.00,0.00
NULL,1,"laturhub_ltu","Ignore",0.00,1,0,0.00,1,0,0.00,21.93
NULL,1,"laturhub_ltu latur","Ignore",0.00,6,0,0.00,0,0,0.00,0.00
NULL,1,"lav kush interprises gurgaon","Ignore",0.00,2,0,0.00,0,0,0.00,0.00
NULL,1,"laveen kumar hyderabad","Ignore",0.00,1,0,0.00,0,0,0.00,0.00
NULL,1,"lawspet hub pondicherry","Ignore",0.00,6,0,0.00,1,0,0.00,15.45
NULL,1,"laxmangarh, laxmangarh, rajasthan","Ignore",0.00,0,0,0.00,1,0,0.00,38.34
NULL,1,"laxmi shoping center thane","Ignore",0.00,1,0,0.00,0,0,0.00,0.00
NULL,1,"laxmi stationary new delhi","Ignore",0.00,1,0,0.00,0,0,0.00,0.00
NULL,1,"laxmi store new delhi","Ignore",0.00,1,0,0.00,0,0,0.00,0.00
NULL,1,"laxmi tea and tiffin center nizamabad","Ignore",0.00,2,0,0.00,1,0,0.00,14.88
NULL,1,"laxminagarhub_del","Ignore",0.00,6,0,0.00,0,0,0.00,0.00
NULL,1,"laxminagarhub_del delhi","Ignore",0.00,25,0,0.00,3,0,0.00,15.52
NULL,1,"lbnagarhub_hyd","Ignore",0.00,1,0,0.00,0,0,0.00,0.00
NULL,1,"lbnagarhub_hyd hyderabad","Ignore",0.00,4,0,0.00,0,0,0.00,0.00
NULL,1,"lbs road - etail","Ignore",0.00,5,0,0.00,0,0,0.00,0.00
NULL,1,"lckt","Ignore",0.00,62,0,0.00,2,0,0.00,14.37
NULL,1,"lehragaga","Ignore",0.00,2,0,0.00,0,0,0.00,0.00
NULL,1,"lekhrajmarkethub_lko","Ignore",0.00,2,0,0.00,0,0,0.00,0.00
NULL,1,"lekhrajmarkethub_lko lucknow","Ignore",0.00,3,0,0.00,0,0,0.00,0.00
NULL,1,"lemoorhub_lmr","Ignore",0.00,1,0,0.00,0,0,0.00,0.00
NULL,1,"lemoorhub_lmr kandukur","Ignore",0.00,1,0,0.00,0,0,0.00,0.00
NULL,1,"lesliganj","Ignore",0.00,1,0,0.00,0,0,0.00,0.00
NULL,1,"lesliganjmdh_lsg","Ignore",0.00,1,0,0.00,0,0,0.00,0.00
NULL,1,"lesliganjmdh_lsg lesliganj","Ignore",0.00,1,0,0.00,0,0,0.00,0.00
NULL,1,"libra","Ignore",0.00,1,0,0.00,0,0,0.00,0.00
NULL,1,"libramdh_lbr libra","Ignore",0.00,1,0,0.00,0,0,0.00,0.00
NULL,1,"libraodh_lbr khanna","Ignore",0.00,1,0,0.00,0,0,0.00,0.00
NULL,1,"limbodi, limbodi, madhya pradesh","Ignore",0.00,0,0,0.00,1,0,0.00,14.89
NULL,1,"lingareddy master kirana hyderabad","Ignore",0.00,1,0,0.00,0,0,0.00,0.00
NULL,1,"lingsugur","Ignore",0.00,1,0,0.00,0,0,0.00,0.00
NULL,1,"lintomon home kottayam","Ignore",0.00,1,0,0.00,0,0,0.00,0.00
NULL,1,"lko/idr, lucknow, uttar pradesh","Ignore",0.00,0,0,0.00,1,0,0.00,19.08
NULL,1,"lko/lko, lucknow, uttar pradesh","Ignore",0.00,0,0,0.00,2,0,0.00,20.49
NULL,1,"lko/rjp, lucknow, uttar pradesh","Ignore",0.00,0,0,0.00,3,0,0.00,15.22
NULL,1,"lko/tpn, lucknow, uttar pradesh","Ignore",0.00,0,0,0.00,4,0,0.00,19.12
NULL,1,"loadhapalavaodh_mum mumbai","Ignore",0.00,2,0,0.00,0,0,0.00,0.00
NULL,1,"loadsharealamganjodh_dbb dhubri","Ignore",0.00,1,0,0.00,0,0,0.00,0.00
NULL,1,"loadshareandalsplitodh_dgp raniganj","Ignore",0.00,2,0,0.00,0,0,0.00,0.00
NULL,1,"loadsharebaleshwarsplitodh_baw baleswar","Ignore",0.00,1,0,0.00,0,0,0.00,0.00
NULL,1,"loadsharebaranagarodh_kol kolkata","Ignore",0.00,0,0,0.00,1,0,0.00,15.07
NULL,1,"loadsharebudgebudgeodh_kol","Ignore",0.00,1,0,0.00,0,0,0.00,0.00
NULL,1,"loadsharebudgebudgeodh_kol budge budge","Ignore",0.00,1,0,0.00,0,0,0.00,0.00
NULL,1,"loadshareciticenterodh_dgp","Ignore",0.00,1,0,0.00,0,0,0.00,0.00
NULL,1,"loadshareciticenterodh_dgp durgapur","Ignore",0.00,4,0,0.00,0,0,0.00,0.00
NULL,1,"loadsharecuttacksplitodh_bbi cuttack","Ignore",0.00,3,0,0.00,0,0,0.00,0.00
NULL,1,"loadsharedhulagarhodh_kol","Ignore",0.00,1,0,0.00,0,0,0.00,0.00
NULL,1,"loadsharedhulagarhodh_kol dhulagarh","Ignore",0.00,3,0,0.00,0,0,0.00,0.00
NULL,1,"loadsharekabuganjodh_ixs silchar","Ignore",0.00,1,0,0.00,0,0,0.00,0.00
NULL,1,"loadsharelalbaghodh_mbb lalbagh","Ignore",0.00,2,0,0.00,0,0,0.00,0.00
NULL,1,"loadsharenagaonsplitodh_ngn nagaon","Ignore",0.00,1,0,0.00,0,0,0.00,0.00
NULL,1,"loadsharepithoragarhodh_ptg pithoragarh","Ignore",0.00,1,0,0.00,0,0,0.00,0.00
NULL,1,"loadsharerourkelasplitodh_rrk rourkela","Ignore",0.00,4,0,0.00,0,0,0.00,0.00
NULL,1,"loadshareshahjahanpurodh_sjp","Ignore",0.00,1,0,0.00,0,0,0.00,0.00
NULL,1,"loadshareshahjahanpurodh_sjp shahjahanpur","Ignore",0.00,1,0,0.00,0,0,0.00,0.00
NULL,1,"loadshareyakubnagarmdh_ykb shahjhanpur","Ignore",0.00,1,0,0.00,0,0,0.00,0.00
NULL,1,"lodhipurhub_mrd","Ignore",0.00,3,0,0.00,0,0,0.00,0.00
NULL,1,"lodhipurhub_mrd moradabad","Ignore",0.00,1,0,0.00,0,0,0.00,0.00
NULL,1,"logic it solutions tirur","Ignore",0.00,0,0,0.00,1,0,0.00,15.56
NULL,1,"logixfoxanandapurodh_adp","Ignore",0.00,1,0,0.00,0,0,0.00,0.00
NULL,1,"logixfoxanandapurodh_adp anandapur","Ignore",0.00,2,0,0.00,0,0,0.00,0.00
NULL,1,"lohardaga office","Ignore",0.00,0,0,0.00,2,0,0.00,14.53
NULL,1,"loharu","Ignore",0.00,0,0,0.00,1,0,0.00,15.03
NULL,1,"loharu, loharu, haryana","Ignore",0.00,0,0,0.00,1,0,0.00,14.21
NULL,1,"lohta, varanasi, uttar pradesh","Ignore",0.00,2,0,0.00,0,0,0.00,0.00
NULL,1,"lonavalaodh_kpl lonavala","Ignore",0.00,2,0,0.00,0,0,0.00,0.00
NULL,1,"lonihub_pune pune","Ignore",0.00,6,0,0.00,0,0,0.00,0.00
NULL,1,"love chonde roha","Ignore",0.00,1,0,0.00,0,0,0.00,0.00
NULL,1,"love store new delhi","Ignore",0.00,1,0,0.00,0,0,0.00,0.00
NULL,1,"lucknow - lko","Ignore",0.00,5,0,0.00,1,0,0.00,21.65
NULL,1,"lucknow sitapur road","Ignore",0.00,3,0,0.00,3,0,0.00,15.97
NULL,1,"lucknow warehouse","Ignore",0.00,1,0,0.00,0,0,0.00,0.00
NULL,1,"lucknow, uttar pradesh, in","Ignore",0.00,8,0,0.00,0,0,0.00,0.00
NULL,1,"lud/fpt, ludhiana, punjab","Ignore",0.00,1,0,0.00,1,0,0.00,15.64
NULL,1,"lud/hv1, ludhiana, punjab","Ignore",0.00,14,0,0.00,3,0,0.00,15.06
NULL,1,"lud/lud, ludhiana, punjab","Ignore",0.00,2,0,0.00,2,0,0.00,15.23
NULL,1,"lud/rto, ludhiana, punjab","Ignore",0.00,3,0,0.00,0,0,0.00,0.00
NULL,1,"ludhiana - ldh","Ignore",0.00,8,0,0.00,1,0,0.00,22.85
NULL,1,"ludhiana city","Ignore",0.00,4,0,0.00,3,0,0.00,30.38
NULL,1,"ludhiana hub","Ignore",0.00,1,0,0.00,0,0,0.00,0.00
NULL,1,"ludhiana hub ludhiana","Ignore",0.00,5,0,0.00,0,0,0.00,0.00
NULL,1,"ludhiana rsp hub","Ignore",0.00,138,0,0.00,9,0,0.00,15.27
NULL,1,"ludhianaairportmdh_luh","Ignore",0.00,1,0,0.00,0,0,0.00,0.00
NULL,1,"ludhianaairportmdh_luh ludhiana","Ignore",0.00,2,0,0.00,0,0,0.00,0.00
NULL,1,"ludi","Ignore",0.00,2,0,0.00,8,0,0.00,16.98
NULL,1,"luh/luh ludhiana","Ignore",0.00,162,0,0.00,0,0,0.00,0.00
NULL,1,"luhari, luhari, haryana","Ignore",0.00,0,0,0.00,1,0,0.00,40.85
NULL,1,"lunawada","Ignore",0.00,0,0,0.00,1,0,0.00,15.18
NULL,1,"lunglei, mizoram, in","Ignore",0.00,0,0,0.00,1,0,0.00,14.38
NULL,1,"m i road office","Ignore",0.00,6,0,0.00,1,0,0.00,14.75
NULL,1,"m.i enterprise jamnagar","Ignore",0.00,3,0,0.00,0,0,0.00,0.00
NULL,1,"m.s.v jayanthi agency sivakasi","Ignore",0.00,1,0,0.00,0,0,0.00,0.00
NULL,1,"ma ashapura nakhatrana","Ignore",0.00,1,0,0.00,0,0,0.00,0.00
NULL,1,"maa ashapura enterprise rajkot","Ignore",0.00,3,0,0.00,0,0,0.00,0.00
NULL,1,"maa pitambara contraction company jalaun","Ignore",0.00,1,0,0.00,0,0,0.00,0.00
NULL,1,"maa/ady-tml, chennai, tamil nadu","Ignore",0.00,0,0,0.00,2,0,0.00,32.19
NULL,1,"maa/apt, chennai, tamil nadu","Ignore",0.00,1,0,0.00,0,0,0.00,0.00
NULL,1,"maa/asn-tml, chennai, tamil nadu","Ignore",0.00,0,0,0.00,3,0,0.00,32.89
NULL,1,"maa/chl-tml, chennai, tamil nadu","Ignore",0.00,1,0,0.00,3,0,0.00,32.25
NULL,1,"maa/kdm-tml, chennai, tamil nadu","Ignore",0.00,1,0,0.00,2,0,0.00,14.61
NULL,1,"maa/kod-tml, chennai, tamil nadu","Ignore",0.00,0,0,0.00,1,0,0.00,15.69
NULL,1,"maa/lh1, chennai, tamil nadu","Ignore",0.00,548,0,0.00,2,0,0.00,22.55
NULL,1,"maa/mbm-tml, chennai, tamil nadu","Ignore",0.00,1,0,0.00,0,0,0.00,0.00
NULL,1,"maa/nam-ehv, chennai, tamil nadu","Ignore",0.00,3,0,0.00,0,0,0.00,0.00
NULL,1,"maa/nam, chennai, tamil nadu","Ignore",0.00,3,0,0.00,1,0,0.00,32.66
NULL,1,"maa/sdp-tml, chennai, tamil nadu","Ignore",0.00,2,0,0.00,3,0,0.00,32.59
NULL,1,"maa/sel-tml, chennai, tamil nadu","Ignore",0.00,2,0,0.00,1,0,0.00,16.25
NULL,1,"maa/tmb-tml, chennai, tamil nadu","Ignore",0.00,0,0,0.00,1,0,0.00,15.35
NULL,1,"maa/tvd-tml, chennai, tamil nadu","Ignore",0.00,0,0,0.00,1,0,0.00,14.95
NULL,1,"maapod/ehv-tml, chennai, tamil nadu","Ignore",0.00,0,0,0.00,1,0,0.00,16.15
NULL,1,"macherla","Ignore",0.00,1,0,0.00,0,0,0.00,0.00
NULL,1,"macherlahub_mch","Ignore",0.00,1,0,0.00,0,0,0.00,0.00
NULL,1,"machilipatnam","Ignore",0.00,4,0,0.00,0,0,0.00,0.00
NULL,1,"machilipatnamhub_mtm","Ignore",0.00,1,0,0.00,0,0,0.00,0.00
NULL,1,"machilipatnamhub_mtm machilipatnam","Ignore",0.00,3,0,0.00,0,0,0.00,0.00
NULL,1,"machiwara, machiwara, punjab","Ignore",0.00,0,0,0.00,1,0,0.00,14.53
NULL,1,"macosa mobile shop cuttack","Ignore",0.00,1,0,0.00,0,0,0.00,0.00
NULL,1,"mad/hub, madurai, tamil nadu","Ignore",0.00,65,0,0.00,3,0,0.00,19.66
NULL,1,"madakasira","Ignore",0.00,0,0,0.00,1,0,0.00,15.63
NULL,1,"madanapallee","Ignore",0.00,4,0,0.00,0,0,0.00,0.00
NULL,1,"madanapalleehub_mdp","Ignore",0.00,1,0,0.00,0,0,0.00,0.00
NULL,1,"madanapalleehub_mdp madanapallee","Ignore",0.00,4,0,0.00,0,0,0.00,0.00
NULL,1,"madanpalli, madanapalli, andhra pradesh","Ignore",0.00,0,0,0.00,1,0,0.00,15.87
NULL,1,"madhavaram","Ignore",0.00,2,0,0.00,0,0,0.00,0.00
NULL,1,"madhavaram apex sfc pud","Ignore",0.00,1,0,0.00,0,0,0.00,0.00
NULL,1,"madhepurahub_dmh","Ignore",0.00,1,0,0.00,0,0,0.00,0.00
NULL,1,"madhubani","Ignore",0.00,1,0,0.00,0,0,0.00,0.00
NULL,1,"madhubani, bihar, in","Ignore",0.00,1,0,0.00,0,0,0.00,0.00
NULL,1,"madhurawada reach","Ignore",0.00,0,0,0.00,1,0,0.00,15.03
NULL,1,"madhya marg office","Ignore",0.00,18,0,0.00,5,0,0.00,24.02
NULL,1,"madhya pradesh","Ignore",0.00,14,0,0.00,0,0,0.00,0.00
NULL,1,"madian provision store dehradun","Ignore",0.00,2,0,0.00,0,0,0.00,0.00
NULL,1,"madinaguda","Ignore",0.00,0,0,0.00,1,0,0.00,16.60
NULL,1,"madinaguda e-tail centre","Ignore",0.00,2,0,0.00,5,0,0.00,17.10
NULL,1,"madinaguda hub","Ignore",0.00,3,0,0.00,0,0,0.00,0.00
NULL,1,"madinaguda hub hyderabad","Ignore",0.00,11,0,0.00,0,0,0.00,0.00
NULL,1,"madpur","Ignore",0.00,1,0,0.00,0,0,0.00,0.00
NULL,1,"madpurhub_mdp","Ignore",0.00,1,0,0.00,0,0,0.00,0.00
NULL,1,"madurai","Ignore",0.00,11,0,0.00,4,0,0.00,26.99
NULL,1,"madurai e-tail cpu","Ignore",0.00,1,0,0.00,0,0,0.00,0.00
NULL,1,"madurai hub","Ignore",0.00,147,0,0.00,20,0,0.00,32.27
NULL,1,"madurai hub madurai","Ignore",0.00,4,0,0.00,0,0,0.00,0.00
NULL,1,"magam, magam, jammu and kashmir","Ignore",0.00,0,0,0.00,1,0,0.00,15.17
NULL,1,"magarpatta city pud","Ignore",0.00,0,0,0.00,1,0,0.00,14.67
NULL,1,"mahabubabad","Ignore",0.00,3,0,0.00,0,0,0.00,0.00
NULL,1,"mahabubabad, telangana, in","Ignore",0.00,1,0,0.00,0,0,0.00,0.00
NULL,1,"mahabubabadhub_mhb","Ignore",0.00,1,0,0.00,0,0,0.00,0.00
NULL,1,"mahabubabadhub_mhb mahabubabad","Ignore",0.00,2,0,0.00,0,0,0.00,0.00
NULL,1,"mahabubnagar, mahabubnagar, telangana","Ignore",0.00,5,0,0.00,1,0,0.00,20.28
NULL,1,"mahad","Ignore",0.00,2,0,0.00,0,0,0.00,0.00
NULL,1,"mahadev electronic ghazipur","Ignore",0.00,1,0,0.00,0,0,0.00,0.00
NULL,1,"mahadev enterprise new delhi","Ignore",0.00,1,0,0.00,0,0,0.00,0.00
NULL,1,"mahadevapura hub bengaluru","Ignore",0.00,1,0,0.00,0,0,0.00,0.00
NULL,1,"mahadevapura indus. area","Ignore",0.00,1,0,0.00,1,0,0.00,16.30
NULL,1,"mahadhub_mhd mahad","Ignore",0.00,1,0,0.00,0,0,0.00,0.00
NULL,1,"mahag","Ignore",0.00,1,0,0.00,0,0,0.00,0.00
NULL,1,"mahagaonmdh_mah mahag","Ignore",0.00,1,0,0.00,0,0,0.00,0.00
NULL,1,"mahaipalpur hub","Ignore",0.00,69,0,0.00,7,0,0.00,22.53
NULL,1,"mahakal logistics bagli rfk bagli","Ignore",0.00,1,0,0.00,0,0,0.00,0.00
NULL,1,"mahakali krupa bhavnagar","Ignore",0.00,1,0,0.00,0,0,0.00,0.00
NULL,1,"mahalakshmi agencies ooty","Ignore",0.00,1,0,0.00,0,0,0.00,0.00
NULL,1,"mahammad rafi koilkuntla","Ignore",0.00,1,0,0.00,0,0,0.00,0.00
NULL,1,"mahandipurbalajimdh_mhn brahmbad","Ignore",0.00,1,0,0.00,0,0,0.00,0.00
NULL,1,"maharajpur","Ignore",0.00,1,0,0.00,0,0,0.00,0.00
NULL,1,"maharajpurahub_gwl maharajpur","Ignore",0.00,1,0,0.00,0,0,0.00,0.00
NULL,1,"mahasamund","Ignore",0.00,2,0,0.00,0,0,0.00,0.00
NULL,1,"mahavir kirana new delhi","Ignore",0.00,1,0,0.00,0,0,0.00,0.00
NULL,1,"mahbub nagar","Ignore",0.00,2,0,0.00,3,0,0.00,15.20
NULL,1,"mahbubnagar","Ignore",0.00,2,0,0.00,0,0,0.00,0.00
NULL,1,"mahbubnagarhub_mbn mahbubnagar","Ignore",0.00,1,0,0.00,0,0,0.00,0.00
NULL,1,"mahendergarh, mahendergarh, haryana","Ignore",0.00,0,0,0.00,1,0,0.00,14.41
NULL,1,"mahesh gawali vasai","Ignore",0.00,1,0,0.00,0,0,0.00,0.00
NULL,1,"mahesh master kirana east godavari","Ignore",0.00,1,0,0.00,0,0,0.00,0.00
NULL,1,"maheshtala","Ignore",0.00,1,0,0.00,2,0,0.00,15.28
NULL,1,"mahi kirana store faridabad","Ignore",0.00,1,0,0.00,0,0,0.00,0.00
NULL,1,"mahilpur, mahalpur, punjab","Ignore",0.00,0,0,0.00,1,0,0.00,15.99
NULL,1,"mahima store rourkela","Ignore",0.00,1,0,0.00,0,0,0.00,0.00
NULL,1,"mahmood store new delhi","Ignore",0.00,2,0,0.00,0,0,0.00,0.00
NULL,1,"mahnarhub_vas vaishali","Ignore",0.00,1,0,0.00,0,0,0.00,0.00
NULL,1,"mahoba","Ignore",0.00,1,0,0.00,1,0,0.00,16.42
NULL,1,"mahobahub_mhb mahoba","Ignore",0.00,1,0,0.00,0,0,0.00,0.00
NULL,1,"mahrajganj","Ignore",0.00,1,0,0.00,0,0,0.00,0.00
NULL,1,"mahrajganjhub_mrj mahrajganj","Ignore",0.00,1,0,0.00,0,0,0.00,0.00
NULL,1,"mahulpalli","Ignore",0.00,1,0,0.00,0,0,0.00,0.00
NULL,1,"mahuva, gujarat, in","Ignore",0.00,1,0,0.00,0,0,0.00,0.00
NULL,1,"mahuwa","Ignore",0.00,0,0,0.00,1,0,0.00,26.21
NULL,1,"maihar","Ignore",0.00,4,0,0.00,3,0,0.00,14.82
NULL,1,"maiharhub_mhr maihar","Ignore",0.00,2,0,0.00,1,0,0.00,15.04
NULL,1,"mainpuri","Ignore",0.00,3,0,0.00,3,0,0.00,14.67
NULL,1,"majhdiahub_mij majhdia","Ignore",0.00,1,0,0.00,0,0,0.00,0.00
NULL,1,"majiwada etail office","Ignore",0.00,0,0,0.00,11,0,0.00,16.23
NULL,1,"makrana","Ignore",0.00,1,0,0.00,1,0,0.00,25.03
NULL,1,"makrana, makrana, rajasthan","Ignore",0.00,0,0,0.00,1,0,0.00,15.32
NULL,1,"makranahub_mak","Ignore",0.00,1,0,0.00,0,0,0.00,0.00
NULL,1,"makranahub_mak makrana","Ignore",0.00,1,0,0.00,0,0,0.00,0.00
NULL,1,"mala, mala kl, kerala","Ignore",0.00,0,0,0.00,1,0,0.00,37.54
NULL,1,"maladwesthub_mum","Ignore",0.00,2,0,0.00,0,0,0.00,0.00
NULL,1,"maladwesthub_mum mumbai","Ignore",0.00,9,0,0.00,0,0,0.00,0.00
NULL,1,"malakpet e-tail centre","Ignore",0.00,0,0,0.00,1,0,0.00,15.15
NULL,1,"malakpet ext","Ignore",0.00,1,0,0.00,3,0,0.00,16.53
NULL,1,"malang enterprise jam jodhpur","Ignore",0.00,1,0,0.00,0,0,0.00,0.00
NULL,1,"malappuram","Ignore",0.00,11,0,0.00,3,0,0.00,27.05
NULL,1,"malapuram","Ignore",0.00,3,0,0.00,4,0,0.00,28.08
NULL,1,"malapuram hub","Ignore",0.00,3,0,0.00,0,0,0.00,0.00
NULL,1,"malapuram hub malappuram","Ignore",0.00,3,0,0.00,1,0,0.00,15.56
NULL,1,"malayinkeezh","Ignore",0.00,2,0,0.00,0,0,0.00,0.00
NULL,1,"malayinkeezhuhub_myz malayinkeezh","Ignore",0.00,2,0,0.00,0,0,0.00,0.00
NULL,1,"malbazar","Ignore",0.00,2,0,0.00,0,0,0.00,0.00
NULL,1,"malbazarhub_njp malbazar","Ignore",0.00,1,0,0.00,0,0,0.00,0.00
NULL,1,"malda","Ignore",0.00,1,0,0.00,0,0,0.00,0.00
NULL,1,"malda, malda, west bengal","Ignore",0.00,0,0,0.00,2,0,0.00,15.38
NULL,1,"malenaduhub_smg shimoga","Ignore",0.00,2,0,0.00,0,0,0.00,0.00
NULL,1,"malerkotla s.o","Ignore",0.00,1,0,0.00,0,0,0.00,0.00
NULL,1,"malhotra store dehradun","Ignore",0.00,2,0,0.00,0,0,0.00,0.00
NULL,1,"maligaon hub guwahati","Ignore",0.00,2,0,0.00,0,0,0.00,0.00
NULL,1,"mallarpur","Ignore",0.00,1,0,0.00,0,0,0.00,0.00
NULL,1,"maloth pavani kirana mahabubabad","Ignore",0.00,1,0,0.00,0,0,0.00,0.00
NULL,1,"malumichampatti","Ignore",0.00,5,0,0.00,0,0,0.00,0.00
NULL,1,"malumichampattihub_muc","Ignore",0.00,3,0,0.00,0,0,0.00,0.00
NULL,1,"malumichampattihub_muc malumichampatti","Ignore",0.00,4,0,0.00,0,0,0.00,0.00
NULL,1,"malvinagar","Ignore",0.00,3,0,0.00,0,0,0.00,0.00
NULL,1,"malviyanagarhub_jai","Ignore",0.00,1,0,0.00,0,0,0.00,0.00
NULL,1,"malviyanagarhub_jai jaipur","Ignore",0.00,7,0,0.00,0,0,0.00,0.00
NULL,1,"manali","Ignore",0.00,1,0,0.00,3,0,0.00,14.73
NULL,1,"mananthavady","Ignore",0.00,2,0,0.00,1,0,0.00,37.22
NULL,1,"mananthavady, mananthavady, kerala","Ignore",0.00,0,0,0.00,1,0,0.00,21.88
NULL,1,"mananthavadyhub_mdy mananthavady","Ignore",0.00,2,0,0.00,0,0,0.00,0.00
NULL,1,"manarcadu_mrd","Ignore",0.00,4,0,0.00,0,0,0.00,0.00
NULL,1,"manarcadu_mrd kottayam","Ignore",0.00,5,0,0.00,0,0,0.00,0.00
NULL,1,"manavadar","Ignore",0.00,1,0,0.00,0,0,0.00,0.00
NULL,1,"manchar","Ignore",0.00,0,0,0.00,2,0,0.00,16.12
NULL,1,"mandal ji store new delhi","Ignore",0.00,2,0,0.00,0,0,0.00,0.00
NULL,1,"mandal store new delhi","Ignore",0.00,4,0,0.00,0,0,0.00,0.00
NULL,1,"mandapeta","Ignore",0.00,2,0,0.00,1,0,0.00,29.43
NULL,1,"mandapeta / ramachandrapuram","Ignore",0.00,4,0,0.00,0,0,0.00,0.00
NULL,1,"mandapeta / ravulapalem","Ignore",0.00,1,0,0.00,0,0,0.00,0.00
NULL,1,"mandapetahub_mdp mandapeta","Ignore",0.00,2,0,0.00,0,0,0.00,0.00
NULL,1,"mandawa, mandawa, rajasthan","Ignore",0.00,0,0,0.00,2,0,0.00,37.90
NULL,1,"mandi","Ignore",0.00,5,0,0.00,2,0,0.00,17.80
NULL,1,"mandi adampur","Ignore",0.00,0,0,0.00,2,0,0.00,32.45
NULL,1,"mandi, himachal pradesh, in","Ignore",0.00,4,0,0.00,0,0,0.00,0.00
NULL,1,"mandi, mandi, himachal pradesh","Ignore",0.00,7,0,0.00,4,0,0.00,40.77
NULL,1,"mandideep","Ignore",0.00,1,0,0.00,0,0,0.00,0.00
NULL,1,"mandigovindgarh, mandigovindgarh, punjab","Ignore",0.00,0,0,0.00,1,0,0.00,18.94
NULL,1,"mandihub_mni","Ignore",0.00,4,0,0.00,0,0,0.00,0.00
NULL,1,"mandihub_mni mandi","Ignore",0.00,3,0,0.00,0,0,0.00,0.00
NULL,1,"mandor rj, mandor rj, rajasthan","Ignore",0.00,0,0,0.00,3,0,0.00,31.12
NULL,1,"mandsaurhub_man mandsaur","Ignore",0.00,1,0,0.00,0,0,0.00,0.00
NULL,1,"mandya","Ignore",0.00,2,0,0.00,0,0,0.00,0.00
NULL,1,"mandya hub","Ignore",0.00,1,0,0.00,0,0,0.00,0.00
NULL,1,"mandya hub mandya","Ignore",0.00,1,0,0.00,0,0,0.00,0.00
NULL,1,"manendragarh","Ignore",0.00,4,0,0.00,0,0,0.00,0.00
NULL,1,"manesar pincodes","Ignore",0.00,11,0,0.00,0,0,0.00,0.00
NULL,1,"manesar warehouse","Ignore",0.00,23,0,0.00,0,0,0.00,0.00
NULL,1,"manesar1, delhi ncr, delhi","Ignore",0.00,0,0,0.00,1,0,0.00,15.91
NULL,1,"mangadu","Ignore",0.00,2,0,0.00,0,0,0.00,0.00
NULL,1,"mangalagangothri","Ignore",0.00,0,0,0.00,1,0,0.00,14.33
NULL,1,"mangalagiri","Ignore",0.00,1,0,0.00,0,0,0.00,0.00
NULL,1,"mangalagirihub_mgg mangalagiri","Ignore",0.00,1,0,0.00,0,0,0.00,0.00
NULL,1,"mangalamhub_tpr tirupur","Ignore",0.00,1,0,0.00,0,0,0.00,0.00
NULL,1,"mangalapuram","Ignore",0.00,6,0,0.00,0,0,0.00,0.00
NULL,1,"mangalore","Ignore",0.00,21,0,0.00,3,0,0.00,35.12
NULL,1,"mangalore counter","Ignore",0.00,1,0,0.00,0,0,0.00,0.00
NULL,1,"mangalore hub","Ignore",0.00,1,0,0.00,0,0,0.00,0.00
NULL,1,"mangalore hub mangalore","Ignore",0.00,14,0,0.00,1,0,0.00,15.15
NULL,1,"mangaluru, karnataka, in","Ignore",0.00,0,0,0.00,1,0,0.00,27.95
NULL,1,"mangaon","Ignore",0.00,1,0,0.00,0,0,0.00,0.00
NULL,1,"mangaonhub_man","Ignore",0.00,1,0,0.00,0,0,0.00,0.00
NULL,1,"mangaonhub_man mangaon","Ignore",0.00,1,0,0.00,0,0,0.00,0.00
NULL,1,"mangawan","Ignore",0.00,1,0,0.00,0,0,0.00,0.00
NULL,1,"mangawanmdh_mgn","Ignore",0.00,1,0,0.00,0,0,0.00,0.00
NULL,1,"mangawanmdh_mgn mangawan","Ignore",0.00,1,0,0.00,0,0,0.00,0.00
NULL,1,"mangocityhub_sxv","Ignore",0.00,2,0,0.00,0,0,0.00,0.00
NULL,1,"mangocityhub_sxv salem","Ignore",0.00,6,0,0.00,0,0,0.00,0.00
NULL,1,"mangolpurihub_del","Ignore",0.00,3,0,0.00,0,0,0.00,0.00
NULL,1,"mangolpurihub_del delhi","Ignore",0.00,22,0,0.00,0,0,0.00,0.00
NULL,1,"mangrol rj, mangrol rj, rajasthan","Ignore",0.00,0,0,0.00,1,0,0.00,14.97
NULL,1,"mani home store bangalore","Ignore",0.00,1,0,0.00,0,0,0.00,0.00
NULL,1,"manikandan home salem","Ignore",0.00,1,0,0.00,0,0,0.00,0.00
NULL,1,"manikandan home sivaganga","Ignore",0.00,1,0,0.00,0,0,0.00,0.00
NULL,1,"manikchowkhub_jhs jhansi","Ignore",0.00,2,0,0.00,0,0,0.00,0.00
NULL,1,"manikondahub_hyd","Ignore",0.00,1,0,0.00,0,0,0.00,0.00
NULL,1,"manikondahub_hyd hyderabad","Ignore",0.00,9,0,0.00,0,0,0.00,0.00
NULL,1,"manikondahubtemp_hyd hyderabad","Ignore",0.00,1,0,0.00,0,0,0.00,0.00
NULL,1,"manikpur","Ignore",0.00,0,0,0.00,1,0,0.00,14.60
NULL,1,"maninagarhub_adi","Ignore",0.00,2,0,0.00,0,0,0.00,0.00
NULL,1,"maninagarhub_adi ahmedabad","Ignore",0.00,4,0,0.00,0,0,0.00,0.00
NULL,1,"manipal","Ignore",0.00,24,0,0.00,0,0,0.00,0.00
NULL,1,"manipal hub manipal","Ignore",0.00,7,0,0.00,0,0,0.00,0.00
NULL,1,"manipal, karnataka, in","Ignore",0.00,0,0,0.00,2,0,0.00,15.89
NULL,1,"manipal, manipal, karnataka","Ignore",0.00,0,0,0.00,1,0,0.00,15.11
NULL,1,"manish enterprises patna","Ignore",0.00,1,0,0.00,0,0,0.00,0.00
NULL,1,"manish goyal enterprise hisar","Ignore",0.00,1,0,0.00,0,0,0.00,0.00
NULL,1,"manish kirana store jhansi","Ignore",0.00,1,0,0.00,0,0,0.00,0.00
NULL,1,"manish patel service kanpur","Ignore",0.00,1,0,0.00,0,0,0.00,0.00
NULL,1,"manisha kabra ichalkaranji","Ignore",0.00,0,0,0.00,1,0,0.00,15.06
NULL,1,"manjit electronic patiala","Ignore",0.00,1,0,0.00,0,0,0.00,0.00
NULL,1,"manjot kirana store amritsar","Ignore",0.00,1,0,0.00,0,0,0.00,0.00
NULL,1,"manju beauty parlour lucknow","Ignore",0.00,1,0,0.00,0,0,0.00,0.00
NULL,1,"manjunath_home_kirana raichur","Ignore",0.00,1,0,0.00,0,0,0.00,0.00
NULL,1,"mankala devi thane","Ignore",0.00,1,0,0.00,0,0,0.00,0.00
NULL,1,"mankapur gonda","Ignore",0.00,1,0,0.00,0,0,0.00,0.00
NULL,1,"manmad","Ignore",0.00,2,0,0.00,1,0,0.00,15.10
NULL,1,"manna debashis bankura","Ignore",0.00,1,0,0.00,0,0,0.00,0.00
NULL,1,"mannarkkad","Ignore",0.00,2,0,0.00,0,0,0.00,0.00
NULL,1,"mannarkkadhub_mrk","Ignore",0.00,1,0,0.00,0,0,0.00,0.00
NULL,1,"mannarkkadhub_mrk mannarkkad","Ignore",0.00,2,0,0.00,0,0,0.00,0.00
NULL,1,"mannat collection rajgarh(bia)","Ignore",0.00,2,0,0.00,0,0,0.00,0.00
NULL,1,"mannat khamgaon","Ignore",0.00,1,0,0.00,0,0,0.00,0.00
NULL,1,"mannu store hisar","Ignore",0.00,1,0,0.00,0,0,0.00,0.00
NULL,1,"manoj jenral store bharatpur","Ignore",0.00,2,0,0.00,0,0,0.00,0.00
NULL,1,"manoj kumar new delhi","Ignore",0.00,2,0,0.00,0,0,0.00,0.00
NULL,1,"manoj kumar pal dehradun","Ignore",0.00,1,0,0.00,0,0,0.00,0.00
NULL,1,"manpada service centre","Ignore",0.00,1,0,0.00,2,0,0.00,16.63
NULL,1,"mansa","Ignore",0.00,0,0,0.00,6,0,0.00,15.25
NULL,1,"manta","Ignore",0.00,3,0,0.00,0,0,0.00,0.00
NULL,1,"manviodh_mnv","Ignore",0.00,1,0,0.00,0,0,0.00,0.00
NULL,1,"manviodh_mnv raichur","Ignore",0.00,1,0,0.00,0,0,0.00,0.00
NULL,1,"manwath","Ignore",0.00,0,0,0.00,1,0,0.00,36.53
NULL,1,"manyatha tech park","Ignore",0.00,3,0,0.00,4,0,0.00,29.65
NULL,1,"maraimalai nagar","Ignore",0.00,4,0,0.00,0,0,0.00,0.00
NULL,1,"marakanamhub_tin","Ignore",0.00,1,0,0.00,0,0,0.00,0.00
NULL,1,"marangiodh_kir katihar","Ignore",0.00,1,0,0.00,0,0,0.00,0.00
NULL,1,"marathahallihub_blr bangalore","Ignore",0.00,2,0,0.00,0,0,0.00,0.00
NULL,1,"marathahallihubtemp_blr bangalore","Ignore",0.00,1,0,0.00,0,0,0.00,0.00
NULL,1,"marathalli","Ignore",0.00,3,0,0.00,9,0,0.00,15.70
NULL,1,"margao, margao, goa","Ignore",0.00,1,0,0.00,0,0,0.00,0.00
NULL,1,"margherita","Ignore",0.00,1,0,0.00,0,0,0.00,0.00
NULL,1,"margheritahub_mrg margherita","Ignore",0.00,1,0,0.00,0,0,0.00,0.00
NULL,1,"marinedrivehub_rpr","Ignore",0.00,1,0,0.00,0,0,0.00,0.00
NULL,1,"marinedrivehub_rpr raipur","Ignore",0.00,5,0,0.00,0,0,0.00,0.00
NULL,1,"markatola","Ignore",0.00,0,0,0.00,2,0,0.00,17.36
NULL,1,"marolmh, mumbai, maharashtra","Ignore",0.00,3,0,0.00,3,0,0.00,32.67
NULL,1,"marshaghaimdh_msg kendrapada","Ignore",0.00,2,0,0.00,0,0,0.00,0.00
NULL,1,"marthandam","Ignore",0.00,3,0,0.00,0,0,0.00,0.00
NULL,1,"maruti store bhubaneswar","Ignore",0.00,1,0,0.00,0,0,0.00,0.00
NULL,1,"masabtankhub_hyd hyderabad","Ignore",0.00,9,0,0.00,0,0,0.00,0.00
NULL,1,"masirpur, masirpur, uttar pradesh","Ignore",0.00,0,0,0.00,1,0,0.00,14.75
NULL,1,"masjid","Ignore",0.00,2,0,0.00,3,0,0.00,15.45
NULL,1,"masjidhub_mum mumbai","Ignore",0.00,7,0,0.00,0,0,0.00,0.00
NULL,1,"master kirana mallikarjuna bangalore","Ignore",0.00,1,0,0.00,0,0,0.00,0.00
NULL,1,"master sr agencys choutuppal","Ignore",0.00,1,0,0.00,0,0,0.00,0.00
NULL,1,"math laxmipur, bareilly, uttar pradesh","Ignore",0.00,2,0,0.00,3,0,0.00,14.47
NULL,1,"mathabhanga","Ignore",0.00,2,0,0.00,0,0,0.00,0.00
NULL,1,"mathlimdh_mth chalanguda","Ignore",0.00,2,0,0.00,0,0,0.00,0.00
NULL,1,"mathura hub mathura","Ignore",0.00,0,0,0.00,1,0,0.00,14.79
NULL,1,"mathura office","Ignore",0.00,0,0,0.00,3,0,0.00,14.43
NULL,1,"mathura, uttar pradesh, in","Ignore",0.00,1,0,0.00,0,0,0.00,0.00
NULL,1,"matigara","Ignore",0.00,1,0,0.00,1,0,0.00,31.46
NULL,1,"matigara hub","Ignore",0.00,1,0,0.00,0,0,0.00,0.00
NULL,1,"matigara hub siliguri","Ignore",0.00,2,0,0.00,0,0,0.00,0.00
NULL,1,"matihanimdh_mth begusarai","Ignore",0.00,1,0,0.00,0,0,0.00,0.00
NULL,1,"mau","Ignore",0.00,2,0,0.00,1,0,0.00,15.32
NULL,1,"mau1, mau, uttar pradesh","Ignore",0.00,0,0,0.00,1,0,0.00,14.30
NULL,1,"mauda, mauda, maharashtra","Ignore",0.00,0,0,0.00,1,0,0.00,43.00
NULL,1,"mauganj","Ignore",0.00,1,0,0.00,0,0,0.00,0.00
NULL,1,"mauhub_mau mau","Ignore",0.00,0,0,0.00,1,0,0.00,14.66
NULL,1,"maurya gernal store new delhi","Ignore",0.00,1,0,0.00,0,0,0.00,0.00
NULL,1,"mavelikara","Ignore",0.00,1,0,0.00,0,0,0.00,0.00
NULL,1,"mavoor, kerala, in","Ignore",0.00,12,0,0.00,0,0,0.00,0.00
NULL,1,"mawryngkneng","Ignore",0.00,1,0,0.00,0,0,0.00,0.00
NULL,1,"mayiladuthurai","Ignore",0.00,4,0,0.00,0,0,0.00,0.00
NULL,1,"mayiladuthuraihub_may mayiladuthurai","Ignore",0.00,1,0,0.00,0,0,0.00,0.00
NULL,1,"maynaguri","Ignore",0.00,1,0,0.00,0,0,0.00,0.00
NULL,1,"mayur novelty bangalore","Ignore",0.00,1,0,0.00,0,0,0.00,0.00
NULL,1,"mayurbhanj","Ignore",0.00,0,0,0.00,1,0,0.00,14.33
NULL,1,"mayurviharhub_del","Ignore",0.00,3,0,0.00,0,0,0.00,0.00
NULL,1,"mayurviharhub_del delhi","Ignore",0.00,6,0,0.00,1,0,0.00,37.32
NULL,1,"mayyil, taliparamba, kerala","Ignore",0.00,0,0,0.00,1,0,0.00,18.60
NULL,1,"mby  e-tail centre","Ignore",0.00,2,0,0.00,9,0,0.00,16.78
NULL,1,"md atik store new delhi","Ignore",0.00,1,0,0.00,0,0,0.00,0.00
NULL,1,"md jamal ansari new delhi","Ignore",0.00,3,0,0.00,0,0,0.00,0.00
NULL,1,"md munna motihari","Ignore",0.00,1,0,0.00,0,0,0.00,0.00
NULL,1,"mdu/pdr-tml, madurai, tamil nadu","Ignore",0.00,0,0,0.00,1,0,0.00,17.33
NULL,1,"mecheda, mecheda, west bengal","Ignore",0.00,0,0,0.00,1,0,0.00,15.36
NULL,1,"medak","Ignore",0.00,1,0,0.00,0,0,0.00,0.00
NULL,1,"medakmdh_med hyderabad","Ignore",0.00,2,0,0.00,0,0,0.00,0.00
NULL,1,"medarametla, medarametla, andhra pradesh","Ignore",0.00,0,0,0.00,1,0,0.00,15.21
NULL,1,"medinipur","Ignore",0.00,1,0,0.00,0,0,0.00,0.00
NULL,1,"meena kumari kangra","Ignore",0.00,1,0,0.00,0,0,0.00,0.00
NULL,1,"meenakshi store madurai","Ignore",0.00,1,0,0.00,0,0,0.00,0.00
NULL,1,"meera road-bhayander","Ignore",0.00,13,0,0.00,0,0,0.00,0.00
NULL,1,"meerut","Ignore",0.00,19,0,0.00,3,0,0.00,26.77
NULL,1,"meerut  expansion","Ignore",0.00,0,0,0.00,5,0,0.00,15.08
NULL,1,"meerut hub","Ignore",0.00,47,0,0.00,4,0,0.00,15.40
NULL,1,"meerut hub meerut","Ignore",0.00,2,0,0.00,0,0,0.00,0.00
NULL,1,"meerut, meerut, uttar pradesh","Ignore",0.00,68,0,0.00,2,0,0.00,22.11
NULL,1,"meerut, uttar pradesh, in","Ignore",0.00,0,0,0.00,2,0,0.00,15.53
NULL,1,"meerut1, meerut, uttar pradesh","Ignore",0.00,0,0,0.00,1,0,0.00,20.12
NULL,1,"meghanagar","Ignore",0.00,1,0,0.00,1,0,0.00,40.48
NULL,1,"meghanagarmdh_mgh meghanagar","Ignore",0.00,1,0,0.00,0,0,0.00,0.00
NULL,1,"meham","Ignore",0.00,0,0,0.00,2,0,0.00,15.45
NULL,1,"meham2, meham, haryana","Ignore",0.00,0,0,0.00,1,0,0.00,34.54
NULL,1,"meharbanhub_osh ludhiana","Ignore",0.00,2,0,0.00,0,0,0.00,0.00
NULL,1,"meherpur, silchar, assam","Ignore",0.00,0,0,0.00,1,0,0.00,14.52
NULL,1,"mehkar","Ignore",0.00,1,0,0.00,0,0,0.00,0.00
NULL,1,"mehra enterprises kota","Ignore",0.00,1,0,0.00,0,0,0.00,0.00
NULL,1,"mehsana","Ignore",0.00,23,0,0.00,3,0,0.00,36.97
NULL,1,"mehsana hub","Ignore",0.00,2,0,0.00,0,0,0.00,0.00
NULL,1,"mehsana hub mehsana","Ignore",0.00,3,0,0.00,2,0,0.00,15.63
NULL,1,"mehsana1, mehsana, gujarat","Ignore",0.00,8,0,0.00,1,0,0.00,29.07
NULL,1,"mehta, mehta, punjab","Ignore",0.00,0,0,0.00,2,0,0.00,16.18
NULL,1,"mehul raval nadiad","Ignore",0.00,1,0,0.00,0,0,0.00,0.00
NULL,1,"mehzabin store mumbai","Ignore",0.00,1,0,0.00,0,0,0.00,0.00
NULL,1,"mekkaad","Ignore",0.00,5,0,0.00,0,0,0.00,0.00
NULL,1,"mekkaadhub_mkd","Ignore",0.00,1,0,0.00,0,0,0.00,0.00
NULL,1,"mekkaadhub_mkd mekkaad","Ignore",0.00,2,0,0.00,1,0,0.00,14.58
NULL,1,"melwin store madurai","Ignore",0.00,1,0,0.00,0,0,0.00,0.00
NULL,1,"memaari, memari, west bengal","Ignore",0.00,0,0,0.00,1,0,0.00,15.44
NULL,1,"memco office","Ignore",0.00,5,0,0.00,1,0,0.00,15.62
NULL,1,"meppadimdh_mpd meppadi","Ignore",0.00,1,0,0.00,0,0,0.00,0.00
NULL,1,"merces hub","Ignore",0.00,2,0,0.00,0,0,0.00,0.00
NULL,1,"merces hub panjim","Ignore",0.00,7,0,0.00,0,0,0.00,0.00
NULL,1,"merin home kottayam","Ignore",0.00,1,0,0.00,0,0,0.00,0.00
NULL,1,"merta","Ignore",0.00,1,0,0.00,4,0,0.00,25.68
NULL,1,"merta city","Ignore",0.00,1,0,0.00,0,0,0.00,0.00
NULL,1,"metpally","Ignore",0.00,1,0,0.00,0,0,0.00,0.00
NULL,1,"metpallyhub_mtp metpally","Ignore",0.00,1,0,0.00,0,0,0.00,0.00
NULL,1,"mettupalayam","Ignore",0.00,0,0,0.00,1,0,0.00,14.60
NULL,1,"mettur","Ignore",0.00,2,0,0.00,0,0,0.00,0.00
NULL,1,"metturhub_mur mettur","Ignore",0.00,1,0,0.00,0,0,0.00,0.00
NULL,1,"mfpe","Ignore",0.00,0,0,0.00,3,0,0.00,14.21
NULL,1,"mgmarghub_ggt","Ignore",0.00,1,0,0.00,0,0,0.00,0.00
NULL,1,"mhow","Ignore",0.00,1,0,0.00,0,0,0.00,0.00
NULL,1,"mhowhub_idr indore","Ignore",0.00,2,0,0.00,0,0,0.00,0.00
NULL,1,"miamitr_alw alwar","Ignore",0.00,1,0,0.00,0,0,0.00,0.00
NULL,1,"midnapore","Ignore",0.00,0,0,0.00,1,0,0.00,15.08
NULL,1,"midnapore hub","Ignore",0.00,1,0,0.00,0,0,0.00,0.00
NULL,1,"midnapore hub kharagpur","Ignore",0.00,1,0,0.00,0,0,0.00,0.00
NULL,1,"midnapore, west bengal, in","Ignore",0.00,1,0,0.00,0,0,0.00,0.00
NULL,1,"might shop stationaries & xerox vellore","Ignore",0.00,1,0,0.00,0,0,0.00,0.00
NULL,1,"milan store purulia","Ignore",0.00,1,0,0.00,0,0,0.00,0.00
NULL,1,"minu chowdhury alipurduar","Ignore",0.00,1,0,0.00,0,0,0.00,0.00
NULL,1,"minumula mani warangal","Ignore",0.00,1,0,0.00,0,0,0.00,0.00
NULL,1,"miran sahib","Ignore",0.00,1,0,0.00,0,0,0.00,0.00
NULL,1,"miraroad hub","Ignore",0.00,5,0,0.00,0,0,0.00,0.00
NULL,1,"miraroad hub mumbai","Ignore",0.00,19,0,0.00,0,0,0.00,0.00
NULL,1,"mirm","Ignore",0.00,27,0,0.00,4,0,0.00,35.80
NULL,1,"mirthal","Ignore",0.00,1,0,0.00,0,0,0.00,0.00
NULL,1,"mirthalmdh_mtl mirthal","Ignore",0.00,0,0,0.00,1,0,0.00,14.75
NULL,1,"miryalaguda","Ignore",0.00,1,0,0.00,0,0,0.00,0.00
NULL,1,"mirzapur","Ignore",0.00,3,0,0.00,1,0,0.00,21.59
NULL,1,"mirzapur, mirzapur, uttar pradesh","Ignore",0.00,0,0,0.00,2,0,0.00,15.49
NULL,1,"mirzapurhub_mzp mirzapur","Ignore",0.00,1,0,0.00,0,0,0.00,0.00
NULL,1,"misroutehub_blr bangalore","Ignore",0.00,1,0,0.00,0,0,0.00,0.00
NULL,1,"misroutehub_sectorv_kol kolkata","Ignore",0.00,1,0,0.00,0,0,0.00,0.00
NULL,1,"mitesh store nadiad","Ignore",0.00,1,0,0.00,0,0,0.00,0.00
NULL,1,"mithanpurahub_mzf muzaffarpur","Ignore",0.00,1,0,0.00,0,0,0.00,0.00
NULL,1,"mithapurhub_pat","Ignore",0.00,1,0,0.00,0,0,0.00,0.00
NULL,1,"mithapurhub_pat patna","Ignore",0.00,0,0,0.00,1,0,0.00,15.97
NULL,1,"miyanwala, doiwala, uttarakhand","Ignore",0.00,0,0,0.00,2,0,0.00,15.85
NULL,1,"miyapurhub_hyd","Ignore",0.00,5,0,0.00,0,0,0.00,0.00
NULL,1,"miyapurhub_hyd hyderabad","Ignore",0.00,13,0,0.00,0,0,0.00,0.00
NULL,1,"mlr/hub, mangalore, karnataka","Ignore",0.00,62,0,0.00,1,0,0.00,22.37
NULL,1,"mmmhub_gop gorakhpur","Ignore",0.00,3,0,0.00,0,0,0.00,0.00
NULL,1,"modasa","Ignore",0.00,1,0,0.00,0,0,0.00,0.00
NULL,1,"modeltown hub","Ignore",0.00,4,0,0.00,0,0,0.00,0.00
NULL,1,"modeltown hub delhi","Ignore",0.00,24,0,0.00,0,0,0.00,0.00
NULL,1,"modinagar","Ignore",0.00,0,0,0.00,2,0,0.00,15.38
NULL,1,"modinagar, modinagar, uttar pradesh","Ignore",0.00,0,0,0.00,1,0,0.00,14.34
NULL,1,"modinagarhub_mee","Ignore",0.00,1,0,0.00,0,0,0.00,0.00
NULL,1,"moga","Ignore",0.00,8,0,0.00,2,0,0.00,32.20
NULL,1,"moga 1","Ignore",0.00,1,0,0.00,0,0,0.00,0.00
NULL,1,"moga, moga, punjab","Ignore",0.00,0,0,0.00,2,0,0.00,14.59
NULL,1,"mogahub_mog","Ignore",0.00,2,0,0.00,0,0,0.00,0.00
NULL,1,"mogahub_mog moga","Ignore",0.00,6,0,0.00,1,0,0.00,15.23
NULL,1,"mogaltur","Ignore",0.00,2,0,0.00,0,0,0.00,0.00
NULL,1,"mogalturmdh_mog mogaltur","Ignore",0.00,2,0,0.00,0,0,0.00,0.00
NULL,1,"mogra","Ignore",0.00,1,0,0.00,0,0,0.00,0.00
NULL,1,"mohali","Ignore",0.00,112,0,0.00,17,0,0.00,31.05
NULL,1,"mohali hub","Ignore",0.00,2,0,0.00,0,0,0.00,0.00
NULL,1,"mohali hub mohali","Ignore",0.00,9,0,0.00,0,0,0.00,0.00
NULL,1,"mohali, punjab, in","Ignore",0.00,1,0,0.00,0,0,0.00,0.00
NULL,1,"mohammad raess new delhi","Ignore",0.00,1,0,0.00,0,0,0.00,0.00
NULL,1,"mohammadabad","Ignore",0.00,1,0,0.00,0,0,0.00,0.00
NULL,1,"mohammed rizwan ansari new delhi","Ignore",0.00,2,0,0.00,0,0,0.00,0.00
NULL,1,"mohan co op indl area","Ignore",0.00,1,0,0.00,0,0,0.00,0.00
NULL,1,"mohan store gurgaon","Ignore",0.00,1,0,0.00,0,0,0.00,0.00
NULL,1,"mohan store new delhi","Ignore",0.00,1,0,0.00,0,0,0.00,0.00
NULL,1,"mohana","Ignore",0.00,1,0,0.00,0,0,0.00,0.00
NULL,1,"mohaniahub_bbu","Ignore",0.00,1,0,0.00,0,0,0.00,0.00
NULL,1,"mohd aamil new delhi","Ignore",0.00,1,0,0.00,0,0,0.00,0.00
NULL,1,"mohd adil new delhi","Ignore",0.00,4,0,0.00,0,0,0.00,0.00
NULL,1,"mohit sain kirana faizabad","Ignore",0.00,1,0,0.00,0,0,0.00,0.00
NULL,1,"mohla","Ignore",0.00,1,0,0.00,0,0,0.00,0.00
NULL,1,"mohsin kirana gandevi","Ignore",0.00,1,0,0.00,0,0,0.00,0.00
NULL,1,"mokama","Ignore",0.00,1,0,0.00,0,0,0.00,0.00
NULL,1,"mokamahub_mka mokama","Ignore",0.00,1,0,0.00,0,0,0.00,0.00
NULL,1,"mokokchung","Ignore",0.00,0,0,0.00,1,0,0.00,36.04
NULL,1,"mokokchung, mokokchung, nagaland","Ignore",0.00,1,0,0.00,0,0,0.00,0.00
NULL,1,"molakalmuru","Ignore",0.00,1,0,0.00,0,0,0.00,0.00
NULL,1,"molakkalmuruhub_momu molakalmuru","Ignore",0.00,1,0,0.00,0,0,0.00,0.00
NULL,1,"mollykutty home alappuzha","Ignore",0.00,1,0,0.00,0,0,0.00,0.00
NULL,1,"mondaymarkethub_mdm","Ignore",0.00,1,0,0.00,1,0,0.00,14.77
NULL,1,"mondaymarkethub_mdm nagercoil","Ignore",0.00,2,0,0.00,0,0,0.00,0.00
NULL,1,"montu das new delhi","Ignore",0.00,1,0,0.00,0,0,0.00,0.00
NULL,1,"monu general store gurgaon","Ignore",0.00,1,0,0.00,0,0,0.00,0.00
NULL,1,"monu kumar  a store gurgaon","Ignore",0.00,1,0,0.00,0,0,0.00,0.00
NULL,1,"moodubelle1, moodubelle, karnataka","Ignore",0.00,1,0,0.00,0,0,0.00,0.00
NULL,1,"moolapalayam, oddanchatram, tamil nadu","Ignore",0.00,1,0,0.00,1,0,0.00,14.33
NULL,1,"moradabad hub","Ignore",0.00,92,0,0.00,8,0,0.00,36.28
NULL,1,"moradabad hub moradabad","Ignore",0.00,1,0,0.00,0,0,0.00,0.00
NULL,1,"moraiya, gujarat, in","Ignore",0.00,30,0,0.00,0,0,0.00,0.00
NULL,1,"morbi","Ignore",0.00,0,0,0.00,1,0,0.00,35.34
NULL,1,"morbi e-tail centre","Ignore",0.00,0,0,0.00,7,0,0.00,15.98
NULL,1,"morena","Ignore",0.00,6,0,0.00,0,0,0.00,0.00
NULL,1,"morena, morena, madhya pradesh","Ignore",0.00,0,0,0.00,1,0,0.00,15.20
NULL,1,"morenahub_mrn morena","Ignore",0.00,3,0,0.00,1,0,0.00,16.68
NULL,1,"motherhub_abd ahmedabad","Ignore",0.00,339,0,0.00,0,0,0.00,0.00
NULL,1,"motherhub_anj bangalore","Ignore",0.00,153,0,0.00,0,0,0.00,0.00
NULL,1,"motherhub_bnl gurgaon","Ignore",0.00,1,0,0.00,0,0,0.00,0.00
NULL,1,"motherhub_cok ernakulam","Ignore",0.00,128,0,0.00,0,0,0.00,0.00
NULL,1,"motherhub_csk chennai","Ignore",0.00,56,0,0.00,0,0,0.00,0.00
NULL,1,"motherhub_cut cuttack","Ignore",0.00,34,0,0.00,0,0,0.00,0.00
NULL,1,"motherhub_dic delhi","Ignore",0.00,1257,0,0.00,0,0,0.00,0.00
NULL,1,"motherhub_frk farukhnagar","Ignore",0.00,356,0,0.00,0,0,0.00,0.00
NULL,1,"motherhub_guw guwahati","Ignore",0.00,12,0,0.00,0,0,0.00,0.00
NULL,1,"motherhub_hjr hajipur","Ignore",0.00,7,0,0.00,0,0,0.00,0.00
NULL,1,"motherhub_hrn nadia","Ignore",0.00,181,0,0.00,0,0,0.00,0.00
NULL,1,"motherhub_ido indore","Ignore",0.00,41,0,0.00,0,0,0.00,0.00
NULL,1,"motherhub_jkd ranchi","Ignore",0.00,14,0,0.00,0,0,0.00,0.00
NULL,1,"motherhub_jks gurgaon","Ignore",0.00,125,0,0.00,0,0,0.00,0.00
NULL,1,"motherhub_lko lucknow","Ignore",0.00,63,0,0.00,0,0,0.00,0.00
NULL,1,"motherhub_lko_flex lucknow","Ignore",0.00,40,0,0.00,0,0,0.00,0.00
NULL,1,"motherhub_med hyderabad","Ignore",0.00,18,0,0.00,0,0,0.00,0.00
NULL,1,"motherhub_nag_bts nagpur","Ignore",0.00,81,0,0.00,0,0,0.00,0.00
NULL,1,"motherhub_pat_bts patna","Ignore",0.00,13,0,0.00,0,0,0.00,0.00
NULL,1,"motherhub_pls guwahati","Ignore",0.00,14,0,0.00,0,0,0.00,0.00
NULL,1,"motherhub_ptc hyderabad","Ignore",0.00,2,0,0.00,0,0,0.00,0.00
NULL,1,"motherhub_pune pune","Ignore",0.00,99,0,0.00,0,0,0.00,0.00
NULL,1,"motherhub_rac ranchi","Ignore",0.00,17,0,0.00,0,0,0.00,0.00
NULL,1,"motherhub_sai_4 thane","Ignore",0.00,3317,0,0.00,0,0,0.00,0.00
NULL,1,"motherhub_sil jalpaiguri","Ignore",0.00,34,0,0.00,0,0,0.00,0.00
NULL,1,"motherhub_stv_bts surat","Ignore",0.00,796,0,0.00,0,0,0.00,0.00
NULL,1,"motherhub_ulb uluberia","Ignore",0.00,87,0,0.00,0,0,0.00,0.00
NULL,1,"motherhub_vjn vijayawada","Ignore",0.00,98,0,0.00,0,0,0.00,0.00
NULL,1,"motherhub_vni varanasi","Ignore",0.00,13,0,0.00,0,0,0.00,0.00
NULL,1,"motherhub_ykb yakubpur","Ignore",0.00,19,0,0.00,0,0,0.00,0.00
NULL,1,"motibaghhub_del","Ignore",0.00,16,0,0.00,0,0,0.00,0.00
NULL,1,"motibaghhub_del delhi","Ignore",0.00,39,0,0.00,0,0,0.00,0.00
NULL,1,"motihari","Ignore",0.00,1,0,0.00,0,0,0.00,0.00
NULL,1,"motihari office","Ignore",0.00,0,0,0.00,1,0,0.00,14.93
NULL,1,"motihari, motihari, bihar","Ignore",0.00,0,0,0.00,1,0,0.00,16.68
NULL,1,"motipurmdh_mzf muzaffarpur","Ignore",0.00,1,0,0.00,0,0,0.00,0.00
NULL,1,"motla srikanth own house warangal","Ignore",0.00,2,0,0.00,0,0,0.00,0.00
NULL,1,"mourya herbal new delhi","Ignore",0.00,2,0,0.00,0,0,0.00,0.00
NULL,1,"movva","Ignore",0.00,2,0,0.00,0,0,0.00,0.00
NULL,1,"mowa hub","Ignore",0.00,1,0,0.00,0,0,0.00,0.00
NULL,1,"mowa hub raipur","Ignore",0.00,9,0,0.00,0,0,0.00,0.00
NULL,1,"mp_surathub_stv","Ignore",0.00,199,0,0.00,0,0,0.00,0.00
NULL,1,"mpnagarhub_bho bhopal","Ignore",0.00,4,0,0.00,0,0,0.00,0.00
NULL,1,"mpum","Ignore",0.00,9,0,0.00,8,0,0.00,38.30
NULL,1,"mr deepak h enterprises panvel","Ignore",0.00,1,0,0.00,0,0,0.00,0.00
NULL,1,"mr.sriwaz new delhi","Ignore",0.00,4,0,0.00,0,0,0.00,0.00
NULL,1,"mrjhub_sng","Ignore",0.00,1,0,0.00,0,0,0.00,0.00
NULL,1,"mrjhub_sng sangli","Ignore",0.00,1,0,0.00,0,0,0.00,0.00
NULL,1,"mrt/gng, meerut, uttar pradesh","Ignore",0.00,0,0,0.00,2,0,0.00,14.34
NULL,1,"ms stationary new delhi","Ignore",0.00,2,0,0.00,0,0,0.00,0.00
NULL,1,"mskmillhub_gul","Ignore",0.00,1,0,0.00,0,0,0.00,0.00
NULL,1,"mskmillhub_gul gulbarga","Ignore",0.00,5,0,0.00,0,0,0.00,0.00
NULL,1,"muduli store puri","Ignore",0.00,1,0,0.00,0,0,0.00,0.00
NULL,1,"mughalsarai","Ignore",0.00,2,0,0.00,0,0,0.00,0.00
NULL,1,"mujeeb(home) kozhikode","Ignore",0.00,2,0,0.00,0,0,0.00,0.00
NULL,1,"muked","Ignore",0.00,4,0,0.00,1,0,0.00,27.49
NULL,1,"mukesh gurgaon","Ignore",0.00,1,0,0.00,0,0,0.00,0.00
NULL,1,"mukesh kumar kirana new delhi","Ignore",0.00,1,0,0.00,0,0,0.00,0.00
NULL,1,"mukesh patel kirana valsad","Ignore",0.00,1,0,0.00,0,0,0.00,0.00
NULL,1,"mukherjeenagarhub_del","Ignore",0.00,5,0,0.00,0,0,0.00,0.00
NULL,1,"mukherjeenagarhub_del adarshnagar","Ignore",0.00,18,0,0.00,0,0,0.00,0.00
NULL,1,"mukkam","Ignore",0.00,1,0,0.00,0,0,0.00,0.00
NULL,1,"muktsar","Ignore",0.00,2,0,0.00,0,0,0.00,0.00
NULL,1,"muktsar expansion","Ignore",0.00,0,0,0.00,5,0,0.00,15.05
NULL,1,"muktsar, muktsar, punjab","Ignore",0.00,0,0,0.00,1,0,0.00,14.46
NULL,1,"muktsarhub_mkt muktsar","Ignore",0.00,2,0,0.00,0,0,0.00,0.00
NULL,1,"mul","Ignore",0.00,2,0,0.00,0,0,0.00,0.00
NULL,1,"mulky","Ignore",0.00,10,0,0.00,0,0,0.00,0.00
NULL,1,"mullana","Ignore",0.00,0,0,0.00,2,0,0.00,15.40
NULL,1,"mulugu","Ignore",0.00,1,0,0.00,0,0,0.00,0.00
NULL,1,"muluguhub_wgl mulugu","Ignore",0.00,1,0,0.00,0,0,0.00,0.00
NULL,1,"mulund","Ignore",0.00,18,0,0.00,0,0,0.00,0.00
NULL,1,"mulund bhandup e-tail","Ignore",0.00,0,0,0.00,1,0,0.00,15.42
NULL,1,"mumbai airport warehouse","Ignore",0.00,8,0,0.00,4,0,0.00,16.87
NULL,1,"mumbai kandivali war","Ignore",0.00,2088,0,0.00,189,0,0.00,22.33
NULL,1,"mumbai north warehouse","Ignore",0.00,0,0,0.00,4,0,0.00,17.00
NULL,1,"mumbra","Ignore",0.00,0,0,0.00,3,0,0.00,15.00
NULL,1,"mundaka cod unit","Ignore",0.00,43,0,0.00,1,0,0.00,20.83
NULL,1,"mundakkayamosh_hub kottayam","Ignore",0.00,1,0,0.00,0,0,0.00,0.00
NULL,1,"mundkahub_del","Ignore",0.00,4,0,0.00,0,0,0.00,0.00
NULL,1,"mundkahub_del delhi","Ignore",0.00,18,0,0.00,3,0,0.00,16.27
NULL,1,"mundra","Ignore",0.00,1,0,0.00,0,0,0.00,0.00
NULL,1,"mundrahub_mud mundra","Ignore",0.00,1,0,0.00,0,0,0.00,0.00
NULL,1,"mungeli","Ignore",0.00,1,0,0.00,0,0,0.00,0.00
NULL,1,"munger","Ignore",0.00,2,0,0.00,0,0,0.00,0.00
NULL,1,"munger office","Ignore",0.00,0,0,0.00,2,0,0.00,14.55
NULL,1,"mungercityhub_mct munger","Ignore",0.00,1,0,0.00,0,0,0.00,0.00
NULL,1,"mungerhub_jmp munger","Ignore",0.00,1,0,0.00,0,0,0.00,0.00
NULL,1,"munigudahub_gnp koraput","Ignore",0.00,1,0,0.00,0,0,0.00,0.00
NULL,1,"munirabad","Ignore",0.00,4,0,0.00,0,0,0.00,0.00
NULL,1,"murad nagar","Ignore",0.00,3,0,0.00,3,0,0.00,50.87
NULL,1,"muradnagarhub_mdn","Ignore",0.00,1,0,0.00,0,0,0.00,0.00
NULL,1,"muradnagarhub_mdn murad nagar","Ignore",0.00,3,0,0.00,0,0,0.00,0.00
NULL,1,"murarai","Ignore",0.00,1,0,0.00,0,0,0.00,0.00
NULL,1,"muraraihub_mrr murarai","Ignore",0.00,1,0,0.00,0,0,0.00,0.00
NULL,1,"murbad","Ignore",0.00,2,0,0.00,0,0,0.00,0.00
NULL,1,"muri","Ignore",0.00,1,0,0.00,0,0,0.00,0.00
NULL,1,"murihub_mur muri","Ignore",0.00,0,0,0.00,1,0,0.00,15.08
NULL,1,"murnad","Ignore",0.00,0,0,0.00,1,0,0.00,14.99
NULL,1,"murshidabad","Ignore",0.00,2,0,0.00,0,0,0.00,0.00
NULL,1,"murthal, sonipat, haryana","Ignore",0.00,2,0,0.00,0,0,0.00,0.00
NULL,1,"murthal_mur","Ignore",0.00,1,0,0.00,0,0,0.00,0.00
NULL,1,"murthal_mur sonipat /murthal","Ignore",0.00,2,0,0.00,0,0,0.00,0.00
NULL,1,"murtizapur","Ignore",0.00,0,0,0.00,1,0,0.00,14.93
NULL,1,"murukambattuhub_cor chittoor","Ignore",0.00,1,0,0.00,0,0,0.00,0.00
NULL,1,"musiri","Ignore",0.00,1,0,0.00,0,0,0.00,0.00
NULL,1,"musuri","Ignore",0.00,1,0,0.00,1,0,0.00,28.91
NULL,1,"mutil","Ignore",0.00,10,0,0.00,1,0,0.00,28.33
NULL,1,"mutilhub_mut mutil","Ignore",0.00,4,0,0.00,0,0,0.00,0.00
NULL,1,"muvattupuzhahub_mva thodupuzha","Ignore",0.00,4,0,0.00,0,0,0.00,0.00
NULL,1,"muvvalavanipalem","Ignore",0.00,2,0,0.00,5,0,0.00,31.98
NULL,1,"muzaffarnagar","Ignore",0.00,1,0,0.00,6,0,0.00,15.20
NULL,1,"muzaffarpur hub","Ignore",0.00,99,0,0.00,3,0,0.00,19.77
NULL,1,"muzaffarpur hub muzaffarpur","Ignore",0.00,2,0,0.00,0,0,0.00,0.00
NULL,1,"muzaffarpur, muzaffarpur, bihar","Ignore",0.00,1,0,0.00,0,0,0.00,0.00
NULL,1,"mydukur","Ignore",0.00,1,0,0.00,0,0,0.00,0.00
NULL,1,"mylarlingeshwara nilaya hassan","Ignore",0.00,1,0,0.00,0,0,0.00,0.00
NULL,1,"mys/cty, mysore, karnataka","Ignore",0.00,0,0,0.00,3,0,0.00,16.38
NULL,1,"mys/rrn, mysore, karnataka","Ignore",0.00,0,0,0.00,6,0,0.00,30.28
NULL,1,"mysore","Ignore",0.00,12,0,0.00,0,0,0.00,0.00
NULL,1,"mysore hub mysore","Ignore",0.00,5,0,0.00,0,0,0.00,0.00
NULL,1,"mysore, mysore, karnataka","Ignore",0.00,41,0,0.00,2,0,0.00,20.22
NULL,1,"mysoreroadhub_blr bengaluru","Ignore",0.00,10,0,0.00,1,0,0.00,14.92
NULL,1,"mysr","Ignore",0.00,1,0,0.00,11,0,0.00,15.75
NULL,1,"mysuru rural","Ignore",0.00,2,0,0.00,0,0,0.00,0.00
NULL,1,"mz art asif ghaziabad","Ignore",0.00,1,0,0.00,0,0,0.00,0.00
NULL,1,"nabha, patiala, punjab","Ignore",0.00,0,0,0.00,4,0,0.00,37.82
NULL,1,"nad kotha road","Ignore",0.00,1,0,0.00,3,0,0.00,15.95
NULL,1,"nadakavu","Ignore",0.00,4,0,0.00,0,0,0.00,0.00
NULL,1,"nadakuduruhub_kkd kakinada","Ignore",0.00,1,0,0.00,0,0,0.00,0.00
NULL,1,"nadendla ap, chilakaluripeta, andhra pradesh","Ignore",0.00,0,0,0.00,1,0,0.00,15.51
NULL,1,"nadiad, nadiad, gujarat","Ignore",0.00,0,0,0.00,1,0,0.00,18.72
NULL,1,"nadiadhub_amd","Ignore",0.00,1,0,0.00,0,0,0.00,0.00
NULL,1,"nadiadhub_amd nadiad","Ignore",0.00,1,0,0.00,0,0,0.00,0.00
NULL,1,"naga lakshmi bai mk stores guntur","Ignore",0.00,1,0,0.00,0,0,0.00,0.00
NULL,1,"nagaon","Ignore",0.00,3,0,0.00,0,0,0.00,0.00
NULL,1,"nagaonhub_ngn","Ignore",0.00,1,0,0.00,0,0,0.00,0.00
NULL,1,"nagapattinam","Ignore",0.00,2,0,0.00,0,0,0.00,0.00
NULL,1,"nagaram, hyderabad, telangana","Ignore",0.00,2,0,0.00,0,0,0.00,0.00
NULL,1,"nagari","Ignore",0.00,0,0,0.00,1,0,0.00,14.92
NULL,1,"nagariya kitchen jhansi","Ignore",0.00,1,0,0.00,0,0,0.00,0.00
NULL,1,"nagarroad hub","Ignore",0.00,1,0,0.00,0,0,0.00,0.00
NULL,1,"nagarroad hub pune","Ignore",0.00,10,0,0.00,0,0,0.00,0.00
NULL,1,"nagda","Ignore",0.00,5,0,0.00,1,0,0.00,32.17
NULL,1,"nagercoil","Ignore",0.00,10,0,0.00,0,0,0.00,0.00
NULL,1,"nagercoil hub","Ignore",0.00,2,0,0.00,0,0,0.00,0.00
NULL,1,"nagercoil hub nagercoil","Ignore",0.00,3,0,0.00,0,0,0.00,0.00
NULL,1,"nagercoil, tamil nadu, in","Ignore",0.00,0,0,0.00,1,0,0.00,35.30
NULL,1,"nagina, nagina, uttar pradesh","Ignore",0.00,0,0,0.00,1,0,0.00,14.59
NULL,1,"naginamdh_njd bijnore","Ignore",0.00,1,0,0.00,0,0,0.00,0.00
NULL,1,"nagpur - ngp","Ignore",0.00,1,0,0.00,4,0,0.00,28.18
NULL,1,"nagpur warehouse","Ignore",0.00,584,0,0.00,38,0,0.00,29.85
NULL,1,"nagpuriodh_ngp jaisinghpur","Ignore",0.00,1,0,0.00,0,0,0.00,0.00
NULL,1,"nagrota bagwan, nagrota bagwan, himachal pradesh","Ignore",0.00,0,0,0.00,1,0,0.00,33.18
NULL,1,"nagrota, nagrota, jammu and kashmir","Ignore",0.00,0,0,0.00,1,0,0.00,15.92
NULL,1,"nagrotar","Ignore",0.00,0,0,0.00,2,0,0.00,14.48
NULL,1,"nahan","Ignore",0.00,1,0,0.00,0,0,0.00,0.00
NULL,1,"naharlagun","Ignore",0.00,5,0,0.00,0,0,0.00,0.00
NULL,1,"naidupeta","Ignore",0.00,1,0,0.00,0,0,0.00,0.00
NULL,1,"naidupeta1, naidupeta, andhra pradesh","Ignore",0.00,0,0,0.00,1,0,0.00,14.51
NULL,1,"naini1, naini, uttar pradesh","Ignore",0.00,0,0,0.00,1,0,0.00,28.97
NULL,1,"nainihub_rmb rambagh","Ignore",0.00,1,0,0.00,0,0,0.00,0.00
NULL,1,"nainital","Ignore",0.00,1,0,0.00,0,0,0.00,0.00
NULL,1,"nainpur, nainpur, madhya pradesh","Ignore",0.00,0,0,0.00,1,0,0.00,14.15
NULL,1,"najafgarh e-tail center","Ignore",0.00,10,0,0.00,3,0,0.00,31.12
NULL,1,"najafgarhhub_del","Ignore",0.00,6,0,0.00,0,0,0.00,0.00
NULL,1,"najafgarhhub_del delhi","Ignore",0.00,15,0,0.00,0,0,0.00,0.00
NULL,1,"najibabad","Ignore",0.00,1,0,0.00,0,0,0.00,0.00
NULL,1,"nakhara, cuttack, orissa","Ignore",0.00,0,0,0.00,1,0,0.00,21.60
NULL,1,"nakhatrana","Ignore",0.00,1,0,0.00,0,0,0.00,0.00
NULL,1,"nakoda store indore","Ignore",0.00,1,0,0.00,0,0,0.00,0.00
NULL,1,"nakodar","Ignore",0.00,6,0,0.00,0,0,0.00,0.00
NULL,1,"nalagarh","Ignore",0.00,2,0,0.00,0,0,0.00,0.00
NULL,1,"nalagarh, baddi, himachal pradesh","Ignore",0.00,2,0,0.00,0,0,0.00,0.00
NULL,1,"nalgonda","Ignore",0.00,6,0,0.00,1,0,0.00,20.15
NULL,1,"nalgondahub_ngd nalgonda","Ignore",0.00,2,0,0.00,0,0,0.00,0.00
NULL,1,"namah shivay general store lucknow","Ignore",0.00,1,0,0.00,0,0,0.00,0.00
NULL,1,"namakkal","Ignore",0.00,3,0,0.00,0,0,0.00,0.00
NULL,1,"namakkalhub_nkk namakkal","Ignore",0.00,1,0,0.00,1,0,0.00,14.58
NULL,1,"nambiyath home chavakkad","Ignore",0.00,1,0,0.00,0,0,0.00,0.00
NULL,1,"namchi","Ignore",0.00,2,0,0.00,0,0,0.00,0.00
NULL,1,"namchihub_nmi","Ignore",0.00,2,0,0.00,0,0,0.00,0.00
NULL,1,"namchihub_nmi namchi","Ignore",0.00,2,0,0.00,0,0,0.00,0.00
NULL,1,"namdhari's mini super market kullu","Ignore",0.00,1,0,0.00,0,0,0.00,0.00
NULL,1,"namkhanamdh_nam","Ignore",0.00,1,0,0.00,0,0,0.00,0.00
NULL,1,"namkhanamdh_nam kakdwip","Ignore",0.00,1,0,0.00,0,0,0.00,0.00
NULL,1,"nandanam","Ignore",0.00,26,0,0.00,0,0,0.00,0.00
NULL,1,"nanded","Ignore",0.00,11,0,0.00,0,0,0.00,0.00
NULL,1,"nanded, nanded, maharashtra","Ignore",0.00,4,0,0.00,0,0,0.00,0.00
NULL,1,"nandedhub_ndc nanded","Ignore",0.00,9,0,0.00,1,0,0.00,14.53
NULL,1,"nandigram","Ignore",0.00,2,0,0.00,0,0,0.00,0.00
NULL,1,"nandigramhub_mdn","Ignore",0.00,1,0,0.00,0,0,0.00,0.00
NULL,1,"nandigramhub_mdn nandigram","Ignore",0.00,1,0,0.00,0,0,0.00,0.00
NULL,1,"nandurbar","Ignore",0.00,2,0,0.00,4,0,0.00,26.81
NULL,1,"nandurshingote, sinnar, maharashtra","Ignore",0.00,1,0,0.00,0,0,0.00,0.00
NULL,1,"nandwai","Ignore",0.00,1,0,0.00,0,0,0.00,0.00
NULL,1,"nandwaimdh_nan nandwai","Ignore",0.00,1,0,0.00,1,0,0.00,14.33
NULL,1,"nandyal","Ignore",0.00,13,0,0.00,0,0,0.00,0.00
NULL,1,"nandyal, nandyal, andhra pradesh","Ignore",0.00,1,0,0.00,1,0,0.00,18.94
NULL,1,"nandyalhub_ndl","Ignore",0.00,1,0,0.00,0,0,0.00,0.00
NULL,1,"nandyalhub_ndl nandyal","Ignore",0.00,9,0,0.00,0,0,0.00,0.00
NULL,1,"nangal","Ignore",0.00,3,0,0.00,1,0,0.00,27.22
NULL,1,"nangalhub_ngl","Ignore",0.00,1,0,0.00,0,0,0.00,0.00
NULL,1,"nangalhub_ngl nangal","Ignore",0.00,3,0,0.00,0,0,0.00,0.00
NULL,1,"nanitalroadhub_hwi haldwani","Ignore",0.00,1,0,0.00,0,0,0.00,0.00
NULL,1,"nanjangud","Ignore",0.00,1,0,0.00,0,0,0.00,0.00
NULL,1,"nanjangudhub_nud nanjangud","Ignore",0.00,1,0,0.00,0,0,0.00,0.00
NULL,1,"nanmindahub_nma narikkuni","Ignore",0.00,0,0,0.00,2,0,0.00,14.85
NULL,1,"nanpara, behraich, uttar pradesh","Ignore",0.00,0,0,0.00,1,0,0.00,14.24
NULL,1,"napaam","Ignore",0.00,0,0,0.00,2,0,0.00,15.30
NULL,1,"naraina hub","Ignore",0.00,8,0,0.00,0,0,0.00,0.00
NULL,1,"naraina hub delhi","Ignore",0.00,32,0,0.00,1,0,0.00,15.95
NULL,1,"naranpura service centre","Ignore",0.00,1,0,0.00,6,0,0.00,16.18
NULL,1,"narasannapeteahub_skm srikakulam","Ignore",0.00,1,0,0.00,0,0,0.00,0.00
NULL,1,"narasaraopet","Ignore",0.00,5,0,0.00,0,0,0.00,0.00
NULL,1,"narasaraopet1, narasaraopet, andhra pradesh","Ignore",0.00,0,0,0.00,1,0,0.00,15.31
NULL,1,"narasaraopethub_nrt narasaraopet","Ignore",0.00,2,0,0.00,0,0,0.00,0.00
NULL,1,"narayangaon","Ignore",0.00,0,0,0.00,2,0,0.00,15.20
NULL,1,"narayanpetodh_nyp narayanpet","Ignore",0.00,1,0,0.00,0,0,0.00,0.00
NULL,1,"narelahub_del","Ignore",0.00,1,0,0.00,0,0,0.00,0.00
NULL,1,"narelahub_del delhi","Ignore",0.00,1,0,0.00,0,0,0.00,0.00
NULL,1,"narender general store rohtak","Ignore",0.00,1,0,0.00,0,0,0.00,0.00
NULL,1,"narendra meerut","Ignore",0.00,1,0,0.00,0,0,0.00,0.00
NULL,1,"naresh own house nalgonda","Ignore",0.00,1,0,0.00,0,0,0.00,0.00
NULL,1,"nargis new delhi","Ignore",0.00,1,0,0.00,0,0,0.00,0.00
NULL,1,"nariangarh","Ignore",0.00,2,0,0.00,0,0,0.00,0.00
NULL,1,"nariangarhhub_nar nariangarh","Ignore",0.00,2,0,0.00,0,0,0.00,0.00
NULL,1,"narikkuni","Ignore",0.00,2,0,0.00,1,0,0.00,51.15
NULL,1,"narkatiaganj","Ignore",0.00,3,0,0.00,0,0,0.00,0.00
NULL,1,"narkatiaganjhub_nke narkatiaganj","Ignore",0.00,1,0,0.00,0,0,0.00,0.00
NULL,1,"narkhed","Ignore",0.00,1,0,0.00,0,0,0.00,0.00
NULL,1,"narmada house gwalior","Ignore",0.00,1,0,0.00,0,0,0.00,0.00
NULL,1,"narnaul","Ignore",0.00,5,0,0.00,1,0,0.00,14.83
NULL,1,"narnaul1, narnaul, haryana","Ignore",0.00,0,0,0.00,1,0,0.00,40.15
NULL,1,"narnaulhub_nnl","Ignore",0.00,1,0,0.00,0,0,0.00,0.00
NULL,1,"narnaulhub_nnl narnaul","Ignore",0.00,3,0,0.00,1,0,0.00,14.35
NULL,1,"narol etail centre","Ignore",0.00,1,0,0.00,3,0,0.00,15.32
NULL,1,"narsinghpur","Ignore",0.00,1,0,0.00,0,0,0.00,0.00
NULL,1,"narsinghpurhub_nar narsinghpur","Ignore",0.00,1,0,0.00,0,0,0.00,0.00
NULL,1,"narsingi","Ignore",0.00,1,0,0.00,5,0,0.00,16.22
NULL,1,"narsingpur, narsingpur, madhya pradesh","Ignore",0.00,0,0,0.00,1,0,0.00,14.23
NULL,1,"narsipatnam","Ignore",0.00,2,0,0.00,0,0,0.00,0.00
NULL,1,"narsipatnamhub_vtz","Ignore",0.00,1,0,0.00,0,0,0.00,0.00
NULL,1,"narsipatnamhub_vtz narsipatnam","Ignore",0.00,1,0,0.00,1,0,0.00,15.12
NULL,1,"narwana","Ignore",0.00,1,0,0.00,0,0,0.00,0.00
NULL,1,"narwana, narwana, haryana","Ignore",0.00,0,0,0.00,1,0,0.00,16.51
NULL,1,"nashik","Ignore",0.00,41,0,0.00,2,0,0.00,17.18
NULL,1,"nashik hub","Ignore",0.00,1,0,0.00,0,0,0.00,0.00
NULL,1,"nashik hub nashik","Ignore",0.00,4,0,0.00,0,0,0.00,0.00
NULL,1,"nashik, maharashtra, in","Ignore",0.00,1,0,0.00,4,0,0.00,14.57
NULL,1,"nashik, nashik, maharashtra","Ignore",0.00,3,0,0.00,2,0,0.00,16.05
NULL,1,"nasik","Ignore",0.00,0,0,0.00,2,0,0.00,16.55
NULL,1,"nasik etail","Ignore",0.00,1,0,0.00,0,0,0.00,0.00
NULL,1,"nasik mini hub","Ignore",0.00,253,0,0.00,31,0,0.00,33.70
NULL,1,"nasrullaganj","Ignore",0.00,1,0,0.00,0,0,0.00,0.00
NULL,1,"nathdwara","Ignore",0.00,1,0,0.00,4,0,0.00,25.68
NULL,1,"national electrical new delhi","Ignore",0.00,1,0,0.00,0,0,0.00,0.00
NULL,1,"naubadmdh_bdr bidar","Ignore",0.00,3,0,0.00,0,0,0.00,0.00
NULL,1,"nautanwa maharajganj","Ignore",0.00,1,0,0.00,0,0,0.00,0.00
NULL,1,"nautanwa, uttar pradesh, in","Ignore",0.00,1,0,0.00,0,0,0.00,0.00
NULL,1,"naval premlal patil kalyan","Ignore",0.00,1,0,0.00,0,0,0.00,0.00
NULL,1,"navapur","Ignore",0.00,1,0,0.00,0,0,0.00,0.00
NULL,1,"naveen kumar macherla","Ignore",0.00,1,0,0.00,0,0,0.00,0.00
NULL,1,"navelim","Ignore",0.00,12,0,0.00,0,0,0.00,0.00
NULL,1,"navelim hub","Ignore",0.00,2,0,0.00,0,0,0.00,0.00
NULL,1,"navelim hub navelim","Ignore",0.00,9,0,0.00,0,0,0.00,0.00
NULL,1,"navi mumbai","Ignore",0.00,5,0,0.00,0,0,0.00,0.00
NULL,1,"navi mumbai warehouse","Ignore",0.00,7,0,0.00,1,0,0.00,14.43
NULL,1,"navsari","Ignore",0.00,12,0,0.00,1,0,0.00,20.90
NULL,1,"navsari hub","Ignore",0.00,4,0,0.00,0,0,0.00,0.00
NULL,1,"navsari hub navsari","Ignore",0.00,10,0,0.00,0,0,0.00,0.00
NULL,1,"nawabganj2, unnao, uttar pradesh","Ignore",0.00,0,0,0.00,1,0,0.00,14.31
NULL,1,"nawada","Ignore",0.00,2,0,0.00,0,0,0.00,0.00
NULL,1,"nawada office","Ignore",0.00,0,0,0.00,2,0,0.00,15.45
NULL,1,"nawada1, nawada, bihar","Ignore",0.00,0,0,0.00,1,0,0.00,19.35
NULL,1,"nawadahhub_nwd nawada","Ignore",0.00,2,0,0.00,0,0,0.00,0.00
NULL,1,"nawadahub_del","Ignore",0.00,6,0,0.00,0,0,0.00,0.00
NULL,1,"nawadahub_del delhi","Ignore",0.00,28,0,0.00,0,0,0.00,0.00
NULL,1,"nawagarhmdh_naw mungeli","Ignore",0.00,1,0,0.00,0,0,0.00,0.00
NULL,1,"nawalgarh","Ignore",0.00,1,0,0.00,1,0,0.00,25.68
NULL,1,"nawanagarmdh_ngr singrauli","Ignore",0.00,1,0,0.00,0,0,0.00,0.00
NULL,1,"nawanshahr","Ignore",0.00,8,0,0.00,3,0,0.00,31.60
NULL,1,"nawanshahrhub_nsh nawanshahr","Ignore",0.00,5,0,0.00,1,0,0.00,15.80
NULL,1,"naxalbari","Ignore",0.00,1,0,0.00,0,0,0.00,0.00
NULL,1,"naya raipur","Ignore",0.00,4,0,0.00,0,0,0.00,0.00
NULL,1,"nayapurahub_jdh jodhpur","Ignore",0.00,4,0,0.00,0,0,0.00,0.00
NULL,1,"nazirpur","Ignore",0.00,1,0,0.00,0,0,0.00,0.00
NULL,1,"nazirpurhub_nzp nazirpur","Ignore",0.00,1,0,0.00,0,0,0.00,0.00
NULL,1,"nbm/nbm, navi mumbai, maharashtra","Ignore",0.00,1,0,0.00,4,0,0.00,16.22
NULL,1,"nbm/nrl, navi mumbai, maharashtra","Ignore",0.00,0,0,0.00,1,0,0.00,15.29
NULL,1,"ncm etail centre","Ignore",0.00,2,0,0.00,2,0,0.00,15.73
NULL,1,"nda warehouse","Ignore",0.00,4,0,0.00,0,0,0.00,0.00
NULL,1,"nedumangaduhub_ndd","Ignore",0.00,1,0,0.00,0,0,0.00,0.00
NULL,1,"neelambur","Ignore",0.00,1,0,0.00,0,0,0.00,0.00
NULL,1,"neemrana","Ignore",0.00,3,0,0.00,4,0,0.00,20.35
NULL,1,"neemuch, neemuch, madhya pradesh","Ignore",0.00,0,0,0.00,1,0,0.00,29.77
NULL,1,"neeraj food point rohtak","Ignore",0.00,1,0,0.00,0,0,0.00,0.00
NULL,1,"neeraj kumar kirana gautam buddha nagar","Ignore",0.00,2,0,0.00,0,0,0.00,0.00
NULL,1,"neha kirana store gurgaon","Ignore",0.00,1,0,0.00,0,0,0.00,0.00
NULL,1,"nehru place","Ignore",0.00,20,0,0.00,0,0,0.00,0.00
NULL,1,"nehruplacehub_del","Ignore",0.00,14,0,0.00,0,0,0.00,0.00
NULL,1,"nehruplacehub_del delhi","Ignore",0.00,52,0,0.00,0,0,0.00,0.00
NULL,1,"nelamangalahub_blr","Ignore",0.00,1,0,0.00,0,0,0.00,0.00
NULL,1,"nelamangalahub_blr bengaluru","Ignore",0.00,2,0,0.00,0,0,0.00,0.00
NULL,1,"nellipuzha, palakkad, kerala","Ignore",0.00,0,0,0.00,2,0,0.00,14.83
NULL,1,"nellore","Ignore",0.00,12,0,0.00,6,0,0.00,21.73
NULL,1,"nellyadi, uppinangady, karnataka","Ignore",0.00,0,0,0.00,1,0,0.00,37.83
NULL,1,"nemomhub_nem trivandrum","Ignore",0.00,2,0,0.00,0,0,0.00,0.00
NULL,1,"new ashok footwear surat","Ignore",0.00,1,0,0.00,0,0,0.00,0.00
NULL,1,"new bombay","Ignore",0.00,12,0,0.00,2,0,0.00,31.57
NULL,1,"new delhi, new delhi, in","Ignore",0.00,1,0,0.00,0,0,0.00,0.00
NULL,1,"new friends colony","Ignore",0.00,1,0,0.00,4,0,0.00,16.78
NULL,1,"new look salon dehradun","Ignore",0.00,1,0,0.00,0,0,0.00,0.00
NULL,1,"new thippasandra","Ignore",0.00,2,0,0.00,2,0,0.00,16.47
NULL,1,"new town","Ignore",0.00,3,0,0.00,3,0,0.00,15.60
NULL,1,"new town service centre","Ignore",0.00,18,0,0.00,1,0,0.00,14.70
NULL,1,"new town, west bengal, in","Ignore",0.00,0,0,0.00,3,0,0.00,27.10
NULL,1,"new you beauty saloon dehradun","Ignore",0.00,1,0,0.00,0,0,0.00,0.00
NULL,1,"newasa","Ignore",0.00,3,0,0.00,0,0,0.00,0.00
NULL,1,"newasahub_nws newasa","Ignore",0.00,2,0,0.00,1,0,0.00,15.11
NULL,1,"neyveli","Ignore",0.00,4,0,0.00,1,0,0.00,14.52
NULL,1,"neyvelihub_nyv neyveli","Ignore",0.00,3,0,0.00,0,0,0.00,0.00
NULL,1,"neyyattinkara","Ignore",0.00,4,0,0.00,1,0,0.00,24.83
NULL,1,"neyyattinkarahub_nyy","Ignore",0.00,1,0,0.00,0,0,0.00,0.00
NULL,1,"neyyattinkarahub_nyy neyyattinkara","Ignore",0.00,2,0,0.00,1,0,0.00,14.61
NULL,1,"ngn1, nagaon, assam","Ignore",0.00,1,0,0.00,0,0,0.00,0.00
NULL,1,"ngp/hub, nagpur, maharashtra","Ignore",0.00,980,0,0.00,7,0,0.00,31.77
NULL,1,"ngp/jpk, nagpur, maharashtra","Ignore",0.00,0,0,0.00,3,0,0.00,38.60
NULL,1,"ngp/pvn-tml, nagpur, maharashtra","Ignore",0.00,1,0,0.00,0,0,0.00,0.00
NULL,1,"ngp/rto, nagpur, maharashtra","Ignore",0.00,43,0,0.00,0,0,0.00,0.00
NULL,1,"ngp/vkn, nagpur, maharashtra","Ignore",0.00,1,0,0.00,0,0,0.00,0.00
NULL,1,"nibmhub_pune","Ignore",0.00,1,0,0.00,0,0,0.00,0.00
NULL,1,"nibmhub_pune pune","Ignore",0.00,10,0,0.00,0,0,0.00,0.00
NULL,1,"nidadavolehub_rjy rajahmundary","Ignore",0.00,1,0,0.00,0,0,0.00,0.00
NULL,1,"nigadihub_pune","Ignore",0.00,2,0,0.00,0,0,0.00,0.00
NULL,1,"nigadihub_pune pune","Ignore",0.00,11,0,0.00,0,0,0.00,0.00
NULL,1,"night fox kirana chikhli","Ignore",0.00,0,0,0.00,1,0,0.00,14.70
NULL,1,"niharika logistics bhadrak","Ignore",0.00,1,0,0.00,0,0,0.00,0.00
NULL,1,"nikhil costumes south west delhi","Ignore",0.00,1,0,0.00,0,0,0.00,0.00
NULL,1,"nikhil raj r home trivandrum","Ignore",0.00,1,0,0.00,0,0,0.00,0.00
NULL,1,"nikhil soni mumbai","Ignore",0.00,1,0,0.00,0,0,0.00,0.00
NULL,1,"nikkouchikkajalaodh_blr","Ignore",0.00,1,0,0.00,0,0,0.00,0.00
NULL,1,"nikkouchikkajalaodh_blr benguluru","Ignore",0.00,2,0,0.00,0,0,0.00,0.00
NULL,1,"nikkouchingavanamodh_chi kottayam","Ignore",0.00,2,0,0.00,0,0,0.00,0.00
NULL,1,"nikkouseethangoliodh_see","Ignore",0.00,1,0,0.00,0,0,0.00,0.00
NULL,1,"nikolodh_nkl ahmedabad","Ignore",0.00,4,0,0.00,1,0,0.00,14.67
NULL,1,"nilambure","Ignore",0.00,3,0,0.00,0,0,0.00,0.00
NULL,1,"nilamburehub_njb","Ignore",0.00,1,0,0.00,0,0,0.00,0.00
NULL,1,"nilamburehub_njb nilambure","Ignore",0.00,3,0,0.00,0,0,0.00,0.00
NULL,1,"nilamel, nilamel, kerala","Ignore",0.00,0,0,0.00,1,0,0.00,39.20
NULL,1,"nilanga","Ignore",0.00,1,0,0.00,0,0,0.00,0.00
NULL,1,"nilangahub_nln","Ignore",0.00,1,0,0.00,0,0,0.00,0.00
NULL,1,"nilangahub_nln nilanga","Ignore",0.00,1,0,0.00,0,0,0.00,0.00
NULL,1,"nilav navsari","Ignore",0.00,1,0,0.00,0,0,0.00,0.00
NULL,1,"nileshwar","Ignore",0.00,7,0,0.00,0,0,0.00,0.00
NULL,1,"nimapara","Ignore",0.00,0,0,0.00,1,0,0.00,14.88
NULL,1,"nimbahera","Ignore",0.00,0,0,0.00,1,0,0.00,14.78
NULL,1,"nimbahera s.o","Ignore",0.00,2,0,0.00,2,0,0.00,25.68
NULL,1,"nimil m kannur","Ignore",0.00,2,0,0.00,0,0,0.00,0.00
NULL,1,"nimsmdh_jai jaipur","Ignore",0.00,1,0,0.00,0,0,0.00,0.00
NULL,1,"ninad store thane","Ignore",0.00,1,0,0.00,0,0,0.00,0.00
NULL,1,"nirmal","Ignore",0.00,2,0,0.00,0,0,0.00,0.00
NULL,1,"nirmal ajmer","Ignore",0.00,1,0,0.00,0,0,0.00,0.00
NULL,1,"nirmalhub_nml","Ignore",0.00,1,0,0.00,0,0,0.00,0.00
NULL,1,"nirmalhub_nml nirmal","Ignore",0.00,2,0,0.00,0,0,0.00,0.00
NULL,1,"nirsa","Ignore",0.00,1,0,0.00,0,0,0.00,0.00
NULL,1,"nirsa, nirsa, jharkhand","Ignore",0.00,1,0,0.00,1,0,0.00,15.02
NULL,1,"nirwan store new delhi","Ignore",0.00,1,0,0.00,0,0,0.00,0.00
NULL,1,"nishiganj","Ignore",0.00,0,0,0.00,1,0,0.00,16.33
NULL,1,"nitin dnyaneshwar gaikwad palghar","Ignore",0.00,1,0,0.00,0,0,0.00,0.00
NULL,1,"nitin mali mumbai","Ignore",0.00,1,0,0.00,0,0,0.00,0.00
NULL,1,"nitin store new delhi","Ignore",0.00,1,0,0.00,0,0,0.00,0.00
NULL,1,"nitin sweets shop new delhi","Ignore",0.00,1,0,0.00,0,0,0.00,0.00
NULL,1,"nitya store new delhi","Ignore",0.00,1,0,0.00,0,0,0.00,0.00
NULL,1,"niwari, niwari, madhya pradesh","Ignore",0.00,0,0,0.00,1,0,0.00,15.25
NULL,1,"nizamabad","Ignore",0.00,6,0,0.00,0,0,0.00,0.00
NULL,1,"nizamabadhubtemp_nzb","Ignore",0.00,0,0,0.00,1,0,0.00,14.75
NULL,1,"nizampet village","Ignore",0.00,1,0,0.00,0,0,0.00,0.00
NULL,1,"nizampethub_hyd nizampet village","Ignore",0.00,1,0,0.00,0,0,0.00,0.00
NULL,1,"nizamuddin shaikh store mumbai","Ignore",0.00,1,0,0.00,0,0,0.00,0.00
NULL,1,"njarakkal","Ignore",0.00,3,0,0.00,0,0,0.00,0.00
NULL,1,"njarakkalhub_nkl njarakkal","Ignore",0.00,2,0,0.00,1,0,0.00,14.39
NULL,1,"nlr/ntr, nellore, andhra pradesh","Ignore",0.00,4,0,0.00,1,0,0.00,14.69
NULL,1,"nobpe telecom vadodara","Ignore",0.00,1,0,0.00,0,0,0.00,0.00
NULL,1,"nohar","Ignore",0.00,0,0,0.00,1,0,0.00,36.88
NULL,1,"nohar, nohar, rajasthan","Ignore",0.00,0,0,0.00,1,0,0.00,14.78
NULL,1,"noharbadharamdh_noh","Ignore",0.00,1,0,0.00,0,0,0.00,0.00
NULL,1,"nohira stores tirupati","Ignore",0.00,1,0,0.00,0,0,0.00,0.00
NULL,1,"noida hub","Ignore",0.00,2,0,0.00,0,0,0.00,0.00
NULL,1,"noida hub delhi","Ignore",0.00,15,0,0.00,0,0,0.00,0.00
NULL,1,"noida khoda center","Ignore",0.00,5,0,0.00,1,0,0.00,14.78
NULL,1,"noida phase ii etail","Ignore",0.00,11,0,0.00,2,0,0.00,15.80
NULL,1,"noida sector 16","Ignore",0.00,6,0,0.00,0,0,0.00,0.00
NULL,1,"noida sector 63","Ignore",0.00,26,0,0.00,0,0,0.00,0.00
NULL,1,"noida, delhi ncr, delhi","Ignore",0.00,16,0,0.00,4,0,0.00,29.07
NULL,1,"noida, uttar pradesh, in","Ignore",0.00,2,0,0.00,6,0,0.00,15.66
NULL,1,"noida/grc, delhi ncr, delhi","Ignore",0.00,0,0,0.00,1,0,0.00,15.97
NULL,1,"noida/mra, delhi ncr, delhi","Ignore",0.00,4,0,0.00,2,0,0.00,38.55
NULL,1,"noida/pal, delhi ncr, delhi","Ignore",0.00,2,0,0.00,0,0,0.00,0.00
NULL,1,"noidakhorahub_del new delhi","Ignore",0.00,8,0,0.00,0,0,0.00,0.00
NULL,1,"nokha","Ignore",0.00,0,0,0.00,1,0,0.00,14.53
NULL,1,"noonmatihub_gau guwahati","Ignore",0.00,2,0,0.00,0,0,0.00,0.00
NULL,1,"north goa, goa, in","Ignore",0.00,0,0,0.00,3,0,0.00,18.83
NULL,1,"north paravur","Ignore",0.00,3,0,0.00,0,0,0.00,0.00
NULL,1,"nose 2 toes kozhikode","Ignore",0.00,4,0,0.00,0,0,0.00,0.00
NULL,1,"nowrozabad","Ignore",0.00,0,0,0.00,1,0,0.00,14.51
NULL,1,"nowrozabadmdh_nwr nowrozabad","Ignore",0.00,1,0,0.00,0,0,0.00,0.00
NULL,1,"nsk hub, nashik, maharashtra","Ignore",0.00,55,0,0.00,1,0,0.00,14.43
NULL,1,"nsk/cidko, nashik, maharashtra","Ignore",0.00,1,0,0.00,1,0,0.00,15.21
NULL,1,"nskh","Ignore",0.00,6,0,0.00,1,0,0.00,35.82
NULL,1,"nuzividu","Ignore",0.00,1,0,0.00,0,0,0.00,0.00
NULL,1,"nuzividuhub_nzv nuzividu","Ignore",0.00,1,0,0.00,0,0,0.00,0.00
NULL,1,"odhav","Ignore",0.00,1,0,0.00,0,0,0.00,0.00
NULL,1,"ojhar","Ignore",0.00,2,0,0.00,0,0,0.00,0.00
NULL,1,"ojharodh_nsk ojhar","Ignore",0.00,1,0,0.00,1,0,0.00,14.32
NULL,1,"okhla hub","Ignore",0.00,2,0,0.00,0,0,0.00,0.00
NULL,1,"okhla hub delhi","Ignore",0.00,8,0,0.00,0,0,0.00,0.00
NULL,1,"oldfaridabadhub_del","Ignore",0.00,1,0,0.00,0,0,0.00,0.00
NULL,1,"oldfaridabadhub_del ballabhgarh","Ignore",0.00,11,0,0.00,0,0,0.00,0.00
NULL,1,"oldtownhub_bbi bhubaneswar","Ignore",0.00,3,0,0.00,0,0,0.00,0.00
NULL,1,"ollurhub_tcr thrissur","Ignore",0.00,2,0,0.00,0,0,0.00,0.00
NULL,1,"om prakash home bokaro","Ignore",0.00,1,0,0.00,0,0,0.00,0.00
NULL,1,"om sai store ahmedabad","Ignore",0.00,1,0,0.00,0,0,0.00,0.00
NULL,1,"om store new delhi","Ignore",0.00,1,0,0.00,0,0,0.00,0.00
NULL,1,"omkar enterprizes beed","Ignore",0.00,1,0,0.00,0,0,0.00,0.00
NULL,1,"on the way express kirana mahabub nagar","Ignore",0.00,1,0,0.00,0,0,0.00,0.00
NULL,1,"ongole","Ignore",0.00,3,0,0.00,0,0,0.00,0.00
NULL,1,"ongole, andhra pradesh, in","Ignore",0.00,1,0,0.00,0,0,0.00,0.00
NULL,1,"ongolehub_ong","Ignore",0.00,2,0,0.00,0,0,0.00,0.00
NULL,1,"ongolehub_ong ongole","Ignore",0.00,3,0,0.00,0,0,0.00,0.00
NULL,1,"ooty","Ignore",0.00,8,0,0.00,4,0,0.00,30.46
NULL,1,"ooty hub","Ignore",0.00,1,0,0.00,0,0,0.00,0.00
NULL,1,"ooty hub ooty","Ignore",0.00,7,0,0.00,0,0,0.00,0.00
NULL,1,"oragaramhub_chn chennai","Ignore",0.00,1,0,0.00,0,0,0.00,0.00
NULL,1,"orai2, orai, uttar pradesh","Ignore",0.00,0,0,0.00,1,0,0.00,14.70
NULL,1,"orangmdh_org","Ignore",0.00,1,0,0.00,0,0,0.00,0.00
NULL,1,"orangmdh_org orang","Ignore",0.00,2,0,0.00,0,0,0.00,0.00
NULL,1,"osmanabad","Ignore",0.00,2,0,0.00,1,0,0.00,16.43
NULL,1,"osmanabadhub_omb osmanabad","Ignore",0.00,1,0,0.00,0,0,0.00,0.00
NULL,1,"ottanchatramhub_otc","Ignore",0.00,1,0,0.00,0,0,0.00,0.00
NULL,1,"ottanchatramhub_otc dindigul","Ignore",0.00,2,0,0.00,0,0,0.00,0.00
NULL,1,"outer-ludhiana","Ignore",0.00,1,0,0.00,0,0,0.00,0.00
NULL,1,"ozhar mig, ozhar, maharashtra","Ignore",0.00,0,0,0.00,1,0,0.00,14.33
NULL,1,"p xerox hosanagara","Ignore",0.00,1,0,0.00,0,0,0.00,0.00
NULL,1,"pachora","Ignore",0.00,1,0,0.00,0,0,0.00,0.00
NULL,1,"pachorahub_mch pachora","Ignore",0.00,1,0,0.00,0,0,0.00,0.00
NULL,1,"padagha","Ignore",0.00,9,0,0.00,0,0,0.00,0.00
NULL,1,"padampur","Ignore",0.00,1,0,0.00,0,0,0.00,0.00
NULL,1,"padmanabhnagarhub_blr","Ignore",0.00,1,0,0.00,0,0,0.00,0.00
NULL,1,"padmanabhnagarhub_blr bengaluru","Ignore",0.00,1,0,0.00,0,0,0.00,0.00
NULL,1,"padmolochan das bhubaneswar","Ignore",0.00,1,0,0.00,0,0,0.00,0.00
NULL,1,"padrauna, kushinagar, uttar pradesh","Ignore",0.00,0,0,0.00,1,0,0.00,15.01
NULL,1,"paharganjhub_del","Ignore",0.00,6,0,0.00,0,0,0.00,0.00
NULL,1,"paharganjhub_del delhi","Ignore",0.00,12,0,0.00,0,0,0.00,0.00
NULL,1,"paikamalnewmdh_brg bargarh","Ignore",0.00,1,0,0.00,0,0,0.00,0.00
NULL,1,"pakala","Ignore",0.00,2,0,0.00,0,0,0.00,0.00
NULL,1,"pakhanjurmdh_pkh pakhanjur","Ignore",0.00,1,0,0.00,0,0,0.00,0.00
NULL,1,"pakwada","Ignore",0.00,1,0,0.00,0,0,0.00,0.00
NULL,1,"pakwadamdh_pkw pakwada","Ignore",0.00,2,0,0.00,0,0,0.00,0.00
NULL,1,"pala","Ignore",0.00,8,0,0.00,0,0,0.00,0.00
NULL,1,"pala hub","Ignore",0.00,2,0,0.00,0,0,0.00,0.00
NULL,1,"pala hub pala","Ignore",0.00,3,0,0.00,3,0,0.00,15.07
NULL,1,"palacecityhub_mys mysore","Ignore",0.00,2,0,0.00,0,0,0.00,0.00
NULL,1,"palacode","Ignore",0.00,1,0,0.00,0,0,0.00,0.00
NULL,1,"palacodehub_dmp","Ignore",0.00,1,0,0.00,0,0,0.00,0.00
NULL,1,"palacodehub_dmp palacode","Ignore",0.00,1,0,0.00,0,0,0.00,0.00
NULL,1,"palakkad","Ignore",0.00,8,0,0.00,1,0,0.00,20.50
NULL,1,"palakkad hub palakkad","Ignore",0.00,2,0,0.00,0,0,0.00,0.00
NULL,1,"palakkad, palakkad, kerala","Ignore",0.00,11,0,0.00,2,0,0.00,28.91
NULL,1,"palakollu","Ignore",0.00,2,0,0.00,0,0,0.00,0.00
NULL,1,"palam service centre","Ignore",0.00,0,0,0.00,6,0,0.00,16.30
NULL,1,"palampur, palampur, himachal pradesh","Ignore",0.00,4,0,0.00,3,0,0.00,14.49
NULL,1,"palampurhub_plp","Ignore",0.00,1,0,0.00,0,0,0.00,0.00
NULL,1,"palampurhub_plp palampur","Ignore",0.00,2,0,0.00,0,0,0.00,0.00
NULL,1,"palani andavar karur","Ignore",0.00,1,0,0.00,0,0,0.00,0.00
NULL,1,"palani, tamil nadu, in","Ignore",0.00,0,0,0.00,1,0,0.00,14.55
NULL,1,"palanihub_pln dindigul","Ignore",0.00,0,0,0.00,2,0,0.00,14.88
NULL,1,"palanpur","Ignore",0.00,5,0,0.00,0,0,0.00,0.00
NULL,1,"palanpur1, palanpur, gujarat","Ignore",0.00,12,0,0.00,6,0,0.00,37.62
NULL,1,"palanpurhub_pln","Ignore",0.00,1,0,0.00,0,0,0.00,0.00
NULL,1,"palanpurhub_pln palanpur","Ignore",0.00,5,0,0.00,0,0,0.00,0.00
NULL,1,"palasia service centre","Ignore",0.00,34,0,0.00,9,0,0.00,34.45
NULL,1,"palghar","Ignore",0.00,6,0,0.00,0,0,0.00,0.00
NULL,1,"palghat","Ignore",0.00,4,0,0.00,4,0,0.00,19.97
NULL,1,"pali","Ignore",0.00,1,0,0.00,1,0,0.00,25.68
NULL,1,"palibirsinghmdh_plb palibirsingh","Ignore",0.00,1,0,0.00,0,0,0.00,0.00
NULL,1,"palimdh_sjh pali","Ignore",0.00,2,0,0.00,0,0,0.00,0.00
NULL,1,"palladam","Ignore",0.00,2,0,0.00,0,0,0.00,0.00
NULL,1,"palladamhub_pam palladam","Ignore",0.00,2,0,0.00,0,0,0.00,0.00
NULL,1,"pallipalayam hub","Ignore",0.00,3,0,0.00,0,0,0.00,0.00
NULL,1,"pallipalayam hub erode","Ignore",0.00,7,0,0.00,1,0,0.00,16.20
NULL,1,"palluruthyhub_prt edakochi","Ignore",0.00,4,0,0.00,0,0,0.00,0.00
NULL,1,"palsana","Ignore",0.00,0,0,0.00,3,0,0.00,37.03
NULL,1,"palus, palus, maharashtra","Ignore",0.00,0,0,0.00,1,0,0.00,14.28
NULL,1,"palwal, palwal, haryana","Ignore",0.00,0,0,0.00,3,0,0.00,14.81
NULL,1,"palwalhub_plw palwal","Ignore",0.00,1,0,0.00,0,0,0.00,0.00
NULL,1,"panayikkulamhub_pnk","Ignore",0.00,1,0,0.00,0,0,0.00,0.00
NULL,1,"panayikkulamhub_pnk varapuzha","Ignore",0.00,6,0,0.00,0,0,0.00,0.00
NULL,1,"panchanan ghosh burdwan","Ignore",0.00,1,0,0.00,0,0,0.00,0.00
NULL,1,"panchavati etail","Ignore",0.00,8,0,0.00,0,0,0.00,0.00
NULL,1,"panchavatihub_nsk","Ignore",0.00,1,0,0.00,0,0,0.00,0.00
NULL,1,"panchgani, maharashtra, in","Ignore",0.00,1,0,0.00,0,0,0.00,0.00
NULL,1,"panchkula","Ignore",0.00,26,0,0.00,3,0,0.00,31.60
NULL,1,"panchkula - pan","Ignore",0.00,0,0,0.00,1,0,0.00,15.67
NULL,1,"panchkula hub","Ignore",0.00,1,0,0.00,0,0,0.00,0.00
NULL,1,"panchkula hub panchkula","Ignore",0.00,6,0,0.00,0,0,0.00,0.00
NULL,1,"panchkula, haryana, in","Ignore",0.00,1,0,0.00,0,0,0.00,0.00
NULL,1,"panchkula, panchkula, chandigarh","Ignore",0.00,0,0,0.00,4,0,0.00,14.63
NULL,1,"panchkulasec20hub_pkl","Ignore",0.00,1,0,0.00,1,0,0.00,16.41
NULL,1,"panchkulasec20hub_pkl panchkula","Ignore",0.00,6,0,0.00,0,0,0.00,0.00
NULL,1,"panchlaodh_ulb howrah","Ignore",0.00,1,0,0.00,0,0,0.00,0.00
NULL,1,"pandalam, pandalam, kerala","Ignore",0.00,1,0,0.00,1,0,0.00,38.21
NULL,1,"pandharkawda","Ignore",0.00,2,0,0.00,1,0,0.00,29.22
NULL,1,"pandharkawdaodh_pkw","Ignore",0.00,1,0,0.00,0,0,0.00,0.00
NULL,1,"pandharkawdaodh_pkw pandharkawda","Ignore",0.00,2,0,0.00,0,0,0.00,0.00
NULL,1,"pandharpur","Ignore",0.00,4,0,0.00,0,0,0.00,0.00
NULL,1,"pandharpurhub_pdh","Ignore",0.00,1,0,0.00,0,0,0.00,0.00
NULL,1,"pandharpurhub_pdh pandharpur","Ignore",0.00,3,0,0.00,0,0,0.00,0.00
NULL,1,"panduamdh_mgr mogra","Ignore",0.00,1,0,0.00,0,0,0.00,0.00
NULL,1,"panipat","Ignore",0.00,7,0,0.00,3,0,0.00,21.90
NULL,1,"panipat etail centre","Ignore",0.00,12,0,0.00,4,0,0.00,15.20
NULL,1,"panipat hub panipat","Ignore",0.00,3,0,0.00,0,0,0.00,0.00
NULL,1,"panipat, panipat, haryana","Ignore",0.00,0,0,0.00,1,0,0.00,15.31
NULL,1,"panjim hub panjim","Ignore",0.00,3,0,0.00,0,0,0.00,0.00
NULL,1,"pankaj kirana satara","Ignore",0.00,1,0,0.00,0,0,0.00,0.00
NULL,1,"pankaj store nagpur","Ignore",0.00,1,0,0.00,0,0,0.00,0.00
NULL,1,"pankaj store new delhi","Ignore",0.00,2,0,0.00,0,0,0.00,0.00
NULL,1,"panna","Ignore",0.00,4,0,0.00,1,0,0.00,14.19
NULL,1,"panrutihub_pnr panruti","Ignore",0.00,2,0,0.00,0,0,0.00,0.00
NULL,1,"panvel hub mumbai","Ignore",0.00,9,0,0.00,0,0,0.00,0.00
NULL,1,"paonta sahib","Ignore",0.00,2,0,0.00,1,0,0.00,35.02
NULL,1,"paontasahibhub_pao","Ignore",0.00,1,0,0.00,0,0,0.00,0.00
NULL,1,"paontasahibhub_pao paonta sahib","Ignore",0.00,1,0,0.00,0,0,0.00,0.00
NULL,1,"paota","Ignore",0.00,1,0,0.00,0,0,0.00,0.00
NULL,1,"paotamdh_pao paota","Ignore",0.00,1,0,0.00,0,0,0.00,0.00
NULL,1,"papu singh myntra kirana store moradabad","Ignore",0.00,1,0,0.00,0,0,0.00,0.00
NULL,1,"papum pare, arunachal pradesh, in","Ignore",0.00,0,0,0.00,1,0,0.00,35.06
NULL,1,"paradip","Ignore",0.00,2,0,0.00,0,0,0.00,0.00
NULL,1,"paradiphub_pdp paradip","Ignore",0.00,1,0,0.00,0,0,0.00,0.00
NULL,1,"paramakudi","Ignore",0.00,0,0,0.00,1,0,0.00,14.72
NULL,1,"paramathi velur","Ignore",0.00,1,0,0.00,0,0,0.00,0.00
NULL,1,"paratwadda, paratwadda, maharashtra","Ignore",0.00,0,0,0.00,1,0,0.00,14.36
NULL,1,"parbhani","Ignore",0.00,4,0,0.00,3,0,0.00,28.63
NULL,1,"parbhani, parbhani, maharashtra","Ignore",0.00,2,0,0.00,0,0,0.00,0.00
NULL,1,"parbhanihub_pbn parbhani","Ignore",0.00,2,0,0.00,0,0,0.00,0.00
NULL,1,"pardiodh_nag","Ignore",0.00,1,0,0.00,0,0,0.00,0.00
NULL,1,"pardiodh_nag nagpur","Ignore",0.00,5,0,0.00,0,0,0.00,0.00
NULL,1,"pari new delhi","Ignore",0.00,1,0,0.00,0,0,0.00,0.00
NULL,1,"parimal garden e-tail","Ignore",0.00,10,0,0.00,17,0,0.00,31.50
NULL,1,"parippally","Ignore",0.00,2,0,0.00,1,0,0.00,23.90
NULL,1,"parippallyhub_qln parippally","Ignore",0.00,1,0,0.00,0,0,0.00,0.00
NULL,1,"parli vaijinath","Ignore",0.00,1,0,0.00,0,0,0.00,0.00
NULL,1,"parlivaijinathhub_pvj parli vaijinath","Ignore",0.00,1,0,0.00,0,0,0.00,0.00
NULL,1,"parmar dhirenkumar kanubhai nadiad","Ignore",0.00,1,0,0.00,0,0,0.00,0.00
NULL,1,"parsabadmdh_psb parsabad","Ignore",0.00,1,0,0.00,0,0,0.00,0.00
NULL,1,"parse hi parde hamirpur","Ignore",0.00,1,0,0.00,0,0,0.00,0.00
NULL,1,"partapur, partapur, rajasthan","Ignore",0.00,0,0,0.00,1,0,0.00,14.89
NULL,1,"parvathipuram","Ignore",0.00,2,0,0.00,0,0,0.00,0.00
NULL,1,"parvathipuramhub_ppm","Ignore",0.00,1,0,0.00,0,0,0.00,0.00
NULL,1,"parvathipuramhub_ppm parvathipuram","Ignore",0.00,1,0,0.00,0,0,0.00,0.00
NULL,1,"parvatpatiya hub surat","Ignore",0.00,12,0,0.00,0,0,0.00,0.00
NULL,1,"parveen shop hisar","Ignore",0.00,1,0,0.00,0,0,0.00,0.00
NULL,1,"parwanoo","Ignore",0.00,1,0,0.00,0,0,0.00,0.00
NULL,1,"parwanoomdh_prw parwanoo","Ignore",0.00,1,0,0.00,0,0,0.00,0.00
NULL,1,"paschim vihar","Ignore",0.00,56,0,0.00,0,0,0.00,0.00
NULL,1,"pashanodh_pune","Ignore",0.00,2,0,0.00,0,0,0.00,0.00
NULL,1,"pashanodh_pune pune","Ignore",0.00,2,0,0.00,2,0,0.00,14.41
NULL,1,"pashupati junagadh","Ignore",0.00,2,0,0.00,0,0,0.00,0.00
NULL,1,"paskura","Ignore",0.00,0,0,0.00,6,0,0.00,15.87
NULL,1,"pat/city, patna, bihar","Ignore",0.00,0,0,0.00,2,0,0.00,16.14
NULL,1,"pat/cnt, patna, bihar","Ignore",0.00,1,0,0.00,1,0,0.00,15.88
NULL,1,"pat/dnp-tml, patna, bihar","Ignore",0.00,0,0,0.00,1,0,0.00,15.70
NULL,1,"pat/hub, patna, bihar","Ignore",0.00,154,0,0.00,0,0,0.00,0.00
NULL,1,"patalganga","Ignore",0.00,1,0,0.00,0,0,0.00,0.00
NULL,1,"patalganga hub","Ignore",0.00,75,0,0.00,0,0,0.00,0.00
NULL,1,"patan","Ignore",0.00,3,0,0.00,1,0,0.00,26.38
NULL,1,"patan cg","Ignore",0.00,0,0,0.00,1,0,0.00,28.05
NULL,1,"patan, patan, gujarat","Ignore",0.00,0,0,0.00,2,0,0.00,15.11
NULL,1,"patancheruvuhub_hyd hyderabad","Ignore",0.00,1,0,0.00,0,0,0.00,0.00
NULL,1,"patel general store lucknow","Ignore",0.00,1,0,0.00,0,0,0.00,0.00
NULL,1,"patel kirana store lucknow","Ignore",0.00,1,0,0.00,0,0,0.00,0.00
NULL,1,"patencheru","Ignore",0.00,0,0,0.00,5,0,0.00,15.77
NULL,1,"pathalgaon","Ignore",0.00,1,0,0.00,1,0,0.00,30.07
NULL,1,"pathan store mumbai","Ignore",0.00,1,0,0.00,0,0,0.00,0.00
NULL,1,"pathanamthitta","Ignore",0.00,5,0,0.00,0,0,0.00,0.00
NULL,1,"pathanamthittahub_pmt","Ignore",0.00,1,0,0.00,0,0,0.00,0.00
NULL,1,"pathanamthittahub_pmt pathanamthitta","Ignore",0.00,2,0,0.00,0,0,0.00,0.00
NULL,1,"pathanapuramhub_prm kurishum mood","Ignore",0.00,1,0,0.00,1,0,0.00,14.89
NULL,1,"pathania infotech una","Ignore",0.00,1,0,0.00,0,0,0.00,0.00
NULL,1,"pathankot","Ignore",0.00,8,0,0.00,0,0,0.00,0.00
NULL,1,"pathankot counter","Ignore",0.00,11,0,0.00,0,0,0.00,0.00
NULL,1,"pathankot, pathankot, punjab","Ignore",0.00,76,0,0.00,15,0,0.00,40.04
NULL,1,"pathankothub_pht","Ignore",0.00,2,0,0.00,0,0,0.00,0.00
NULL,1,"pathankothub_pht pathankot","Ignore",0.00,4,0,0.00,0,0,0.00,0.00
NULL,1,"pathardimdh_pat ahmednagar","Ignore",0.00,1,0,0.00,0,0,0.00,0.00
NULL,1,"patharkandi","Ignore",0.00,1,0,0.00,0,0,0.00,0.00
NULL,1,"pathsala","Ignore",0.00,1,0,0.00,0,0,0.00,0.00
NULL,1,"pathsalahub_pbl pathsala","Ignore",0.00,1,0,0.00,0,0,0.00,0.00
NULL,1,"patiala hub patiala","Ignore",0.00,21,0,0.00,0,0,0.00,0.00
NULL,1,"patiala, patiala, punjab","Ignore",0.00,3,0,0.00,6,0,0.00,38.66
NULL,1,"patialahubtemp_pta patiala","Ignore",0.00,2,0,0.00,0,0,0.00,0.00
NULL,1,"patil mobile shopy amanapur sangli","Ignore",0.00,1,0,0.00,0,0,0.00,0.00
NULL,1,"patlikuhal, patlikuhal, himachal pradesh","Ignore",0.00,0,0,0.00,1,0,0.00,31.20
NULL,1,"patna anisabad pud","Ignore",0.00,7,0,0.00,4,0,0.00,38.40
NULL,1,"patna etail da","Ignore",0.00,0,0,0.00,1,0,0.00,16.35
NULL,1,"patna etail pud","Ignore",0.00,4,0,0.00,4,0,0.00,16.15
NULL,1,"patna ground hub","Ignore",0.00,4,0,0.00,0,0,0.00,0.00
NULL,1,"patna, bihar, in","Ignore",0.00,13,0,0.00,1,0,0.00,23.06
NULL,1,"patran, patran, punjab","Ignore",0.00,0,0,0.00,1,0,0.00,37.90
NULL,1,"patratu, patratu, jharkhand","Ignore",0.00,0,0,0.00,1,0,0.00,15.82
NULL,1,"pattambi","Ignore",0.00,6,0,0.00,1,0,0.00,21.45
NULL,1,"pattanmdh_ptn baramulla","Ignore",0.00,1,0,0.00,0,0,0.00,0.00
NULL,1,"patti","Ignore",0.00,5,0,0.00,0,0,0.00,0.00
NULL,1,"pattimattom","Ignore",0.00,1,0,0.00,0,0,0.00,0.00
NULL,1,"pattiodh_ptt patti","Ignore",0.00,5,0,0.00,0,0,0.00,0.00
NULL,1,"pattomhub_trv trivandrum","Ignore",0.00,16,0,0.00,0,0,0.00,0.00
NULL,1,"pattukkotaihub_ptt pattukkottai","Ignore",0.00,2,0,0.00,0,0,0.00,0.00
NULL,1,"pattukkottai","Ignore",0.00,2,0,0.00,0,0,0.00,0.00
NULL,1,"pauniodh_pau","Ignore",0.00,1,0,0.00,0,0,0.00,0.00
NULL,1,"pauniodh_pau adyal","Ignore",0.00,1,0,0.00,0,0,0.00,0.00
NULL,1,"pavagada","Ignore",0.00,1,0,0.00,0,0,0.00,0.00
NULL,1,"pavan apspqrs","Ignore",0.00,1,0,0.00,0,0,0.00,0.00
NULL,1,"pavgadahub_pvg pavagada","Ignore",0.00,1,0,0.00,0,0,0.00,0.00
NULL,1,"pawan myntra store pune","Ignore",0.00,3,0,0.00,0,0,0.00,0.00
NULL,1,"pawan store new delhi","Ignore",0.00,1,0,0.00,0,0,0.00,0.00
NULL,1,"payyanur","Ignore",0.00,1,0,0.00,0,0,0.00,0.00
NULL,1,"payyoli","Ignore",0.00,3,0,0.00,0,0,0.00,0.00
NULL,1,"pck/bhilwara, bhilwara, rajasthan","Ignore",0.00,10,0,0.00,0,0,0.00,0.00
NULL,1,"pck/hissar, hissar, haryana","Ignore",0.00,29,0,0.00,1,0,0.00,14.55
NULL,1,"pck/mdk, new delhi, delhi","Ignore",0.00,14,0,0.00,0,0,0.00,0.00
NULL,1,"pcm/hub, pune, maharashtra","Ignore",0.00,35,0,0.00,0,0,0.00,0.00
NULL,1,"pdy/agaram, villupuram, tamil nadu","Ignore",0.00,1,0,0.00,0,0,0.00,0.00
NULL,1,"pdy/sa-wtt, pondicherry, tamil nadu","Ignore",0.00,4,0,0.00,0,0,0.00,0.00
NULL,1,"pecharthal","Ignore",0.00,0,0,0.00,2,0,0.00,15.20
NULL,1,"peddapally","Ignore",0.00,1,0,0.00,0,0,0.00,0.00
NULL,1,"peddapallymdh_ped peddapally","Ignore",0.00,1,0,0.00,0,0,0.00,0.00
NULL,1,"peddapuram","Ignore",0.00,1,0,0.00,0,0,0.00,0.00
NULL,1,"peelamedu hub","Ignore",0.00,2,0,0.00,0,0,0.00,0.00
NULL,1,"peelamedu hub coimbatore","Ignore",0.00,7,0,0.00,1,0,0.00,14.34
NULL,1,"peenya","Ignore",0.00,74,0,0.00,6,0,0.00,16.38
NULL,1,"peenya counter","Ignore",0.00,0,0,0.00,2,0,0.00,37.48
NULL,1,"peenya hub bengaluru","Ignore",0.00,3,0,0.00,0,0,0.00,0.00
NULL,1,"peeragarhi hub","Ignore",0.00,4,0,0.00,0,0,0.00,0.00
NULL,1,"peeragarhi hub delhi","Ignore",0.00,20,0,0.00,2,0,0.00,15.23
NULL,1,"pehowa","Ignore",0.00,1,0,0.00,0,0,0.00,0.00
NULL,1,"pehowahub_peh pehowa","Ignore",0.00,1,0,0.00,0,0,0.00,0.00
NULL,1,"pen","Ignore",0.00,1,0,0.00,1,0,0.00,14.75
NULL,1,"pendiyalodh_wgl warangal","Ignore",0.00,1,0,0.00,0,0,0.00,0.00
NULL,1,"pendurthi","Ignore",0.00,0,0,0.00,2,0,0.00,16.40
NULL,1,"pendurti","Ignore",0.00,0,0,0.00,1,0,0.00,20.13
NULL,1,"pennabetamcherlaodh_btm kurnool","Ignore",0.00,1,0,0.00,0,0,0.00,0.00
NULL,1,"pennadarsiodh_drs darsi","Ignore",0.00,1,0,0.00,0,0,0.00,0.00
NULL,1,"pennakanigiriodh_kgr","Ignore",0.00,1,0,0.00,0,0,0.00,0.00
NULL,1,"pennakanigiriodh_kgr kanigiri","Ignore",0.00,2,0,0.00,0,0,0.00,0.00
NULL,1,"penukonda","Ignore",0.00,1,0,0.00,1,0,0.00,18.34
NULL,1,"penukondamdh_pen penukonda","Ignore",0.00,1,0,0.00,0,0,0.00,0.00
NULL,1,"peoplescampushub_bho","Ignore",0.00,1,0,0.00,0,0,0.00,0.00
NULL,1,"peoplescampushub_bho madhya pradesh","Ignore",0.00,6,0,0.00,0,0,0.00,0.00
NULL,1,"perambalur","Ignore",0.00,1,0,0.00,0,0,0.00,0.00
NULL,1,"perambalurhub_plr perambalur","Ignore",0.00,1,0,0.00,0,0,0.00,0.00
NULL,1,"perambur","Ignore",0.00,28,0,0.00,2,0,0.00,31.35
NULL,1,"peravalli, peravalli, andhra pradesh","Ignore",0.00,0,0,0.00,1,0,0.00,20.03
NULL,1,"perinthalmanna","Ignore",0.00,2,0,0.00,0,0,0.00,0.00
NULL,1,"perinthalmanna, malappuram, kerala","Ignore",0.00,0,0,0.00,2,0,0.00,14.77
NULL,1,"pernem","Ignore",0.00,0,0,0.00,1,0,0.00,15.28
NULL,1,"perumbavoor, kerala, in","Ignore",0.00,0,0,0.00,1,0,0.00,19.61
NULL,1,"perundurai","Ignore",0.00,1,0,0.00,0,0,0.00,0.00
NULL,1,"petlad","Ignore",0.00,1,0,0.00,0,0,0.00,0.00
NULL,1,"petta_pea","Ignore",0.00,2,0,0.00,0,0,0.00,0.00
NULL,1,"petta_pea trivandrum","Ignore",0.00,5,0,0.00,0,0,0.00,0.00
NULL,1,"peyad","Ignore",0.00,1,0,0.00,0,0,0.00,0.00
NULL,1,"pgihub_lko","Ignore",0.00,1,0,0.00,0,0,0.00,0.00
NULL,1,"pgihub_lko lucknow","Ignore",0.00,8,0,0.00,0,0,0.00,0.00
NULL,1,"phagwara","Ignore",0.00,30,0,0.00,6,0,0.00,19.35
NULL,1,"phagwara, phagwara, punjab","Ignore",0.00,0,0,0.00,2,0,0.00,39.52
NULL,1,"phagwarahub_mitr_lpu phagwara","Ignore",0.00,1,0,0.00,0,0,0.00,0.00
NULL,1,"phagwarahub_pgr phagwara","Ignore",0.00,5,0,0.00,0,0,0.00,0.00
NULL,1,"phalodi","Ignore",0.00,0,0,0.00,1,0,0.00,15.23
NULL,1,"phalodi, phalodi, rajasthan","Ignore",0.00,0,0,0.00,1,0,0.00,29.19
NULL,1,"phaltan","Ignore",0.00,0,0,0.00,2,0,0.00,14.52
NULL,1,"pharenda","Ignore",0.00,1,0,0.00,0,0,0.00,0.00
NULL,1,"phase2noidahub_del noida","Ignore",0.00,4,0,0.00,0,0,0.00,0.00
NULL,1,"phase3noida hub","Ignore",0.00,1,0,0.00,0,0,0.00,0.00
NULL,1,"phase3noida hub delhi","Ignore",0.00,5,0,0.00,0,0,0.00,0.00
NULL,1,"phirangipuram","Ignore",0.00,2,0,0.00,0,0,0.00,0.00
NULL,1,"phooltalahub_kol kolkata","Ignore",0.00,1,0,0.00,0,0,0.00,0.00
NULL,1,"phullanwalodh_phu","Ignore",0.00,1,0,0.00,0,0,0.00,0.00
NULL,1,"phullanwalodh_phu ludhiana","Ignore",0.00,14,0,0.00,2,0,0.00,14.94
NULL,1,"phulpur","Ignore",0.00,0,0,0.00,1,0,0.00,23.01
NULL,1,"pichatur","Ignore",0.00,1,0,0.00,0,0,0.00,0.00
NULL,1,"pichaturodh_put pichatur","Ignore",0.00,1,0,0.00,0,0,0.00,0.00
NULL,1,"picnic garden","Ignore",0.00,0,0,0.00,4,0,0.00,33.05
NULL,1,"picnic garden-tml, kolkata, west bengal","Ignore",0.00,0,0,0.00,1,0,0.00,14.95
NULL,1,"piduguralla","Ignore",0.00,2,0,0.00,1,0,0.00,50.69
NULL,1,"piduguralla reach","Ignore",0.00,0,0,0.00,2,0,0.00,27.52
NULL,1,"pidugurallaodh_stn piduguralla","Ignore",0.00,2,0,0.00,0,0,0.00,0.00
NULL,1,"pilani","Ignore",0.00,1,0,0.00,2,0,0.00,24.77
NULL,1,"pilani hub pilani","Ignore",0.00,1,0,0.00,0,0,0.00,0.00
NULL,1,"pilani vk plaza","Ignore",0.00,3,0,0.00,0,0,0.00,0.00
NULL,1,"pilibhit","Ignore",0.00,1,0,0.00,2,0,0.00,14.70
NULL,1,"pilibhithub_pii pilibhit","Ignore",0.00,1,0,0.00,0,0,0.00,0.00
NULL,1,"pilicode-tml, kasargode, kerala","Ignore",0.00,0,0,0.00,1,0,0.00,14.62
NULL,1,"pimpri and chinchwad","Ignore",0.00,1,0,0.00,0,0,0.00,0.00
NULL,1,"pimpri chinchwad, maharashtra, in","Ignore",0.00,1,0,0.00,0,0,0.00,0.00
NULL,1,"pimpri hub","Ignore",0.00,1,0,0.00,0,0,0.00,0.00
NULL,1,"pinarayi, pinarayi, kerala","Ignore",0.00,0,0,0.00,1,0,0.00,38.92
NULL,1,"pinjore","Ignore",0.00,2,0,0.00,0,0,0.00,0.00
NULL,1,"pinjoreodh_pnj pinjore","Ignore",0.00,2,0,0.00,0,0,0.00,0.00
NULL,1,"pinkcity hub","Ignore",0.00,1,0,0.00,0,0,0.00,0.00
NULL,1,"pinkcity hub jaipur","Ignore",0.00,14,0,0.00,2,0,0.00,14.63
NULL,1,"pinki panchal tea stall panipat","Ignore",0.00,1,0,0.00,0,0,0.00,0.00
NULL,1,"pipiganghub_gop gorakhpur","Ignore",0.00,1,0,0.00,0,0,0.00,0.00
NULL,1,"pipilimdh_nmp puri","Ignore",0.00,1,0,0.00,0,0,0.00,0.00
NULL,1,"piravomosh_pvm kottayam","Ignore",0.00,3,0,0.00,0,0,0.00,0.00
NULL,1,"pitampurahub_del","Ignore",0.00,4,0,0.00,0,0,0.00,0.00
NULL,1,"pitampurahub_del delhi","Ignore",0.00,17,0,0.00,0,0,0.00,0.00
NULL,1,"pithampur, pithampur, madhya pradesh","Ignore",0.00,0,0,0.00,2,0,0.00,14.67
NULL,1,"pithapuramhub_pdm east godavari","Ignore",0.00,1,0,0.00,0,0,0.00,0.00
NULL,1,"pithoragarh","Ignore",0.00,1,0,0.00,3,0,0.00,28.10
NULL,1,"pitm","Ignore",0.00,1,0,0.00,0,0,0.00,0.00
NULL,1,"pkcorporatebhadrachalamodh_bdm","Ignore",0.00,1,0,0.00,0,0,0.00,0.00
NULL,1,"pks easy service salem","Ignore",0.00,3,0,0.00,0,0,0.00,0.00
NULL,1,"playstore the digital hub thodupuzha","Ignore",0.00,1,0,0.00,0,0,0.00,0.00
NULL,1,"pmc warehouse","Ignore",0.00,0,0,0.00,1,0,0.00,15.02
NULL,1,"pnj ground warehouse","Ignore",0.00,29,0,0.00,1,0,0.00,14.47
NULL,1,"pnpalayam hub coimbatore","Ignore",0.00,2,0,0.00,0,0,0.00,0.00
NULL,1,"pnq/jmr, pune, maharashtra","Ignore",0.00,1,0,0.00,2,0,0.00,14.62
NULL,1,"pnq/nhr-tml, pune, maharashtra","Ignore",0.00,0,0,0.00,3,0,0.00,33.13
NULL,1,"pnq/tlg, telegaon, maharashtra","Ignore",0.00,0,0,0.00,1,0,0.00,15.21
NULL,1,"pnr service centre","Ignore",0.00,5,0,0.00,1,0,0.00,15.72
NULL,1,"pochampalli","Ignore",0.00,0,0,0.00,1,0,0.00,29.99
NULL,1,"pokhran","Ignore",0.00,0,0,0.00,1,0,0.00,25.68
NULL,1,"policy servicing centre (premium point ) kannur","Ignore",0.00,0,0,0.00,1,0,0.00,15.81
NULL,1,"pollachi hub coimbatore","Ignore",0.00,2,0,0.00,0,0,0.00,0.00
NULL,1,"pond","Ignore",0.00,0,0,0.00,2,0,0.00,14.77
NULL,1,"ponda","Ignore",0.00,2,0,0.00,1,0,0.00,24.81
NULL,1,"ponda hub","Ignore",0.00,1,0,0.00,0,0,0.00,0.00
NULL,1,"ponda hub ponda","Ignore",0.00,2,0,0.00,0,0,0.00,0.00
NULL,1,"ponda, ponda goa, goa","Ignore",0.00,1,0,0.00,1,0,0.00,38.97
NULL,1,"pondicherry","Ignore",0.00,9,0,0.00,3,0,0.00,45.76
NULL,1,"pondicherry mini hub","Ignore",0.00,76,0,0.00,7,0,0.00,23.63
NULL,1,"pondichery, kuruchikuppam, tamil nadu","Ignore",0.00,7,0,0.00,0,0,0.00,0.00
NULL,1,"ponkunnam","Ignore",0.00,1,0,0.00,0,0,0.00,0.00
NULL,1,"ponnampet","Ignore",0.00,1,0,0.00,0,0,0.00,0.00
NULL,1,"ponnoth home thrissur","Ignore",0.00,2,0,0.00,0,0,0.00,0.00
NULL,1,"ponnur","Ignore",0.00,2,0,0.00,0,0,0.00,0.00
NULL,1,"ponnurhub_pnr ponnur","Ignore",0.00,2,0,0.00,0,0,0.00,0.00
NULL,1,"pooja kirana store gautam buddha nagar","Ignore",0.00,2,0,0.00,0,0,0.00,0.00
NULL,1,"poojakiranastore new delhi","Ignore",0.00,1,0,0.00,0,0,0.00,0.00
NULL,1,"poojapura","Ignore",0.00,3,0,0.00,0,0,0.00,0.00
NULL,1,"poojapurahub_pja poojapura","Ignore",0.00,2,0,0.00,1,0,0.00,15.60
NULL,1,"poonchodh_pnh","Ignore",0.00,2,0,0.00,0,0,0.00,0.00
NULL,1,"poonchodh_pnh poonch","Ignore",0.00,2,0,0.00,0,0,0.00,0.00
NULL,1,"poranki reach","Ignore",0.00,0,0,0.00,1,0,0.00,14.53
NULL,1,"porbandar","Ignore",0.00,6,0,0.00,0,0,0.00,0.00
NULL,1,"porbandarhub_por","Ignore",0.00,1,0,0.00,0,0,0.00,0.00
NULL,1,"porbandarhub_por porbandar","Ignore",0.00,4,0,0.00,0,0,0.00,0.00
NULL,1,"porur","Ignore",0.00,0,0,0.00,2,0,0.00,16.53
NULL,1,"porvorim","Ignore",0.00,3,0,0.00,1,0,0.00,19.35
NULL,1,"porvorim hub","Ignore",0.00,1,0,0.00,0,0,0.00,0.00
NULL,1,"porvorim hub porvorim","Ignore",0.00,3,0,0.00,0,0,0.00,0.00
NULL,1,"prabhat road hub","Ignore",0.00,4,0,0.00,0,0,0.00,0.00
NULL,1,"prabhat road hub pune","Ignore",0.00,16,0,0.00,0,0,0.00,0.00
NULL,1,"pradeep kashyap kirana gautam buddha nagar","Ignore",0.00,1,0,0.00,0,0,0.00,0.00
NULL,1,"pradhannagar, siliguri, west bengal","Ignore",0.00,1,0,0.00,0,0,0.00,0.00
NULL,1,"pradip mahesana","Ignore",0.00,2,0,0.00,0,0,0.00,0.00
NULL,1,"prajapati services kanpur","Ignore",0.00,1,0,0.00,0,0,0.00,0.00
NULL,1,"prakasam","Ignore",0.00,1,0,0.00,0,0,0.00,0.00
NULL,1,"pranav fast food haridwar","Ignore",0.00,1,0,0.00,0,0,0.00,0.00
NULL,1,"pratap jenral store gurgaon","Ignore",0.00,1,0,0.00,0,0,0.00,0.00
NULL,1,"pratapgarh","Ignore",0.00,1,0,0.00,0,0,0.00,0.00
NULL,1,"pratapgarhhub_chi chittorgarh","Ignore",0.00,3,0,0.00,1,0,0.00,15.51
NULL,1,"pratapgarhhub_ptp pratapgarh","Ignore",0.00,1,0,0.00,0,0,0.00,0.00
NULL,1,"prateek new delhi","Ignore",0.00,1,0,0.00,0,0,0.00,0.00
NULL,1,"prayagraj","Ignore",0.00,9,0,0.00,15,0,0.00,16.52
NULL,1,"prayagraj (prgn)","Ignore",0.00,0,0,0.00,1,0,0.00,34.66
NULL,1,"prayat hariyude kada chengannur","Ignore",0.00,1,0,0.00,0,0,0.00,0.00
NULL,1,"prince shop new delhi","Ignore",0.00,1,0,0.00,0,0,0.00,0.00
NULL,1,"prince store new delhi","Ignore",0.00,2,0,0.00,0,0,0.00,0.00
NULL,1,"princyajwabridgeodh_ajw vadodara","Ignore",0.00,2,0,0.00,0,0,0.00,0.00
NULL,1,"princyankleshwarodh_ank","Ignore",0.00,1,0,0.00,0,0,0.00,0.00
NULL,1,"princyankleshwarodh_ank ankleshwar","Ignore",0.00,6,0,0.00,0,0,0.00,0.00
NULL,1,"princychandkhedaodh_amd ahmedabad","Ignore",0.00,4,0,0.00,0,0,0.00,0.00
NULL,1,"princyghodasarodh_amd ahmedabad","Ignore",0.00,6,0,0.00,0,0,0.00,0.00
NULL,1,"princykhambatodh_kha ahmedabad","Ignore",0.00,1,0,0.00,0,0,0.00,0.00
NULL,1,"princypalesadodh_pal petlad","Ignore",0.00,3,0,0.00,0,0,0.00,0.00
NULL,1,"princysanandodh_snd","Ignore",0.00,1,0,0.00,0,0,0.00,0.00
NULL,1,"princysarigamodh_sar sarigam","Ignore",0.00,1,0,0.00,1,0,0.00,15.66
NULL,1,"princysciencecityodh_sci","Ignore",0.00,1,0,0.00,0,0,0.00,0.00
NULL,1,"princysciencecityodh_sci ahmedabad","Ignore",0.00,25,0,0.00,0,0,0.00,0.00
NULL,1,"pritam kumar new delhi","Ignore",0.00,3,0,0.00,0,0,0.00,0.00
NULL,1,"priyanka store new delhi","Ignore",0.00,1,0,0.00,0,0,0.00,0.00
NULL,1,"prodattur","Ignore",0.00,6,0,0.00,1,0,0.00,14.36
NULL,1,"prodatturhub_pdt","Ignore",0.00,2,0,0.00,0,0,0.00,0.00
NULL,1,"prodatturhub_pdt prodattur","Ignore",0.00,6,0,0.00,0,0,0.00,0.00
NULL,1,"psk electrical neyveli","Ignore",0.00,1,0,0.00,0,0,0.00,0.00
NULL,1,"pudhuchery","Ignore",0.00,2,0,0.00,0,0,0.00,0.00
NULL,1,"puducherry","Ignore",0.00,1,0,0.00,1,0,0.00,14.52
NULL,1,"pudukottai","Ignore",0.00,2,0,0.00,1,0,0.00,29.14
NULL,1,"pudukottai hub pudukottai","Ignore",0.00,1,0,0.00,0,0,0.00,0.00
NULL,1,"punalur","Ignore",0.00,1,0,0.00,0,0,0.00,0.00
NULL,1,"pune warehouse","Ignore",0.00,1,0,0.00,0,0,0.00,0.00
NULL,1,"punganur","Ignore",0.00,3,0,0.00,0,0,0.00,0.00
NULL,1,"punganurhub_pgn punganur","Ignore",0.00,3,0,0.00,0,0,0.00,0.00
NULL,1,"punith kumar s home bangalore","Ignore",0.00,1,0,0.00,0,0,0.00,0.00
NULL,1,"pupri","Ignore",0.00,1,0,0.00,0,0,0.00,0.00
NULL,1,"purasawalkam","Ignore",0.00,0,0,0.00,1,0,0.00,14.45
NULL,1,"purbalok","Ignore",0.00,713,0,0.00,6,0,0.00,30.42
NULL,1,"puri","Ignore",0.00,6,0,0.00,0,0,0.00,0.00
NULL,1,"puri expansion","Ignore",0.00,0,0,0.00,2,0,0.00,15.17
NULL,1,"purihub_pur","Ignore",0.00,1,0,0.00,0,0,0.00,0.00
NULL,1,"purihub_pur puri","Ignore",0.00,1,0,0.00,0,0,0.00,0.00
NULL,1,"purnea office","Ignore",0.00,0,0,0.00,4,0,0.00,15.50
NULL,1,"purnia","Ignore",0.00,3,0,0.00,0,0,0.00,0.00
NULL,1,"purniahub_prn purnia","Ignore",0.00,1,0,0.00,0,0,0.00,0.00
NULL,1,"pursotampur, purshotampur, orissa","Ignore",0.00,1,0,0.00,0,0,0.00,0.00
NULL,1,"purulia","Ignore",0.00,1,0,0.00,1,0,0.00,15.25
NULL,1,"puruliahub_prr","Ignore",0.00,1,0,0.00,0,0,0.00,0.00
NULL,1,"pusad","Ignore",0.00,2,0,0.00,1,0,0.00,26.31
NULL,1,"pusadhub_psd","Ignore",0.00,1,0,0.00,0,0,0.00,0.00
NULL,1,"pushkar","Ignore",0.00,1,0,0.00,0,0,0.00,0.00
NULL,1,"pushpak store mumbai","Ignore",0.00,1,0,0.00,0,0,0.00,0.00
NULL,1,"puthukadhub_put thrissur","Ignore",0.00,5,0,0.00,0,0,0.00,0.00
NULL,1,"puthyangadi, kannur, kerala","Ignore",0.00,0,0,0.00,1,0,0.00,16.15
NULL,1,"puttaparthi","Ignore",0.00,1,0,0.00,0,0,0.00,0.00
NULL,1,"puttaparthimdh_put puttaparthi","Ignore",0.00,1,0,0.00,0,0,0.00,0.00
NULL,1,"puttaparthy","Ignore",0.00,0,0,0.00,1,0,0.00,14.87
NULL,1,"puttur","Ignore",0.00,5,0,0.00,2,0,0.00,31.75
NULL,1,"putturhub_ptr puttur","Ignore",0.00,2,0,0.00,1,0,0.00,15.66
NULL,1,"quilandi bazar","Ignore",0.00,1,0,0.00,1,0,0.00,15.32
NULL,1,"r t nagar service centre","Ignore",0.00,3,0,0.00,5,0,0.00,28.20
NULL,1,"raavi kite store nagpur","Ignore",0.00,1,0,0.00,0,0,0.00,0.00
NULL,1,"radhanpur","Ignore",0.00,0,0,0.00,1,0,0.00,33.10
NULL,1,"radharani house medinipur","Ignore",0.00,1,0,0.00,0,0,0.00,0.00
NULL,1,"raebareili","Ignore",0.00,1,0,0.00,0,0,0.00,0.00
NULL,1,"raebareli","Ignore",0.00,0,0,0.00,3,0,0.00,15.25
NULL,1,"raebareli, raebareli, uttar pradesh","Ignore",0.00,0,0,0.00,2,0,0.00,34.49
NULL,1,"rafiganj","Ignore",0.00,1,0,0.00,0,0,0.00,0.00
NULL,1,"rafiganjhub_awb rafiganj","Ignore",0.00,1,0,0.00,0,0,0.00,0.00
NULL,1,"raghav couching gautam buddha nagar","Ignore",0.00,1,0,0.00,0,0,0.00,0.00
NULL,1,"raghunath home bangalore","Ignore",0.00,1,0,0.00,0,0,0.00,0.00
NULL,1,"rahata, rahata, maharashtra","Ignore",0.00,0,0,0.00,1,0,0.00,38.79
NULL,1,"rahatgarh, rahatgarh, madhya pradesh","Ignore",0.00,0,0,0.00,1,0,0.00,40.52
NULL,1,"rahonmdh_rhn nawanshahr","Ignore",0.00,1,0,0.00,0,0,0.00,0.00
NULL,1,"rahul b pawar palghar","Ignore",0.00,1,0,0.00,0,0,0.00,0.00
NULL,1,"rahul disk world mysore","Ignore",0.00,1,0,0.00,0,0,0.00,0.00
NULL,1,"rahul r home kollam","Ignore",0.00,1,0,0.00,0,0,0.00,0.00
NULL,1,"rahul store gurgaon","Ignore",0.00,1,0,0.00,0,0,0.00,0.00
NULL,1,"rahul welding store new delhi","Ignore",0.00,2,0,0.00,0,0,0.00,0.00
NULL,1,"rai/chg raipur","Ignore",0.00,63,0,0.00,0,0,0.00,0.00
NULL,1,"raichur hub raichur","Ignore",0.00,6,0,0.00,0,0,0.00,0.00
NULL,1,"raichur, raichur, karnataka","Ignore",0.00,0,0,0.00,1,0,0.00,42.81
NULL,1,"raiganj","Ignore",0.00,7,0,0.00,1,0,0.00,24.56
NULL,1,"raiganjhub_rgj","Ignore",0.00,1,0,0.00,0,0,0.00,0.00
NULL,1,"raiganjhub_rgj raiganj","Ignore",0.00,4,0,0.00,0,0,0.00,0.00
NULL,1,"raigarh","Ignore",0.00,10,0,0.00,2,0,0.00,30.43
NULL,1,"raigarhhub_rgh raigarh","Ignore",0.00,5,0,0.00,0,0,0.00,0.00
NULL,1,"raikwar store noida","Ignore",0.00,1,0,0.00,0,0,0.00,0.00
NULL,1,"railwaycolonyhub_bvm bhimavaram","Ignore",0.00,2,0,0.00,0,0,0.00,0.00
NULL,1,"raipur cg - rip","Ignore",0.00,4,0,0.00,0,0,0.00,0.00
NULL,1,"raipur e-tail","Ignore",0.00,1,0,0.00,0,0,0.00,0.00
NULL,1,"raipur hub","Ignore",0.00,274,0,0.00,20,0,0.00,37.45
NULL,1,"raipur hub raipur","Ignore",0.00,5,0,0.00,0,0,0.00,0.00
NULL,1,"raipur rani, ambala, haryana","Ignore",0.00,0,0,0.00,2,0,0.00,15.18
NULL,1,"raipur, raipur, chhattisgarh","Ignore",0.00,2,0,0.00,0,0,0.00,0.00
NULL,1,"raipurcityhub_rpr","Ignore",0.00,5,0,0.00,0,0,0.00,0.00
NULL,1,"raipurcitysplithub_rpr","Ignore",0.00,1,0,0.00,0,0,0.00,0.00
NULL,1,"raipurcitysplithub_rpr raipur","Ignore",0.00,5,0,0.00,0,0,0.00,0.00
NULL,1,"rairakholmdh_rai rairakhol","Ignore",0.00,1,0,0.00,0,0,0.00,0.00
NULL,1,"raisinghnagar","Ignore",0.00,3,0,0.00,0,0,0.00,0.00
NULL,1,"raisinghnagar, raisinghnagar, rajasthan","Ignore",0.00,0,0,0.00,1,0,0.00,35.76
NULL,1,"raj bhati kirana greater noida","Ignore",0.00,1,0,0.00,0,0,0.00,0.00
NULL,1,"raj chauhan store new delhi","Ignore",0.00,1,0,0.00,0,0,0.00,0.00
NULL,1,"raj kirana shadnagar","Ignore",0.00,2,0,0.00,0,0,0.00,0.00
NULL,1,"raj kishor store bokajan","Ignore",0.00,1,0,0.00,0,0,0.00,0.00
NULL,1,"raj kumar new delhi","Ignore",0.00,1,0,0.00,0,0,0.00,0.00
NULL,1,"raj store banswara","Ignore",0.00,1,0,0.00,0,0,0.00,0.00
NULL,1,"raj traders kanpur","Ignore",0.00,1,0,0.00,0,0,0.00,0.00
NULL,1,"rajabazar hub patna","Ignore",0.00,1,0,0.00,0,0,0.00,0.00
NULL,1,"rajahmahendravaram","Ignore",0.00,1,0,0.00,0,0,0.00,0.00
NULL,1,"rajahmundary","Ignore",0.00,10,0,0.00,0,0,0.00,0.00
NULL,1,"rajahmundry","Ignore",0.00,1,0,0.00,2,0,0.00,15.38
NULL,1,"rajahmundry hub rajahmundary","Ignore",0.00,1,0,0.00,0,0,0.00,0.00
NULL,1,"rajahmundry, andhra pradesh, in","Ignore",0.00,2,0,0.00,0,0,0.00,0.00
NULL,1,"rajahmundry, rajahmundry, andhra pradesh","Ignore",0.00,1,0,0.00,0,0,0.00,0.00
NULL,1,"rajajinagar hub","Ignore",0.00,1,0,0.00,0,0,0.00,0.00
NULL,1,"rajajinagar hub bengaluru","Ignore",0.00,8,0,0.00,0,0,0.00,0.00
NULL,1,"rajajipuramhub_lko lucknow","Ignore",0.00,1,0,0.00,0,0,0.00,0.00
NULL,1,"rajamanikam tea stall salem","Ignore",0.00,1,0,0.00,0,0,0.00,0.00
NULL,1,"rajampet","Ignore",0.00,2,0,0.00,1,0,0.00,14.72
NULL,1,"rajan dexter gurgaon","Ignore",0.00,1,0,0.00,1,0,0.00,14.56
NULL,1,"rajan store faridabad","Ignore",0.00,1,0,0.00,0,0,0.00,0.00
NULL,1,"rajanagaramhub_rjy rajahmundry","Ignore",0.00,1,0,0.00,0,0,0.00,0.00
NULL,1,"rajapalayamhub_rjpm virudhunagar","Ignore",0.00,1,0,0.00,0,0,0.00,0.00
NULL,1,"rajarajeshwari nagar","Ignore",0.00,4,0,0.00,7,0,0.00,15.60
NULL,1,"rajarajeswarinagarhub_blr bangalore","Ignore",0.00,6,0,0.00,0,0,0.00,0.00
NULL,1,"rajaram birds shop tuticorin","Ignore",0.00,1,0,0.00,0,0,0.00,0.00
NULL,1,"rajarhat, rajarhat, west bengal","Ignore",0.00,1,0,0.00,1,0,0.00,15.82
NULL,1,"rajat grocery shop bareilly","Ignore",0.00,1,0,0.00,0,0,0.00,0.00
NULL,1,"rajat ram rupnagar","Ignore",0.00,1,0,0.00,0,0,0.00,0.00
NULL,1,"rajdhamhub_rjd purnia","Ignore",0.00,1,0,0.00,0,0,0.00,0.00
NULL,1,"rajeev boby dharamasala","Ignore",0.00,1,0,0.00,0,0,0.00,0.00
NULL,1,"rajeev chowk (rjcx)","Ignore",0.00,16,0,0.00,0,0,0.00,0.00
NULL,1,"rajender singh kirana gautam buddha nagar","Ignore",0.00,1,0,0.00,0,0,0.00,0.00
NULL,1,"rajender sirsa","Ignore",0.00,3,0,0.00,0,0,0.00,0.00
NULL,1,"rajendranagar hub indore","Ignore",0.00,7,0,0.00,0,0,0.00,0.00
NULL,1,"rajendraparkhub_del","Ignore",0.00,3,0,0.00,0,0,0.00,0.00
NULL,1,"rajendraparkhub_del new delhi","Ignore",0.00,16,0,0.00,2,0,0.00,16.84
NULL,1,"rajesh general store new delhi","Ignore",0.00,1,0,0.00,0,0,0.00,0.00
NULL,1,"rajesh house bangalore","Ignore",0.00,1,0,0.00,0,0,0.00,0.00
NULL,1,"rajesh kirana new delhi","Ignore",0.00,2,0,0.00,0,0,0.00,0.00
NULL,1,"rajgarh","Ignore",0.00,1,0,0.00,0,0,0.00,0.00
NULL,1,"rajgarh(bia)","Ignore",0.00,2,0,0.00,0,0,0.00,0.00
NULL,1,"rajgarh, rajgarh, rajasthan","Ignore",0.00,0,0,0.00,1,0,0.00,38.11
NULL,1,"rajim, abhanpur, chhattisgarh","Ignore",0.00,0,0,0.00,2,0,0.00,39.47
NULL,1,"rajivnagar hub patna","Ignore",0.00,2,0,0.00,0,0,0.00,0.00
NULL,1,"rajjan store new delhi","Ignore",0.00,1,0,0.00,0,0,0.00,0.00
NULL,1,"rajkanikahub_rjk kendrapara","Ignore",0.00,1,0,0.00,0,0,0.00,0.00
NULL,1,"rajkot - rjt","Ignore",0.00,1,0,0.00,0,0,0.00,0.00
NULL,1,"rajkot cod centre","Ignore",0.00,0,0,0.00,1,0,0.00,31.33
NULL,1,"rajkot hub","Ignore",0.00,2,0,0.00,0,0,0.00,0.00
NULL,1,"rajkot hub rajkot","Ignore",0.00,15,0,0.00,0,0,0.00,0.00
NULL,1,"rajkot, rajkot, gujarat","Ignore",0.00,0,0,0.00,1,0,0.00,14.58
NULL,1,"rajkotvavadihub_vav rajkot","Ignore",0.00,8,0,0.00,0,0,0.00,0.00
NULL,1,"rajkumar home traders pernambut","Ignore",0.00,1,0,0.00,0,0,0.00,0.00
NULL,1,"rajlaxmi enterprises beed","Ignore",0.00,2,0,0.00,0,0,0.00,0.00
NULL,1,"rajnandgaon","Ignore",0.00,2,0,0.00,0,0,0.00,0.00
NULL,1,"rajnandgaon, chhattisgarh, in","Ignore",0.00,1,0,0.00,0,0,0.00,0.00
NULL,1,"rajnandgaonhub_rjn","Ignore",0.00,2,0,0.00,0,0,0.00,0.00
NULL,1,"rajnandgaonhub_rjn rajnandgaon","Ignore",0.00,1,0,0.00,0,0,0.00,0.00
NULL,1,"rajni store new delhi","Ignore",0.00,1,0,0.00,0,0,0.00,0.00
NULL,1,"rajpura","Ignore",0.00,1,0,0.00,0,0,0.00,0.00
NULL,1,"rajpura, rajpura, punjab","Ignore",0.00,0,0,0.00,1,0,0.00,27.16
NULL,1,"rajpurahub_raa rajpura","Ignore",0.00,1,0,0.00,0,0,0.00,0.00
NULL,1,"rajpurahubtemp_raa","Ignore",0.00,1,0,0.00,0,0,0.00,0.00
NULL,1,"rajpurroadhub_ded","Ignore",0.00,8,0,0.00,0,0,0.00,0.00
NULL,1,"rajpurroadhub_ded dehradun","Ignore",0.00,12,0,0.00,2,0,0.00,15.07
NULL,1,"raju general store new delhi","Ignore",0.00,1,0,0.00,0,0,0.00,0.00
NULL,1,"raju katta nalgonda","Ignore",0.00,2,0,0.00,0,0,0.00,0.00
NULL,1,"raju kirana bareilly","Ignore",0.00,1,0,0.00,0,0,0.00,0.00
NULL,1,"raju shop gurgaon","Ignore",0.00,1,0,0.00,0,0,0.00,0.00
NULL,1,"rajveer store nadiad","Ignore",0.00,2,0,0.00,0,0,0.00,0.00
NULL,1,"rajvir store gurgaon","Ignore",0.00,1,0,0.00,0,0,0.00,0.00
NULL,1,"rakesh home store bangalore","Ignore",0.00,1,0,0.00,0,0,0.00,0.00
NULL,1,"ram magan tripathi gurgaon","Ignore",0.00,1,0,0.00,0,0,0.00,0.00
NULL,1,"ram nagar -uttarancha","Ignore",0.00,1,0,0.00,0,0,0.00,0.00
NULL,1,"ram prasad kirana store fatehpur","Ignore",0.00,1,0,0.00,0,0,0.00,0.00
NULL,1,"rama road","Ignore",0.00,14,0,0.00,0,0,0.00,0.00
NULL,1,"ramachandrapuramhub_mdp","Ignore",0.00,1,0,0.00,0,0,0.00,0.00
NULL,1,"ramachandrapuramhub_mdp mandapeta / ramachandrapuram","Ignore",0.00,3,0,0.00,0,0,0.00,0.00
NULL,1,"ramamuthynagarhub_blr","Ignore",0.00,1,0,0.00,0,0,0.00,0.00
NULL,1,"ramamuthynagarhub_blr bangalore","Ignore",0.00,6,0,0.00,0,0,0.00,0.00
NULL,1,"raman","Ignore",0.00,2,0,0.00,0,0,0.00,0.00
NULL,1,"ramanagar","Ignore",0.00,1,0,0.00,0,0,0.00,0.00
NULL,1,"ramanagarahub_rmg ramanagar","Ignore",0.00,0,0,0.00,1,0,0.00,14.70
NULL,1,"ramanathapuram","Ignore",0.00,2,0,0.00,0,0,0.00,0.00
NULL,1,"ramanathapuramhub_rtp ramanathapuram","Ignore",0.00,1,0,0.00,0,0,0.00,0.00
NULL,1,"ramaroadhub_del","Ignore",0.00,8,0,0.00,0,0,0.00,0.00
NULL,1,"ramaroadhub_del delhi","Ignore",0.00,45,0,0.00,1,0,0.00,15.25
NULL,1,"rambagh","Ignore",0.00,1,0,0.00,0,0,0.00,0.00
NULL,1,"rambaghhub_rmb","Ignore",0.00,3,0,0.00,0,0,0.00,0.00
NULL,1,"rambaghhub_rmb allahabad","Ignore",0.00,3,0,0.00,0,0,0.00,0.00
NULL,1,"ramdev bhuj","Ignore",0.00,1,0,0.00,0,0,0.00,0.00
NULL,1,"ramesh kirana medak","Ignore",0.00,1,0,0.00,0,0,0.00,0.00
NULL,1,"ramesh master kirana hyderabad","Ignore",0.00,1,0,0.00,0,0,0.00,0.00
NULL,1,"rameshwar mali store bhilwara","Ignore",0.00,1,0,0.00,0,0,0.00,0.00
NULL,1,"ramganjhub_ram ramganj","Ignore",0.00,3,0,0.00,0,0,0.00,0.00
NULL,1,"ramgarh","Ignore",0.00,4,0,0.00,0,0,0.00,0.00
NULL,1,"ramgarh bdel","Ignore",0.00,0,0,0.00,1,0,0.00,16.18
NULL,1,"ramgarhhub_rmt ramgarh","Ignore",0.00,1,0,0.00,0,0,0.00,0.00
NULL,1,"ramnagarmdh_rnr narkatiaganj","Ignore",0.00,2,0,0.00,0,0,0.00,0.00
NULL,1,"rampur_up1, rampur, uttar pradesh","Ignore",0.00,0,0,0.00,1,0,0.00,14.72
NULL,1,"rampura phul","Ignore",0.00,1,0,0.00,0,0,0.00,0.00
NULL,1,"rampuraphulhub_phu","Ignore",0.00,1,0,0.00,0,0,0.00,0.00
NULL,1,"rampuraphulhub_phu rampura phul","Ignore",0.00,1,0,0.00,0,0,0.00,0.00
NULL,1,"rampurupmdh_rmp rasulaha","Ignore",0.00,1,0,0.00,0,0,0.00,0.00
NULL,1,"ramtek","Ignore",0.00,1,0,0.00,0,0,0.00,0.00
NULL,1,"ramu pal gautam buddha nagar","Ignore",0.00,2,0,0.00,0,0,0.00,0.00
NULL,1,"ran/hub, ranchi, jharkhand","Ignore",0.00,209,0,0.00,13,0,0.00,21.18
NULL,1,"rana transport greater noida","Ignore",0.00,1,0,0.00,0,0,0.00,0.00
NULL,1,"ranaghat","Ignore",0.00,2,0,0.00,2,0,0.00,15.28
NULL,1,"ranaghathub_rha","Ignore",0.00,1,0,0.00,0,0,0.00,0.00
NULL,1,"ranaghathub_rha ranaghat","Ignore",0.00,2,0,0.00,0,0,0.00,0.00
NULL,1,"ranchi service centre","Ignore",0.00,1,0,0.00,0,0,0.00,0.00
NULL,1,"ranchi, jharkhand, in","Ignore",0.00,22,0,0.00,0,0,0.00,0.00
NULL,1,"ranebennur","Ignore",0.00,0,0,0.00,1,0,0.00,14.85
NULL,1,"ranibaghhub_del","Ignore",0.00,19,0,0.00,0,0,0.00,0.00
NULL,1,"ranibaghhub_del new delhi","Ignore",0.00,76,0,0.00,1,0,0.00,15.81
NULL,1,"ranibennur","Ignore",0.00,2,0,0.00,0,0,0.00,0.00
NULL,1,"ranibennurhub_rnr ranibennur","Ignore",0.00,2,0,0.00,0,0,0.00,0.00
NULL,1,"raniganj","Ignore",0.00,2,0,0.00,0,0,0.00,0.00
NULL,1,"ranipet","Ignore",0.00,1,0,0.00,2,0,0.00,14.70
NULL,1,"ranipet, ranipet, tamil nadu","Ignore",0.00,5,0,0.00,0,0,0.00,0.00
NULL,1,"raniphub_amd","Ignore",0.00,1,0,0.00,0,0,0.00,0.00
NULL,1,"raniphub_amd ahmedabad","Ignore",0.00,10,0,0.00,0,0,0.00,0.00
NULL,1,"ranjeetavenuehub_atq","Ignore",0.00,5,0,0.00,0,0,0.00,0.00
NULL,1,"ranjeetavenuehub_atq amritsar","Ignore",0.00,13,0,0.00,0,0,0.00,0.00
NULL,1,"ranjit kumar kirana bihar sharif","Ignore",0.00,1,0,0.00,0,0,0.00,0.00
NULL,1,"ranpur office","Ignore",0.00,0,0,0.00,1,0,0.00,14.82
NULL,1,"rasi foot wear trichy","Ignore",0.00,1,0,0.00,0,0,0.00,0.00
NULL,1,"ratanpur","Ignore",0.00,3,0,0.00,0,0,0.00,0.00
NULL,1,"ratanpur hub bilaspur","Ignore",0.00,3,0,0.00,0,0,0.00,0.00
NULL,1,"ratanpurcityhub_pab","Ignore",0.00,1,0,0.00,0,0,0.00,0.00
NULL,1,"ratanpurcityhub_pab ratanpur","Ignore",0.00,3,0,0.00,0,0,0.00,0.00
NULL,1,"rathbarihub_lda englishbazar","Ignore",0.00,1,0,0.00,0,0,0.00,0.00
NULL,1,"ratheesh v home ernad","Ignore",0.00,1,0,0.00,0,0,0.00,0.00
NULL,1,"rathore store new delhi","Ignore",0.00,1,0,0.00,0,0,0.00,0.00
NULL,1,"rathuar club greater noida","Ignore",0.00,1,0,0.00,0,0,0.00,0.00
NULL,1,"ratia","Ignore",0.00,3,0,0.00,0,0,0.00,0.00
NULL,1,"ratiaodh_rta ratia","Ignore",0.00,3,0,0.00,0,0,0.00,0.00
NULL,1,"ratlam","Ignore",0.00,11,0,0.00,1,0,0.00,14.40
NULL,1,"ratlam, ratlam, madhya pradesh","Ignore",0.00,0,0,0.00,2,0,0.00,15.15
NULL,1,"ratlamhub_rtm ratlam","Ignore",0.00,9,0,0.00,0,0,0.00,0.00
NULL,1,"ratnagiri","Ignore",0.00,7,0,0.00,2,0,0.00,14.77
NULL,1,"ratnagirihub_rtg","Ignore",0.00,1,0,0.00,0,0,0.00,0.00
NULL,1,"ratnagirihub_rtg ratnagiri","Ignore",0.00,4,0,0.00,1,0,0.00,15.22
NULL,1,"ravi store agra","Ignore",0.00,2,0,0.00,0,0,0.00,0.00
NULL,1,"ravinder kumar meerut","Ignore",0.00,1,0,0.00,0,0,0.00,0.00
NULL,1,"ravulapalem, ravulapalem, andhra pradesh","Ignore",0.00,0,0,0.00,1,0,0.00,15.08
NULL,1,"ravulapalemhub_mdp","Ignore",0.00,1,0,0.00,0,0,0.00,0.00
NULL,1,"ravulapalemhub_mdp mandapeta / ravulapalem","Ignore",0.00,1,0,0.00,0,0,0.00,0.00
NULL,1,"rawatbhata","Ignore",0.00,1,0,0.00,0,0,0.00,0.00
NULL,1,"rawatbhata, rawatbhata, rajasthan","Ignore",0.00,0,0,0.00,1,0,0.00,15.46
NULL,1,"rawatbhatamdh_ktu rawatbhata","Ignore",0.00,1,0,0.00,0,0,0.00,0.00
NULL,1,"raxaul","Ignore",0.00,1,0,0.00,0,0,0.00,0.00
NULL,1,"raxaulhub_rxl raxaul","Ignore",0.00,1,0,0.00,0,0,0.00,0.00
NULL,1,"rayachoti","Ignore",0.00,1,0,0.00,1,0,0.00,22.41
NULL,1,"rayachotihub_ryc","Ignore",0.00,1,0,0.00,0,0,0.00,0.00
NULL,1,"rayachotihub_ryc rayachoti","Ignore",0.00,1,0,0.00,0,0,0.00,0.00
NULL,1,"rayagada","Ignore",0.00,2,0,0.00,0,0,0.00,0.00
NULL,1,"rayagadahub_rgd","Ignore",0.00,1,0,0.00,0,0,0.00,0.00
NULL,1,"rayagadahub_rgd rayagada","Ignore",0.00,2,0,0.00,0,0,0.00,0.00
NULL,1,"raygada reach","Ignore",0.00,0,0,0.00,1,0,0.00,15.13
NULL,1,"raza enterprises nashik","Ignore",0.00,2,0,0.00,0,0,0.00,0.00
NULL,1,"redhillsodh_chn","Ignore",0.00,1,0,0.00,0,0,0.00,0.00
NULL,1,"reena store pune","Ignore",0.00,1,0,0.00,0,0,0.00,0.00
NULL,1,"reeshu kirana store chandigarh","Ignore",0.00,1,0,0.00,0,0,0.00,0.00
NULL,1,"rehabari office","Ignore",0.00,2,0,0.00,0,0,0.00,0.00
NULL,1,"rekha kirana new delhi","Ignore",0.00,1,0,0.00,0,0,0.00,0.00
NULL,1,"rena beauty store new delhi","Ignore",0.00,1,0,0.00,0,0,0.00,0.00
NULL,1,"renigunta, markapur, andhra pradesh","Ignore",0.00,0,0,0.00,1,0,0.00,16.10
NULL,1,"repalle","Ignore",0.00,1,0,0.00,0,0,0.00,0.00
NULL,1,"repallehub_rpl","Ignore",0.00,1,0,0.00,0,0,0.00,0.00
NULL,1,"repallehub_rpl repalle","Ignore",0.00,1,0,0.00,0,0,0.00,0.00
NULL,1,"reva supar mart porbandar","Ignore",0.00,1,0,0.00,0,0,0.00,0.00
NULL,1,"rewa","Ignore",0.00,4,0,0.00,2,0,0.00,15.45
NULL,1,"rewa mp, rewa, madhya pradesh","Ignore",0.00,0,0,0.00,2,0,0.00,15.07
NULL,1,"rewahub_rwa","Ignore",0.00,2,0,0.00,0,0,0.00,0.00
NULL,1,"rewahub_rwa rewa","Ignore",0.00,2,0,0.00,0,0,0.00,0.00
NULL,1,"rewalsar","Ignore",0.00,1,0,0.00,0,0,0.00,0.00
NULL,1,"rewalsarmdh_rew rewalsar","Ignore",0.00,1,0,0.00,0,0,0.00,0.00
NULL,1,"rewari","Ignore",0.00,11,0,0.00,1,0,0.00,14.83
NULL,1,"rewari hub rewari","Ignore",0.00,6,0,0.00,0,0,0.00,0.00
NULL,1,"rewari stn","Ignore",0.00,0,0,0.00,1,0,0.00,14.51
NULL,1,"rewari, haryana, in","Ignore",0.00,1,0,0.00,0,0,0.00,0.00
NULL,1,"rewari, rewari, haryana","Ignore",0.00,0,0,0.00,1,0,0.00,15.38
NULL,1,"rewarimdh_rew","Ignore",0.00,1,0,0.00,0,0,0.00,0.00
NULL,1,"rewarimdh_rew rewari stn","Ignore",0.00,2,0,0.00,0,0,0.00,0.00
NULL,1,"rfk bikash logistick deoghar","Ignore",0.00,1,0,0.00,0,0,0.00,0.00
NULL,1,"riar tailor new delhi","Ignore",0.00,1,0,0.00,0,0,0.00,0.00
NULL,1,"riddhi enterprise modasa","Ignore",0.00,1,0,0.00,0,0,0.00,0.00
NULL,1,"ringroadhub_ded","Ignore",0.00,2,0,0.00,0,0,0.00,0.00
NULL,1,"ringroadhub_ded dehradun","Ignore",0.00,6,0,0.00,0,0,0.00,0.00
NULL,1,"rinto yacob home ernakulam","Ignore",0.00,1,0,0.00,0,0,0.00,0.00
NULL,1,"rishabh kirana shop new delhi","Ignore",0.00,3,0,0.00,0,0,0.00,0.00
NULL,1,"rishi rfk kirana store wyra","Ignore",0.00,3,0,0.00,0,0,0.00,0.00
NULL,1,"rishikesh","Ignore",0.00,1,0,0.00,2,0,0.00,14.73
NULL,1,"rishikesh hub","Ignore",0.00,10,0,0.00,0,0,0.00,0.00
NULL,1,"rishikeshhub_hrd haridwar / rishikesh","Ignore",0.00,2,0,0.00,0,0,0.00,0.00
NULL,1,"rising stars dvk nalgonda","Ignore",0.00,1,0,0.00,0,0,0.00,0.00
NULL,1,"ritesh store gurgaon","Ignore",0.00,2,0,0.00,0,0,0.00,0.00
NULL,1,"ritika  mangesh jadhav pune","Ignore",0.00,1,0,0.00,0,0,0.00,0.00
NULL,1,"ritupon saikia bokakhat","Ignore",0.00,1,0,0.00,0,0,0.00,0.00
NULL,1,"rjk hub","Ignore",0.00,249,0,0.00,4,0,0.00,31.03
NULL,1,"rjkm","Ignore",0.00,8,0,0.00,0,0,0.00,0.00
NULL,1,"rjscaaloodh_aal aalo","Ignore",0.00,4,0,0.00,0,0,0.00,0.00
NULL,1,"rjscabhayapuriodh_bgg abhayapuri","Ignore",0.00,1,0,0.00,0,0,0.00,0.00
NULL,1,"rjscdimapurodh_dpr dimapur","Ignore",0.00,1,0,0.00,0,0,0.00,0.00
NULL,1,"rjscitanagarsplitodh_ito itanagar","Ignore",0.00,2,0,0.00,0,0,0.00,0.00
NULL,1,"rjscjalpaiguriodh_jpg maynaguri","Ignore",0.00,1,0,0.00,0,0,0.00,0.00
NULL,1,"rjscjowaiodh_jwa","Ignore",0.00,1,0,0.00,0,0,0.00,0.00
NULL,1,"rjscjowaiodh_jwa jowai","Ignore",0.00,1,0,0.00,0,0,0.00,0.00
NULL,1,"rjsckhliehriatmdh_khl","Ignore",0.00,1,0,0.00,0,0,0.00,0.00
NULL,1,"rjsckohimaodh_khm","Ignore",0.00,2,0,0.00,0,0,0.00,0.00
NULL,1,"rjsckohimaodh_khm kohima","Ignore",0.00,2,0,0.00,0,0,0.00,0.00
NULL,1,"rjsclungleiodh_lgl lunglei","Ignore",0.00,2,0,0.00,0,0,0.00,0.00
NULL,1,"rjscmatigarasplitodh_ixb matigara","Ignore",0.00,1,0,0.00,0,0,0.00,0.00
NULL,1,"rjscmatigarasplitodh_ixb2 naxalbari","Ignore",0.00,1,0,0.00,0,0,0.00,0.00
NULL,1,"rjscmawryngknengmdh_maw mawryngkneng","Ignore",0.00,1,0,0.00,0,0,0.00,0.00
NULL,1,"rjscmokokchungodh_mkk","Ignore",0.00,1,0,0.00,0,0,0.00,0.00
NULL,1,"rjscnaharlagunodh_nhl naharlagun","Ignore",0.00,5,0,0.00,0,0,0.00,0.00
NULL,1,"rjscrangmahalodh_rgm baihata","Ignore",0.00,1,0,0.00,0,0,0.00,0.00
NULL,1,"rjscsaihaodh_sai saiha","Ignore",0.00,1,0,0.00,0,0,0.00,0.00
NULL,1,"rjscshillongodh_shl","Ignore",0.00,1,0,0.00,0,0,0.00,0.00
NULL,1,"rjscshillongodh_shl shillong","Ignore",0.00,2,0,0.00,0,0,0.00,0.00
NULL,1,"rksa ji ji store dehradun","Ignore",0.00,1,0,0.00,0,0,0.00,0.00
NULL,1,"zunheboto","Ignore",0.00,0,0,0.00,1,0,0.00,14.80
NULL,1,"a tiwari store varanasi","Ignore",0.00,1,0,0.00,0,0,0.00,0.00
NULL,1,"a.j store new delhi","Ignore",0.00,4,0,0.00,0,0,0.00,0.00
NULL,1,"a.k. enterprises lucknow","Ignore",0.00,1,0,0.00,0,0,0.00,0.00
NULL,1,"a.s.enterprises krishnagiri","Ignore",0.00,1,0,0.00,0,0,0.00,0.00
NULL,1,"aaj rathinam tuticorin","Ignore",0.00,1,0,0.00,0,0,0.00,0.00
NULL,1,"aaliya tradars nagpur","Ignore",0.00,1,0,0.00,0,0,0.00,0.00
NULL,1,"aaqib ahmad meerut","Ignore",0.00,1,0,0.00,0,0,0.00,0.00
NULL,1,"aaradhna nivash house rajkot","Ignore",0.00,1,0,0.00,0,0,0.00,0.00
NULL,1,"aaradhya ladies tailer nashik","Ignore",0.00,2,0,0.00,0,0,0.00,0.00
NULL,1,"aarav enterprise nagpur","Ignore",0.00,3,0,0.00,0,0,0.00,0.00
NULL,1,"aarohi departmental store gurgaon","Ignore",0.00,1,0,0.00,0,0,0.00,0.00
NULL,1,"aarti store new delhi","Ignore",0.00,1,0,0.00,0,0,0.00,0.00
NULL,1,"aarush kirana atore saharanpur","Ignore",0.00,1,0,0.00,0,0,0.00,0.00
NULL,1,"aarush store new delhi","Ignore",0.00,0,0,0.00,1,0,0.00,15.32
NULL,1,"aavya enterprise mumbai","Ignore",0.00,1,0,0.00,0,0,0.00,0.00
NULL,1,"aayush kirana haldwani","Ignore",0.00,1,0,0.00,0,0,0.00,0.00
NULL,1,"abhanpur, abhanpur, chhattisgarh","Ignore",0.00,0,0,0.00,1,0,0.00,14.43
NULL,1,"abhanpurmdh_abn raipur","Ignore",0.00,1,0,0.00,1,0,0.00,15.48
NULL,1,"abhayapuri","Ignore",0.00,1,0,0.00,0,0,0.00,0.00
NULL,1,"abhi kirana roorkee","Ignore",0.00,1,0,0.00,0,0,0.00,0.00
NULL,1,"abhinandan gurgaon","Ignore",0.00,3,0,0.00,0,0,0.00,0.00
NULL,1,"abhishek coffee shop gwalior","Ignore",0.00,1,0,0.00,0,0,0.00,0.00
NULL,1,"abhishek dry cleaner varanasi","Ignore",0.00,1,0,0.00,0,0,0.00,0.00
NULL,1,"abhishek ekart logistics hamirpur","Ignore",0.00,1,0,0.00,0,0,0.00,0.00
NULL,1,"abhishek gandi parvathipuram","Ignore",0.00,1,0,0.00,0,0,0.00,0.00
NULL,1,"abodh shukla gurgaon","Ignore",0.00,2,0,0.00,0,0,0.00,0.00
NULL,1,"abohar","Ignore",0.00,1,0,0.00,0,0,0.00,0.00
NULL,1,"aboharhub_abh","Ignore",0.00,1,0,0.00,0,0,0.00,0.00
NULL,1,"abu road","Ignore",0.00,0,0,0.00,1,0,0.00,14.73
NULL,1,"achanta, achanta, andhra pradesh","Ignore",0.00,0,0,0.00,1,0,0.00,15.20
NULL,1,"adajan","Ignore",0.00,1,0,0.00,0,0,0.00,0.00
NULL,1,"adalajodh_adl gandhinagar","Ignore",0.00,1,0,0.00,0,0,0.00,0.00
NULL,1,"adampur1, adampur, punjab","Ignore",0.00,0,0,0.00,2,0,0.00,39.48
NULL,1,"adampurhub_jlr","Ignore",0.00,1,0,0.00,0,0,0.00,0.00
NULL,1,"adampurhub_jlr jalandhar","Ignore",0.00,7,0,0.00,0,0,0.00,0.00
NULL,1,"adapur, raxual, bihar","Ignore",0.00,1,0,0.00,0,0,0.00,0.00
NULL,1,"adarshnagar","Ignore",0.00,12,0,0.00,0,0,0.00,0.00
NULL,1,"adarshnagarhub_ajm","Ignore",0.00,1,0,0.00,0,0,0.00,0.00
NULL,1,"adarshnagarhub_ajm ajmer","Ignore",0.00,3,0,0.00,0,0,0.00,0.00
NULL,1,"adarshnagarhub_del","Ignore",0.00,2,0,0.00,0,0,0.00,0.00
NULL,1,"adarshnagarhub_del delhi","Ignore",0.00,17,0,0.00,0,0,0.00,0.00
NULL,1,"adensmanaodh_smn patiala","Ignore",0.00,1,0,0.00,0,0,0.00,0.00
NULL,1,"adilabad","Ignore",0.00,3,0,0.00,1,0,0.00,30.80
NULL,1,"adilabadhub_adb adilabad","Ignore",0.00,3,0,0.00,0,0,0.00,0.00
NULL,1,"adimali","Ignore",0.00,4,0,0.00,0,0,0.00,0.00
NULL,1,"adimalyhub_adl adimali","Ignore",0.00,3,0,0.00,1,0,0.00,16.69
NULL,1,"aditya choudhury gunupur","Ignore",0.00,1,0,0.00,0,0,0.00,0.00
NULL,1,"aditya telecom new delhi","Ignore",0.00,1,0,0.00,0,0,0.00,0.00
NULL,1,"adityapurhub_ixw jamshedpur","Ignore",0.00,1,0,0.00,0,0,0.00,0.00
NULL,1,"adoni","Ignore",0.00,1,0,0.00,0,0,0.00,0.00
NULL,1,"adoor","Ignore",0.00,5,0,0.00,0,0,0.00,0.00
NULL,1,"adoorhub_adr adoor","Ignore",0.00,3,0,0.00,2,0,0.00,15.99
NULL,1,"adra","Ignore",0.00,1,0,0.00,0,0,0.00,0.00
NULL,1,"adyal","Ignore",0.00,1,0,0.00,0,0,0.00,0.00
NULL,1,"adyar","Ignore",0.00,1,0,0.00,0,0,0.00,0.00
NULL,1,"aerocitymohalihub_ixc","Ignore",0.00,2,0,0.00,0,0,0.00,0.00
NULL,1,"aerocitymohalihub_ixc mohali","Ignore",0.00,12,0,0.00,0,0,0.00,0.00
NULL,1,"afeemkothihub_knu","Ignore",0.00,1,0,0.00,0,0,0.00,0.00
NULL,1,"afeemkothihub_knu kanpur","Ignore",0.00,1,0,0.00,0,0,0.00,0.00
NULL,1,"aganampudihub_vtz vishakapatnam","Ignore",0.00,4,0,0.00,0,0,0.00,0.00
NULL,1,"agartala etail pda","Ignore",0.00,0,0,0.00,7,0,0.00,31.48
NULL,1,"agartalacityodh_ixa agartala","Ignore",0.00,2,0,0.00,0,0,0.00,0.00
NULL,1,"agarwal ankit kirana store moradabad","Ignore",0.00,2,0,0.00,0,0,0.00,0.00
NULL,1,"aggarwal dairy gurgaon","Ignore",0.00,1,0,0.00,0,0,0.00,0.00
NULL,1,"agiaonmdh_jhd arrah","Ignore",0.00,1,0,0.00,0,0,0.00,0.00
NULL,1,"agnoor","Ignore",0.00,1,0,0.00,0,0,0.00,0.00
NULL,1,"agnoorhub_agn","Ignore",0.00,1,0,0.00,0,0,0.00,0.00
NULL,1,"agnoorhub_agn agnoor","Ignore",0.00,1,0,0.00,0,0,0.00,0.00
NULL,1,"agr/hub, agra, uttar pradesh","Ignore",0.00,1480,0,0.00,48,0,0.00,46.41
NULL,1,"agr/skdr, agra, uttar pradesh","Ignore",0.00,0,0,0.00,1,0,0.00,14.44
NULL,1,"agra hub agra","Ignore",0.00,10,0,0.00,1,0,0.00,14.45
NULL,1,"agra, agra, uttar pradesh","Ignore",0.00,2,0,0.00,0,0,0.00,0.00
NULL,1,"agroha, agroha, haryana","Ignore",0.00,0,0,0.00,1,0,0.00,20.24
NULL,1,"ahd cod center","Ignore",0.00,6,0,0.00,8,0,0.00,28.60
NULL,1,"ahiyachakmdh_ahy","Ignore",0.00,1,0,0.00,0,0,0.00,0.00
NULL,1,"ahiyachakmdh_ahy ahiyachak","Ignore",0.00,2,0,0.00,0,0,0.00,0.00
NULL,1,"ahknoorroad_ixj","Ignore",0.00,1,0,0.00,0,0,0.00,0.00
NULL,1,"ahknoorroad_ixj jammu","Ignore",0.00,8,0,0.00,0,0,0.00,0.00
NULL,1,"ahmad raza kirana new delhi","Ignore",0.00,2,0,0.00,0,0,0.00,0.00
NULL,1,"ahmadpur","Ignore",0.00,1,0,0.00,0,0,0.00,0.00
NULL,1,"ahmadpurhub_ahm ahmadpur","Ignore",0.00,1,0,0.00,0,0,0.00,0.00
NULL,1,"ahmedabad - ahd","Ignore",0.00,6,0,0.00,3,0,0.00,43.05
NULL,1,"ahmedabad, gujarat, in","Ignore",0.00,0,0,0.00,2,0,0.00,20.84
NULL,1,"ahmedabad, gujrat, in","Ignore",0.00,0,0,0.00,1,0,0.00,16.11
NULL,1,"ahmednagar","Ignore",0.00,10,0,0.00,0,0,0.00,0.00
NULL,1,"ahmednagar hub","Ignore",0.00,1,0,0.00,0,0,0.00,0.00
NULL,1,"ahmednagar hub ahmednagar","Ignore",0.00,3,0,0.00,0,0,0.00,0.00
NULL,1,"ahmednagar, ahmednagar, maharashtra","Ignore",0.00,5,0,0.00,0,0,0.00,0.00
NULL,1,"ahmednagar, maharashtra, in","Ignore",0.00,0,0,0.00,1,0,0.00,15.25
NULL,1,"aiimshub_del","Ignore",0.00,4,0,0.00,0,0,0.00,0.00
NULL,1,"aiimshub_del new delhi","Ignore",0.00,26,0,0.00,1,0,0.00,16.54
NULL,1,"ail","Ignore",0.00,7,0,0.00,0,0,0.00,0.00
NULL,1,"air hub","Ignore",0.00,1,0,0.00,0,0,0.00,0.00
NULL,1,"airoli service centre","Ignore",0.00,1,0,0.00,3,0,0.00,31.90
NULL,1,"airolihub_mum mumbai","Ignore",0.00,1,0,0.00,0,0,0.00,0.00
NULL,1,"airport hub","Ignore",0.00,1,0,0.00,0,0,0.00,0.00
NULL,1,"airport hub bengaluru","Ignore",0.00,15,0,0.00,0,0,0.00,0.00
NULL,1,"airport service centre","Ignore",0.00,2,0,0.00,1,0,0.00,15.08
NULL,1,"airportrdhub_hss hissar","Ignore",0.00,3,0,0.00,0,0,0.00,0.00
NULL,1,"aishbagh, lucknow, uttar pradesh","Ignore",0.00,0,0,0.00,1,0,0.00,37.35
NULL,1,"ajay goswami shivpuri","Ignore",0.00,1,0,0.00,0,0,0.00,0.00
NULL,1,"ajay hardware kanpur","Ignore",0.00,1,0,0.00,0,0,0.00,0.00
NULL,1,"ajay kirana ghaziabad","Ignore",0.00,1,0,0.00,0,0,0.00,0.00
NULL,1,"ajay kumar kangra","Ignore",0.00,1,0,0.00,0,0,0.00,0.00
NULL,1,"ajeet kirana store new delhi","Ignore",0.00,1,0,0.00,0,0,0.00,0.00
NULL,1,"ajitsinh adani kirana gandhinagar","Ignore",0.00,1,0,0.00,0,0,0.00,0.00
NULL,1,"ajmer hub","Ignore",0.00,2,0,0.00,0,0,0.00,0.00
NULL,1,"ajmer hub ajmer","Ignore",0.00,5,0,0.00,0,0,0.00,0.00
NULL,1,"ajmer, ajmer, rajasthan","Ignore",0.00,0,0,0.00,1,0,0.00,15.56
NULL,1,"ajnala","Ignore",0.00,3,0,0.00,0,0,0.00,0.00
NULL,1,"ajnalamdh_ajn","Ignore",0.00,1,0,0.00,0,0,0.00,0.00
NULL,1,"ajnalamdh_ajn ajnala","Ignore",0.00,3,0,0.00,0,0,0.00,0.00
NULL,1,"ajra","Ignore",0.00,1,0,0.00,0,0,0.00,0.00
NULL,1,"ajwahub_bdq","Ignore",0.00,2,0,0.00,0,0,0.00,0.00
NULL,1,"ajwahub_bdq vadodara","Ignore",0.00,13,0,0.00,0,0,0.00,0.00
NULL,1,"akbarpur knp, akbarpur kanpur dehat, uttar pradesh","Ignore",0.00,0,0,0.00,1,0,0.00,18.71
NULL,1,"akhnoor, akhnoor, jammu and kashmir","Ignore",0.00,0,0,0.00,1,0,0.00,15.81
NULL,1,"akkalkot, akkalkot, maharashtra","Ignore",0.00,0,0,0.00,1,0,0.00,38.89
NULL,1,"akluj","Ignore",0.00,5,0,0.00,1,0,0.00,15.97
NULL,1,"akluj, akluj, maharashtra","Ignore",0.00,2,0,0.00,0,0,0.00,0.00
NULL,1,"akola","Ignore",0.00,9,0,0.00,1,0,0.00,15.55
NULL,1,"akola, akola, maharashtra","Ignore",0.00,1,0,0.00,0,0,0.00,0.00
NULL,1,"akolahub_akd akola","Ignore",0.00,7,0,0.00,1,0,0.00,15.10
NULL,1,"akota","Ignore",0.00,2,0,0.00,0,0,0.00,0.00
NULL,1,"akota hub","Ignore",0.00,5,0,0.00,0,0,0.00,0.00
NULL,1,"akota hub vadodara","Ignore",0.00,40,0,0.00,0,0,0.00,0.00
NULL,1,"akotamdh_akt akota","Ignore",0.00,3,0,0.00,0,0,0.00,0.00
NULL,1,"akram cold drink ghaziabad","Ignore",0.00,1,0,0.00,0,0,0.00,0.00
NULL,1,"akshara jeswani indore","Ignore",0.00,1,0,0.00,0,0,0.00,0.00
NULL,1,"akshay store new delhi","Ignore",0.00,1,0,0.00,0,0,0.00,0.00
NULL,1,"alakh bhuj","Ignore",0.00,1,0,0.00,0,0,0.00,0.00
NULL,1,"alandihub_pune pune","Ignore",0.00,5,0,0.00,1,0,0.00,15.52
NULL,1,"alappuzha","Ignore",0.00,26,0,0.00,8,0,0.00,16.17
NULL,1,"alappuzha, kerala, in","Ignore",0.00,0,0,0.00,1,0,0.00,14.96
NULL,1,"alathur","Ignore",0.00,6,0,0.00,0,0,0.00,0.00
NULL,1,"ald/lh1, allahabad, uttar pradesh","Ignore",0.00,76,0,0.00,1,0,0.00,23.29
NULL,1,"ald/mpt, allahabad, uttar pradesh","Ignore",0.00,0,0,0.00,1,0,0.00,15.69
NULL,1,"ald/slr, allahabad, uttar pradesh","Ignore",0.00,1,0,0.00,1,0,0.00,39.58
NULL,1,"aleeppey hub","Ignore",0.00,2,0,0.00,0,0,0.00,0.00
NULL,1,"aleeppey hub alleppey","Ignore",0.00,3,0,0.00,0,0,0.00,0.00
NULL,1,"aleyamma home kottayam","Ignore",0.00,1,0,0.00,0,0,0.00,0.00
NULL,1,"alg/amu, aligarh, uttar pradesh","Ignore",0.00,0,0,0.00,1,0,0.00,14.33
NULL,1,"alibag","Ignore",0.00,4,0,0.00,0,0,0.00,0.00
NULL,1,"alibaghub_abg","Ignore",0.00,1,0,0.00,0,0,0.00,0.00
NULL,1,"alibaghub_abg alibag","Ignore",0.00,3,0,0.00,0,0,0.00,0.00
NULL,1,"alibaug","Ignore",0.00,0,0,0.00,4,0,0.00,15.45
NULL,1,"aliganj","Ignore",0.00,2,0,0.00,0,0,0.00,0.00
NULL,1,"aliganj hub","Ignore",0.00,2,0,0.00,0,0,0.00,0.00
NULL,1,"aliganj hub lucknow","Ignore",0.00,3,0,0.00,0,0,0.00,0.00
NULL,1,"aligarh, aligarh, uttar pradesh","Ignore",0.00,24,0,0.00,5,0,0.00,22.98
NULL,1,"alipur etail delivery","Ignore",0.00,2,0,0.00,1,0,0.00,14.95
NULL,1,"alipur hub","Ignore",0.00,1,0,0.00,0,0,0.00,0.00
NULL,1,"alipur hub delhi","Ignore",0.00,1,0,0.00,1,0,0.00,16.52
NULL,1,"alipurduar","Ignore",0.00,6,0,0.00,1,0,0.00,18.37
NULL,1,"alipurduar court, alipurduar, west bengal","Ignore",0.00,1,0,0.00,1,0,0.00,15.55
NULL,1,"alipurduarhub_adp alipurduar","Ignore",0.00,2,0,0.00,0,0,0.00,0.00
NULL,1,"alirajpur","Ignore",0.00,0,0,0.00,1,0,0.00,32.88
NULL,1,"alisha store new delhi","Ignore",0.00,1,0,0.00,0,0,0.00,0.00
NULL,1,"allagaddahub_agd banaganapalle","Ignore",0.00,2,0,0.00,0,0,0.00,0.00
NULL,1,"allahabad","Ignore",0.00,18,0,0.00,2,0,0.00,31.58
NULL,1,"allahabad - all","Ignore",0.00,1,0,0.00,0,0,0.00,0.00
NULL,1,"allahabad hub","Ignore",0.00,1,0,0.00,0,0,0.00,0.00
NULL,1,"allahabad hub allahabad","Ignore",0.00,4,0,0.00,0,0,0.00,0.00
NULL,1,"allahabad, allahabad, uttar pradesh","Ignore",0.00,1,0,0.00,2,0,0.00,15.47
NULL,1,"allahabad, uttar pradesh, in","Ignore",0.00,0,0,0.00,3,0,0.00,20.27
NULL,1,"almora","Ignore",0.00,0,0,0.00,1,0,0.00,35.98
NULL,1,"almora, uttarakhand, in","Ignore",0.00,1,0,0.00,0,0,0.00,0.00
NULL,1,"alok store new delhi","Ignore",0.00,2,0,0.00,0,0,0.00,0.00
NULL,1,"alot, alot, madhya pradesh","Ignore",0.00,0,0,0.00,2,0,0.00,14.94
NULL,1,"altaf upnagar nashik","Ignore",0.00,1,0,0.00,0,0,0.00,0.00
NULL,1,"althaf home belthangady","Ignore",0.00,1,0,0.00,0,0,0.00,0.00
NULL,1,"aluva","Ignore",0.00,9,0,0.00,0,0,0.00,0.00
NULL,1,"aluva hub aluva","Ignore",0.00,3,0,0.00,0,0,0.00,0.00
NULL,1,"aluwa","Ignore",0.00,22,0,0.00,0,0,0.00,0.00
NULL,1,"alvi general store new delhi","Ignore",0.00,3,0,0.00,0,0,0.00,0.00
NULL,1,"alwalhub_hyd hyderabad","Ignore",0.00,3,0,0.00,0,0,0.00,0.00
NULL,1,"alwar hub","Ignore",0.00,1,0,0.00,0,0,0.00,0.00
NULL,1,"alwar hub alwar","Ignore",0.00,3,0,0.00,0,0,0.00,0.00
NULL,1,"alwar, alwar, rajasthan","Ignore",0.00,5,0,0.00,4,0,0.00,15.19
NULL,1,"alwarpet","Ignore",0.00,2,0,0.00,1,0,0.00,14.38
NULL,1,"alwaye, kerala, in","Ignore",0.00,49,0,0.00,1,0,0.00,38.24
NULL,1,"am kirana store borsad","Ignore",0.00,1,0,0.00,0,0,0.00,0.00
NULL,1,"amadalavalasahub_skm","Ignore",0.00,1,0,0.00,0,0,0.00,0.00
NULL,1,"amadalavalasahub_skm srikakulam","Ignore",0.00,1,0,0.00,0,0,0.00,0.00
NULL,1,"amalapuram","Ignore",0.00,3,0,0.00,2,0,0.00,28.67
NULL,1,"amalapuram hub","Ignore",0.00,3,0,0.00,0,0,0.00,0.00
NULL,1,"amalapuram hub amalapuram","Ignore",0.00,1,0,0.00,0,0,0.00,0.00
NULL,1,"amalapuram, andhra pradesh, in","Ignore",0.00,0,0,0.00,1,0,0.00,25.34
NULL,1,"amalner","Ignore",0.00,1,0,0.00,0,0,0.00,0.00
NULL,1,"aman mobile world ghaziabad","Ignore",0.00,1,0,0.00,0,0,0.00,0.00
NULL,1,"amanganj","Ignore",0.00,1,0,0.00,0,0,0.00,0.00
NULL,1,"amanganjmdh_amn amanganj","Ignore",0.00,0,0,0.00,1,0,0.00,14.66
NULL,1,"amaravathiputhur, amaravathiputhur, tamil nadu","Ignore",0.00,1,0,0.00,0,0,0.00,0.00
NULL,1,"amaravathiroadhub_amt","Ignore",0.00,3,0,0.00,0,0,0.00,0.00
NULL,1,"amaravathiroadhub_amt sitaramnagar","Ignore",0.00,10,0,0.00,0,0,0.00,0.00
NULL,1,"amarjot telecom patiala","Ignore",0.00,2,0,0.00,0,0,0.00,0.00
NULL,1,"amarnath prasad home rfk barkatha","Ignore",0.00,1,0,0.00,0,0,0.00,0.00
NULL,1,"amazekagalodh_kag","Ignore",0.00,1,0,0.00,0,0,0.00,0.00
NULL,1,"amazekagalodh_kag kagal","Ignore",0.00,2,0,0.00,0,0,0.00,0.00
NULL,1,"amazeshikrapurodh_skp shikrapur","Ignore",0.00,1,0,0.00,0,0,0.00,0.00
NULL,1,"amb s.o","Ignore",0.00,2,0,0.00,0,0,0.00,0.00
NULL,1,"amb/sa-gdm, ambur, tamil nadu","Ignore",0.00,1,0,0.00,1,0,0.00,14.38
NULL,1,"ambadathu house thrissur","Ignore",0.00,2,0,0.00,0,0,0.00,0.00
NULL,1,"ambadodh_nsk nashik","Ignore",0.00,3,0,0.00,0,0,0.00,0.00
NULL,1,"ambala hub","Ignore",0.00,23,0,0.00,3,0,0.00,49.85
NULL,1,"ambala hub ambala","Ignore",0.00,8,0,0.00,0,0,0.00,0.00
NULL,1,"ambalamukkuhub_trv","Ignore",0.00,1,0,0.00,1,0,0.00,19.02
NULL,1,"ambalamukkuhub_trv trivandrum","Ignore",0.00,9,0,0.00,1,0,0.00,14.72
NULL,1,"ambalappuzhahub_apz alleppey","Ignore",0.00,1,0,0.00,0,0,0.00,0.00
NULL,1,"ambalapuzha","Ignore",0.00,0,0,0.00,1,0,0.00,14.97
NULL,1,"ambasamudramhub_ams tirunelveli","Ignore",0.00,2,0,0.00,0,0,0.00,0.00
NULL,1,"ambattur","Ignore",0.00,2,0,0.00,1,0,0.00,15.10
NULL,1,"ambedkar chowk pud center","Ignore",0.00,1,0,0.00,0,0,0.00,0.00
NULL,1,"ambegaon","Ignore",0.00,2,0,0.00,0,0,0.00,0.00
NULL,1,"ambegaon, pune, maharashtra","Ignore",0.00,1,0,0.00,0,0,0.00,0.00
NULL,1,"ambegaonhub_amb","Ignore",0.00,1,0,0.00,0,0,0.00,0.00
NULL,1,"ambegaonhub_amb ambegaon","Ignore",0.00,2,0,0.00,0,0,0.00,0.00
NULL,1,"ambejogai","Ignore",0.00,0,0,0.00,1,0,0.00,15.75
NULL,1,"ambernath","Ignore",0.00,0,0,0.00,9,0,0.00,15.30
NULL,1,"amberpethub_hyd","Ignore",0.00,1,0,0.00,0,0,0.00,0.00
NULL,1,"amberpethub_hyd hyderabad","Ignore",0.00,6,0,0.00,0,0,0.00,0.00
NULL,1,"ambikakalnahub_abk ambika kalna","Ignore",0.00,1,0,0.00,0,0,0.00,0.00
NULL,1,"ambikapur","Ignore",0.00,4,0,0.00,0,0,0.00,0.00
NULL,1,"ambur, ambur, tamil nadu","Ignore",0.00,3,0,0.00,0,0,0.00,0.00
NULL,1,"amd/bpl-tml, ahmedabad, gujarat","Ignore",0.00,1,0,0.00,0,0,0.00,0.00
NULL,1,"amd/nrp, ahmedabad, gujarat","Ignore",0.00,2,0,0.00,1,0,0.00,49.96
NULL,1,"amd/rkl, ahmedabad, gujarat","Ignore",0.00,3,0,0.00,3,0,0.00,33.60
NULL,1,"amd/thl, ahmedabad, gujarat","Ignore",0.00,1,0,0.00,1,0,0.00,15.63
NULL,1,"ameenpurhub_hyd hyderabad","Ignore",0.00,1,0,0.00,0,0,0.00,0.00
NULL,1,"amethi","Ignore",0.00,3,0,0.00,1,0,0.00,14.57
NULL,1,"amethihub_ame amethi","Ignore",0.00,1,0,0.00,0,0,0.00,0.00
NULL,1,"amgao","Ignore",0.00,1,0,0.00,0,0,0.00,0.00
NULL,1,"amgaonmdh_amg amgao","Ignore",0.00,1,0,0.00,0,0,0.00,0.00
NULL,1,"amigo ernakulam","Ignore",0.00,1,0,0.00,0,0,0.00,0.00
NULL,1,"amit kalambate ajra","Ignore",0.00,1,0,0.00,0,0,0.00,0.00
NULL,1,"amit kirana store rohtak","Ignore",0.00,1,0,0.00,0,0,0.00,0.00
NULL,1,"amitvats store bahadurgarh","Ignore",0.00,2,0,0.00,0,0,0.00,0.00
NULL,1,"ammanagari sudhakar sangareddy","Ignore",0.00,0,0,0.00,1,0,0.00,16.65
NULL,1,"ammu store salem","Ignore",0.00,1,0,0.00,0,0,0.00,0.00
NULL,1,"amrapata","Ignore",0.00,0,0,0.00,1,0,0.00,39.59
NULL,1,"amravati","Ignore",0.00,10,0,0.00,3,0,0.00,14.70
NULL,1,"amravati hub","Ignore",0.00,2,0,0.00,0,0,0.00,0.00
NULL,1,"amravati hub amravati","Ignore",0.00,10,0,0.00,0,0,0.00,0.00
NULL,1,"amravati, amravati, maharashtra","Ignore",0.00,13,0,0.00,1,0,0.00,20.29
NULL,1,"amreli","Ignore",0.00,3,0,0.00,1,0,0.00,15.27
NULL,1,"amrit kumar kurukshetra","Ignore",0.00,1,0,0.00,0,0,0.00,0.00
NULL,1,"amritsar (amrt)","Ignore",0.00,1,0,0.00,0,0,0.00,0.00
NULL,1,"amritsar hub","Ignore",0.00,36,0,0.00,5,0,0.00,31.73
NULL,1,"amritsar hub amritsar","Ignore",0.00,4,0,0.00,0,0,0.00,0.00
NULL,1,"amritsar outer","Ignore",0.00,0,0,0.00,1,0,0.00,32.62
NULL,1,"amritsar, amritsar, punjab","Ignore",0.00,12,0,0.00,1,0,0.00,19.67
NULL,1,"amritsar, punjab, in","Ignore",0.00,2,0,0.00,0,0,0.00,0.00
NULL,1,"amroha1, amroha, uttar pradesh","Ignore",0.00,0,0,0.00,2,0,0.00,31.32
NULL,1,"amrohahub_aoa","Ignore",0.00,1,0,0.00,0,0,0.00,0.00
NULL,1,"amrohahub_aoa amroha","Ignore",0.00,3,0,0.00,0,0,0.00,0.00
NULL,1,"amtala bdel","Ignore",0.00,0,0,0.00,4,0,0.00,15.05
NULL,1,"anahita gift shop new delhi","Ignore",0.00,1,0,0.00,0,0,0.00,0.00
NULL,1,"anakapalli","Ignore",0.00,2,0,0.00,0,0,0.00,0.00
NULL,1,"anakapallihub_akp anakapalli","Ignore",0.00,2,0,0.00,0,0,0.00,0.00
NULL,1,"anand","Ignore",0.00,7,0,0.00,1,0,0.00,16.81
NULL,1,"anand dairy new delhi","Ignore",0.00,1,0,0.00,0,0,0.00,0.00
NULL,1,"anand hub anand","Ignore",0.00,3,0,0.00,1,0,0.00,15.89
NULL,1,"anand vihar hub","Ignore",0.00,18,0,0.00,0,0,0.00,0.00
NULL,1,"anand vihar hub delhi","Ignore",0.00,51,0,0.00,0,0,0.00,0.00
NULL,1,"anand, anand, gujarat","Ignore",0.00,3,0,0.00,3,0,0.00,15.17
NULL,1,"anand, gujarat, in","Ignore",0.00,1,0,0.00,0,0,0.00,0.00
NULL,1,"anandapur","Ignore",0.00,3,0,0.00,0,0,0.00,0.00
NULL,1,"ananthapur","Ignore",0.00,6,0,0.00,0,0,0.00,0.00
NULL,1,"ananthapur, andhra pradesh, in","Ignore",0.00,1,0,0.00,0,0,0.00,0.00
NULL,1,"ananthapurhub_atp","Ignore",0.00,1,0,0.00,0,0,0.00,0.00
NULL,1,"ananthapurhub_atp ananthapur","Ignore",0.00,6,0,0.00,0,0,0.00,0.00
NULL,1,"anantnag1, anantnag, jammu and kashmir","Ignore",0.00,0,0,0.00,1,0,0.00,14.38
NULL,1,"anbu agency coimbatore","Ignore",0.00,1,0,0.00,0,0,0.00,0.00
NULL,1,"anchal tiwari allahabad","Ignore",0.00,1,0,0.00,0,0,0.00,0.00
NULL,1,"ancharakandy, kerala, in","Ignore",0.00,7,0,0.00,0,0,0.00,0.00
NULL,1,"andal, asansol, west bengal","Ignore",0.00,1,0,0.00,0,0,0.00,0.00
NULL,1,"andarhub_swn siwan","Ignore",0.00,2,0,0.00,0,0,0.00,0.00
NULL,1,"andheri hub mumbai","Ignore",0.00,8,0,0.00,0,0,0.00,0.00
NULL,1,"andheri west s/c","Ignore",0.00,6,0,0.00,2,0,0.00,15.57
NULL,1,"andheriwesthub_mum","Ignore",0.00,8,0,0.00,0,0,0.00,0.00
NULL,1,"andheriwesthub_mum mumbai","Ignore",0.00,57,0,0.00,3,0,0.00,16.34
NULL,1,"angamally","Ignore",0.00,1,0,0.00,2,0,0.00,15.53
NULL,1,"angara, tatisilway, jharkhand","Ignore",0.00,0,0,0.00,1,0,0.00,44.32
NULL,1,"angul","Ignore",0.00,4,0,0.00,0,0,0.00,0.00
NULL,1,"anil genral store gorakhpur","Ignore",0.00,1,0,0.00,0,0,0.00,0.00
NULL,1,"anil gond kirana store faizabad","Ignore",0.00,1,0,0.00,0,0,0.00,0.00
NULL,1,"anil kirana store gurgaon","Ignore",0.00,2,0,0.00,1,0,0.00,15.71
NULL,1,"anil kumar sultanpur","Ignore",0.00,1,0,0.00,0,0,0.00,0.00
NULL,1,"anish kumar faridabad","Ignore",0.00,2,0,0.00,0,0,0.00,0.00
NULL,1,"anishabadhub_pat patna","Ignore",0.00,2,0,0.00,0,0,0.00,0.00
NULL,1,"anita store gurgaon","Ignore",0.00,1,0,0.00,0,0,0.00,0.00
NULL,1,"anjar","Ignore",0.00,8,0,0.00,2,0,0.00,15.13
NULL,1,"anjarakandyhub_anj thalassery","Ignore",0.00,1,0,0.00,0,0,0.00,0.00
NULL,1,"anjarhub_anj","Ignore",0.00,1,0,0.00,0,0,0.00,0.00
NULL,1,"anjarhub_anj anjar","Ignore",0.00,8,0,0.00,0,0,0.00,0.00
NULL,1,"ankali, ankali, karnataka","Ignore",0.00,0,0,0.00,1,0,0.00,35.60
NULL,1,"ankit kumar gautam buddha nagar","Ignore",0.00,1,0,0.00,0,0,0.00,0.00
NULL,1,"ankleshwar","Ignore",0.00,4,0,0.00,0,0,0.00,0.00
NULL,1,"ankola","Ignore",0.00,1,0,0.00,0,0,0.00,0.00
NULL,1,"ankolahub_ank ankola","Ignore",0.00,1,0,0.00,0,0,0.00,0.00
NULL,1,"anmol coaching greater noida","Ignore",0.00,3,0,0.00,0,0,0.00,0.00
NULL,1,"annapurnaasansolsplitodh_asn asansol","Ignore",0.00,2,0,0.00,0,0,0.00,0.00
NULL,1,"annapurnadankuniodh_kol hooghly","Ignore",0.00,1,0,0.00,0,0,0.00,0.00
NULL,1,"annapurnamurbadodh_mrb murbad","Ignore",0.00,2,0,0.00,0,0,0.00,0.00
NULL,1,"annapurnashajapurodh_sjp","Ignore",0.00,1,0,0.00,0,0,0.00,0.00
NULL,1,"annapurnashajapurodh_sjp shajapur","Ignore",0.00,2,0,0.00,0,0,0.00,0.00
NULL,1,"annapurnasonaiodh_sni sonai","Ignore",0.00,4,0,0.00,0,0,0.00,0.00
NULL,1,"annapurnavidishaodh_vds vidisha","Ignore",0.00,1,0,0.00,0,0,0.00,0.00
NULL,1,"annapurnawaidhanodh_wdn","Ignore",0.00,1,0,0.00,0,0,0.00,0.00
NULL,1,"annapurnawaidhanodh_wdn waidhan","Ignore",0.00,1,0,0.00,0,0,0.00,0.00
NULL,1,"annur","Ignore",0.00,1,0,0.00,0,0,0.00,0.00
NULL,1,"annurhub_ann annur","Ignore",0.00,1,0,0.00,0,0,0.00,0.00
NULL,1,"anp/hub, anantapur, andhra pradesh","Ignore",0.00,41,0,0.00,0,0,0.00,0.00
NULL,1,"anpara","Ignore",0.00,1,0,0.00,0,0,0.00,0.00
NULL,1,"antariksh bhavan","Ignore",0.00,4,0,0.00,2,0,0.00,15.20
NULL,1,"anugrah kujur home jamshedpur","Ignore",0.00,1,0,0.00,0,0,0.00,0.00
NULL,1,"anugul","Ignore",0.00,0,0,0.00,3,0,0.00,15.47
NULL,1,"anuj general store lucknow","Ignore",0.00,1,0,0.00,0,0,0.00,0.00
NULL,1,"anupgarh","Ignore",0.00,1,0,0.00,0,0,0.00,0.00
NULL,1,"aonlamdh_bry aliganj","Ignore",0.00,2,0,0.00,0,0,0.00,0.00
NULL,1,"apcolonymdh_gay gaya","Ignore",0.00,1,0,0.00,0,0,0.00,0.00
NULL,1,"apspqrs","Ignore",0.00,1,0,0.00,0,0,0.00,0.00
NULL,1,"arakkonam","Ignore",0.00,4,0,0.00,1,0,0.00,21.30
NULL,1,"arakkonam reach","Ignore",0.00,1,0,0.00,3,0,0.00,15.60
NULL,1,"arakkonamhub_akm arakkonam","Ignore",0.00,1,0,0.00,0,0,0.00,0.00
NULL,1,"arambagh","Ignore",0.00,2,0,0.00,3,0,0.00,14.68
NULL,1,"arambaghhub_amb arambagh","Ignore",0.00,1,0,0.00,0,0,0.00,0.00
NULL,1,"araria","Ignore",0.00,1,0,0.00,0,0,0.00,0.00
NULL,1,"arariahub_arr araria","Ignore",0.00,1,0,0.00,0,0,0.00,0.00
NULL,1,"arcot","Ignore",0.00,4,0,0.00,0,0,0.00,0.00
NULL,1,"arcothub_arc","Ignore",0.00,1,0,0.00,0,0,0.00,0.00
NULL,1,"arcothub_arc arcot","Ignore",0.00,4,0,0.00,0,0,0.00,0.00
NULL,1,"areecode","Ignore",0.00,1,0,0.00,1,0,0.00,28.08
NULL,1,"areecodehub_arc areecode","Ignore",0.00,1,0,0.00,0,0,0.00,0.00
NULL,1,"arekerehub_blr","Ignore",0.00,3,0,0.00,0,0,0.00,0.00
NULL,1,"arekerehub_blr bengaluru","Ignore",0.00,10,0,0.00,0,0,0.00,0.00
NULL,1,"arepally","Ignore",0.00,1,0,0.00,0,0,0.00,0.00
NULL,1,"arepallyodh_apy arepally","Ignore",0.00,1,0,0.00,0,0,0.00,0.00
NULL,1,"ariyalur","Ignore",0.00,1,0,0.00,0,0,0.00,0.00
NULL,1,"ariyalurhub_ari","Ignore",0.00,1,0,0.00,0,0,0.00,0.00
NULL,1,"ariyalurhub_ari ariyalur","Ignore",0.00,1,0,0.00,0,0,0.00,0.00
NULL,1,"arkan and sons ahmedabad","Ignore",0.00,1,0,0.00,0,0,0.00,0.00
NULL,1,"arki, darlaghat, himachal pradesh","Ignore",0.00,0,0,0.00,1,0,0.00,14.75
NULL,1,"armoorhub_arm nizamabad","Ignore",0.00,1,0,0.00,0,0,0.00,0.00
NULL,1,"arni","Ignore",0.00,1,0,0.00,0,0,0.00,0.00
NULL,1,"arora general store ghaziabad","Ignore",0.00,1,0,0.00,0,0,0.00,0.00
NULL,1,"arpuda mary home bangalore","Ignore",0.00,1,0,0.00,0,0,0.00,0.00
NULL,1,"arr enterprise huzur","Ignore",0.00,1,0,0.00,0,0,0.00,0.00
NULL,1,"arrah","Ignore",0.00,3,0,0.00,0,0,0.00,0.00
NULL,1,"arrah, arrah, bihar","Ignore",0.00,0,0,0.00,1,0,0.00,19.69
NULL,1,"arrahhub_arh arrah","Ignore",0.00,2,0,0.00,0,0,0.00,0.00
NULL,1,"arsikere","Ignore",0.00,0,0,0.00,1,0,0.00,35.00
NULL,1,"arti kirna store dhampur","Ignore",0.00,1,0,0.00,0,0,0.00,0.00
NULL,1,"arti store new delhi","Ignore",0.00,1,0,0.00,0,0,0.00,0.00
NULL,1,"arun enterprises thane","Ignore",0.00,1,0,0.00,0,0,0.00,0.00
NULL,1,"arun m v home trivandrum","Ignore",0.00,1,0,0.00,0,0,0.00,0.00
NULL,1,"arunakumari store rajahmundry","Ignore",0.00,1,0,0.00,0,0,0.00,0.00
NULL,1,"arvimdh_arv wardha","Ignore",0.00,1,0,0.00,0,0,0.00,0.00
NULL,1,"arvind kumar rudrapur","Ignore",0.00,1,0,0.00,0,0,0.00,0.00
NULL,1,"arvind salve virar","Ignore",0.00,1,0,0.00,0,0,0.00,0.00
NULL,1,"arvind store new delhi","Ignore",0.00,1,0,0.00,0,0,0.00,0.00
NULL,1,"arwal","Ignore",0.00,1,0,0.00,0,0,0.00,0.00
NULL,1,"arya book stall rfk trivandrum","Ignore",0.00,1,0,0.00,0,0,0.00,0.00
NULL,1,"arzoo irfan shaikh mumbai","Ignore",0.00,1,0,0.00,0,0,0.00,0.00
NULL,1,"asansol bdel","Ignore",0.00,0,0,0.00,5,0,0.00,15.83
NULL,1,"asansol hub asansol","Ignore",0.00,2,0,0.00,0,0,0.00,0.00
NULL,1,"asansol1, asansol, west bengal","Ignore",0.00,1,0,0.00,4,0,0.00,14.99
NULL,1,"asansol2, asansol, west bengal","Ignore",0.00,0,0,0.00,1,0,0.00,14.29
NULL,1,"ashifa a kannur","Ignore",0.00,1,0,0.00,0,0,0.00,0.00
NULL,1,"ashok batala","Ignore",0.00,1,0,0.00,0,0,0.00,0.00
NULL,1,"ashok gift store panipat","Ignore",0.00,2,0,0.00,0,0,0.00,0.00
NULL,1,"ashok kumar new delhi","Ignore",0.00,2,0,0.00,0,0,0.00,0.00
NULL,1,"ashok nagar","Ignore",0.00,1,0,0.00,0,0,0.00,0.00
NULL,1,"ashoknagarhub_akn","Ignore",0.00,1,0,0.00,0,0,0.00,0.00
NULL,1,"ashoknagarhub_pat","Ignore",0.00,1,0,0.00,0,0,0.00,0.00
NULL,1,"ashoknagarhub_pat patna","Ignore",0.00,2,0,0.00,0,0,0.00,0.00
NULL,1,"ashokviharhub_del","Ignore",0.00,10,0,0.00,0,0,0.00,0.00
NULL,1,"ashokviharhub_del new delhi","Ignore",0.00,27,0,0.00,0,0,0.00,0.00
NULL,1,"ashramhub_del","Ignore",0.00,6,0,0.00,0,0,0.00,0.00
NULL,1,"ashramhub_del delhi","Ignore",0.00,25,0,0.00,0,0,0.00,0.00
NULL,1,"ashtamh, ashta mh, maharashtra","Ignore",0.00,1,0,0.00,0,0,0.00,0.00
NULL,1,"ashu balani ghaziabad","Ignore",0.00,1,0,0.00,0,0,0.00,0.00
NULL,1,"ashwani kumar patna","Ignore",0.00,1,0,0.00,0,0,0.00,0.00
NULL,1,"ashwani kumar store new delhi","Ignore",0.00,2,0,0.00,0,0,0.00,0.00
NULL,1,"asif store jaipur","Ignore",0.00,1,0,0.00,0,0,0.00,0.00
NULL,1,"asija associates new delhi","Ignore",0.00,1,0,0.00,0,0,0.00,0.00
NULL,1,"aska, aska, orissa","Ignore",0.00,0,0,0.00,1,0,0.00,40.43
NULL,1,"askn","Ignore",0.00,2,0,0.00,14,0,0.00,15.13
NULL,1,"assand","Ignore",0.00,0,0,0.00,1,0,0.00,14.70
NULL,1,"astichak","Ignore",0.00,1,0,0.00,0,0,0.00,0.00
NULL,1,"asureswarmdh_knp kendarapara","Ignore",0.00,1,0,0.00,0,0,0.00,0.00
NULL,1,"ateeque sayyed enterprise ambernath","Ignore",0.00,1,0,0.00,0,0,0.00,0.00
NULL,1,"atelimdh_atl narnaul","Ignore",0.00,1,0,0.00,0,0,0.00,0.00
NULL,1,"athaniodh_atn","Ignore",0.00,1,0,0.00,0,0,0.00,0.00
NULL,1,"athaniodh_atn belgaum","Ignore",0.00,2,0,0.00,0,0,0.00,0.00
NULL,1,"atharv kirana and general store ambad","Ignore",0.00,1,0,0.00,0,0,0.00,0.00
NULL,1,"atharva ganesh bhandar pune","Ignore",0.00,2,0,0.00,0,0,0.00,0.00
NULL,1,"atheha, pratapgarh, uttar pradesh","Ignore",0.00,0,0,0.00,1,0,0.00,14.36
NULL,1,"atif general store new delhi","Ignore",0.00,1,0,0.00,0,0,0.00,0.00
NULL,1,"atrauli","Ignore",0.00,0,0,0.00,1,0,0.00,20.77
NULL,1,"attabira","Ignore",0.00,1,0,0.00,0,0,0.00,0.00
NULL,1,"attabira office","Ignore",0.00,0,0,0.00,1,0,0.00,14.40
NULL,1,"attabiramdh_att attabira","Ignore",0.00,1,0,0.00,0,0,0.00,0.00
NULL,1,"attapur","Ignore",0.00,0,0,0.00,1,0,0.00,16.30
NULL,1,"attar manzil latur","Ignore",0.00,1,0,0.00,0,0,0.00,0.00
NULL,1,"attari, attari, punjab","Ignore",0.00,0,0,0.00,1,0,0.00,37.15
NULL,1,"attavara service centre","Ignore",0.00,20,0,0.00,3,0,0.00,15.40
NULL,1,"attili, attili, andhra pradesh","Ignore",0.00,0,0,0.00,1,0,0.00,38.36
NULL,1,"attingal","Ignore",0.00,5,0,0.00,0,0,0.00,0.00
NULL,1,"attingalhub_aal","Ignore",0.00,2,0,0.00,0,0,0.00,0.00
NULL,1,"attingalhub_aal attingal","Ignore",0.00,4,0,0.00,1,0,0.00,15.03
NULL,1,"attur","Ignore",0.00,7,0,0.00,0,0,0.00,0.00
NULL,1,"atturhub_aur","Ignore",0.00,1,0,0.00,0,0,0.00,0.00
NULL,1,"atturhub_aur attur","Ignore",0.00,6,0,0.00,0,0,0.00,0.00
NULL,1,"atul bansal karnal","Ignore",0.00,1,0,0.00,0,0,0.00,0.00
NULL,1,"aur/hub, aurangabad, maharashtra","Ignore",0.00,104,0,0.00,12,0,0.00,48.04
NULL,1,"auraimdh_mzf pupri","Ignore",0.00,1,0,0.00,0,0,0.00,0.00
NULL,1,"auraiya","Ignore",0.00,2,0,0.00,0,0,0.00,0.00
NULL,1,"auraiyahub_ary auraiya","Ignore",0.00,2,0,0.00,0,0,0.00,0.00
NULL,1,"aurangabad bh ufo","Ignore",0.00,0,0,0.00,1,0,0.00,31.02
NULL,1,"aurangabad br","Ignore",0.00,1,0,0.00,0,0,0.00,0.00
NULL,1,"aurangabad hub aurangabad","Ignore",0.00,9,0,0.00,0,0,0.00,0.00
NULL,1,"aurangabad mh - aur","Ignore",0.00,0,0,0.00,1,0,0.00,22.37
NULL,1,"aurangabad mini hub","Ignore",0.00,137,0,0.00,6,0,0.00,24.77
NULL,1,"aurangabad, aurangabad, maharashtra","Ignore",0.00,1,0,0.00,0,0,0.00,0.00
NULL,1,"aurangabadbiharhub_awb aurangabad","Ignore",0.00,2,0,0.00,0,0,0.00,0.00
NULL,1,"ausa","Ignore",0.00,0,0,0.00,2,0,0.00,28.10
NULL,1,"avadi","Ignore",0.00,21,0,0.00,4,0,0.00,14.95
NULL,1,"avalpoonthuraihub_erd erode","Ignore",0.00,2,0,0.00,0,0,0.00,0.00
NULL,1,"avaneesh kirana store jahangirabad","Ignore",0.00,1,0,0.00,0,0,0.00,0.00
NULL,1,"avantika kirana store chandigarh","Ignore",0.00,1,0,0.00,0,0,0.00,0.00
NULL,1,"avinashi road hub coimbatore","Ignore",0.00,9,0,0.00,0,0,0.00,0.00
NULL,1,"avkash raj kumar nishad store rajapur allahabad","Ignore",0.00,1,0,0.00,0,0,0.00,0.00
NULL,1,"ayodhya, ayodhya, uttar pradesh","Ignore",0.00,2,0,0.00,2,0,0.00,18.90
NULL,1,"ayoorhub_ayr kollam","Ignore",0.00,1,0,0.00,0,0,0.00,0.00
NULL,1,"ayyanthole","Ignore",0.00,13,0,0.00,0,0,0.00,0.00
NULL,1,"ayyantholehub_ayy ayyanthole","Ignore",0.00,5,0,0.00,1,0,0.00,14.51
NULL,1,"azadnagarhub_knu kanpur","Ignore",0.00,3,0,0.00,0,0,0.00,0.00
NULL,1,"azadpur etail location","Ignore",0.00,5,0,0.00,1,0,0.00,14.97
NULL,1,"azamgarh","Ignore",0.00,1,0,0.00,2,0,0.00,16.92
NULL,1,"azamgarh, azamgarh, uttar pradesh","Ignore",0.00,0,0,0.00,1,0,0.00,14.55
NULL,1,"azamgarhhub_azm azamgarh","Ignore",0.00,1,0,0.00,0,0,0.00,0.00
NULL,1,"azarahub_gau","Ignore",0.00,1,0,0.00,0,0,0.00,0.00
NULL,1,"azarahub_gau guwahati","Ignore",0.00,1,0,0.00,0,0,0.00,0.00
NULL,1,"azg/sidhari, azamgarh, uttar pradesh","Ignore",0.00,0,0,0.00,3,0,0.00,14.72
NULL,1,"azmatgarh","Ignore",0.00,1,0,0.00,0,0,0.00,0.00
NULL,1,"b2_cb visnagar","Ignore",0.00,1,0,0.00,0,0,0.00,0.00
NULL,1,"baarh office","Ignore",0.00,0,0,0.00,1,0,0.00,14.70
NULL,1,"baba cake gautam buddha nagar","Ignore",0.00,1,0,0.00,0,0,0.00,0.00
NULL,1,"baba kirana store bhopal","Ignore",0.00,1,0,0.00,0,0,0.00,0.00
NULL,1,"baba store new delhi","Ignore",0.00,1,0,0.00,0,0,0.00,0.00
NULL,1,"babina","Ignore",0.00,1,0,0.00,0,0,0.00,0.00
NULL,1,"babita store new delhi","Ignore",0.00,1,0,0.00,0,0,0.00,0.00
NULL,1,"babli store new delhi","Ignore",0.00,1,0,0.00,0,0,0.00,0.00
NULL,1,"bablu store new delhi","Ignore",0.00,0,0,0.00,1,0,0.00,14.31
NULL,1,"babnamdh_frr farrukhabad","Ignore",0.00,2,0,0.00,0,0,0.00,0.00
NULL,1,"bacheliodh_bac dantewara","Ignore",0.00,1,0,0.00,0,0,0.00,0.00
NULL,1,"bachupally pud centre","Ignore",0.00,1,0,0.00,0,0,0.00,0.00
NULL,1,"badarpur","Ignore",0.00,1,0,0.00,0,0,0.00,0.00
NULL,1,"badarpur, badarpur, assam","Ignore",0.00,0,0,0.00,1,0,0.00,14.62
NULL,1,"badaun","Ignore",0.00,3,0,0.00,0,0,0.00,0.00
NULL,1,"badaunhub_bun badaun","Ignore",0.00,2,0,0.00,0,0,0.00,0.00
NULL,1,"badayun, badayun, uttar pradesh","Ignore",0.00,0,0,0.00,1,0,0.00,15.06
NULL,1,"baddi","Ignore",0.00,6,0,0.00,1,0,0.00,28.38
NULL,1,"baddihub_bdi baddi","Ignore",0.00,5,0,0.00,0,0,0.00,0.00
NULL,1,"badheri","Ignore",0.00,1,0,0.00,0,0,0.00,0.00
NULL,1,"badi sadri, badi sadri, rajasthan","Ignore",0.00,0,0,0.00,1,0,0.00,14.30
NULL,1,"badkalhub_del ballabhgarh","Ignore",0.00,8,0,0.00,0,0,0.00,0.00
NULL,1,"badnera, badnera, maharashtra","Ignore",0.00,0,0,0.00,2,0,0.00,16.79
NULL,1,"badshahpur hub","Ignore",0.00,6,0,0.00,0,0,0.00,0.00
NULL,1,"badvel","Ignore",0.00,3,0,0.00,0,0,0.00,0.00
NULL,1,"badvelodh_pdt badvel","Ignore",0.00,2,0,0.00,1,0,0.00,14.66
NULL,1,"bagalurmdh_bgr krishnagiri","Ignore",0.00,1,0,0.00,0,0,0.00,0.00
NULL,1,"bagepalli","Ignore",0.00,2,0,0.00,0,0,0.00,0.00
NULL,1,"bagepallihub_bpl bagepalli","Ignore",0.00,2,0,0.00,0,0,0.00,0.00
NULL,1,"baghapuranahub_mog moga 1","Ignore",0.00,1,0,0.00,0,0,0.00,0.00
NULL,1,"baghmara, dhanbad, jharkhand","Ignore",0.00,0,0,0.00,1,0,0.00,15.34
NULL,1,"baghpat","Ignore",0.00,0,0,0.00,2,0,0.00,14.60
NULL,1,"bagli","Ignore",0.00,1,0,0.00,0,0,0.00,0.00
NULL,1,"bagodar","Ignore",0.00,1,0,0.00,0,0,0.00,0.00
NULL,1,"bagodarodh_pnm","Ignore",0.00,1,0,0.00,0,0,0.00,0.00
NULL,1,"bagodarodh_pnm bagodar","Ignore",0.00,1,0,0.00,0,0,0.00,0.00
NULL,1,"bagru, bagru, rajasthan","Ignore",0.00,1,0,0.00,1,0,0.00,14.60
NULL,1,"bahadurgarh","Ignore",0.00,6,0,0.00,1,0,0.00,19.93
NULL,1,"bahadurgarh reach","Ignore",0.00,2,0,0.00,1,0,0.00,15.35
NULL,1,"bahadurgarh, bahadurgarh, haryana","Ignore",0.00,0,0,0.00,1,0,0.00,34.59
NULL,1,"bahadurgarhhub_bhd","Ignore",0.00,1,0,0.00,0,0,0.00,0.00
NULL,1,"bahadurgarhhub_bhd bahadurgarh","Ignore",0.00,6,0,0.00,0,0,0.00,0.00
NULL,1,"baharampore, murshidabad, west bengal","Ignore",0.00,8,0,0.00,0,0,0.00,0.00
NULL,1,"bahraich","Ignore",0.00,2,0,0.00,3,0,0.00,15.33
NULL,1,"bahraichhub_bai bahraich","Ignore",0.00,1,0,0.00,0,0,0.00,0.00
NULL,1,"baihata","Ignore",0.00,1,0,0.00,0,0,0.00,0.00
NULL,1,"baijnath","Ignore",0.00,1,0,0.00,1,0,0.00,17.80
NULL,1,"vijaywada warehouse","Ignore",0.00,14,0,0.00,0,0,0.00,0.00
NULL,1,"bairganiamdh_smi chainpur","Ignore",0.00,1,0,0.00,0,0,0.00,0.00
NULL,1,"bairia, bairia, uttar pradesh","Ignore",0.00,0,0,0.00,1,0,0.00,15.25
NULL,1,"baisimdh_kne purnia","Ignore",0.00,1,0,0.00,0,0,0.00,0.00
NULL,1,"bajpehub_ixe","Ignore",0.00,1,0,0.00,0,0,0.00,0.00
NULL,1,"bakkalam, kannur, kerala","Ignore",0.00,0,0,0.00,2,0,0.00,15.60
NULL,1,"bakloh","Ignore",0.00,1,0,0.00,0,0,0.00,0.00
NULL,1,"baksha","Ignore",0.00,3,0,0.00,0,0,0.00,0.00
NULL,1,"bala ji trading company khutar","Ignore",0.00,2,0,0.00,0,0,0.00,0.00
NULL,1,"balaghat","Ignore",0.00,6,0,0.00,0,0,0.00,0.00
NULL,1,"balaghathub_bgt balaghat","Ignore",0.00,3,0,0.00,1,0,0.00,16.17
NULL,1,"balaji jewellery sundergarh","Ignore",0.00,1,0,0.00,0,0,0.00,0.00
NULL,1,"balaji kirana store kota","Ignore",0.00,1,0,0.00,0,0,0.00,0.00
NULL,1,"balak ram new delhi","Ignore",0.00,2,0,0.00,0,0,0.00,0.00
NULL,1,"balangir","Ignore",0.00,1,0,0.00,1,0,0.00,14.48
NULL,1,"balaramapuram","Ignore",0.00,0,0,0.00,1,0,0.00,15.92
NULL,1,"balasore","Ignore",0.00,2,0,0.00,1,0,0.00,14.82
NULL,1,"balasundar tirunelveli","Ignore",0.00,1,0,0.00,0,0,0.00,0.00
NULL,1,"balawalahub_ded_osh dehradun","Ignore",0.00,1,0,0.00,0,0,0.00,0.00
NULL,1,"baldwaramdh_bdr baldwara","Ignore",0.00,1,0,0.00,0,0,0.00,0.00
NULL,1,"balehub_sse sholapur","Ignore",0.00,7,0,0.00,0,0,0.00,0.00
NULL,1,"baleshwar","Ignore",0.00,4,0,0.00,0,0,0.00,0.00
NULL,1,"baleshwar hub baleshwar","Ignore",0.00,1,0,0.00,0,0,0.00,0.00
NULL,1,"baleswar","Ignore",0.00,2,0,0.00,0,0,0.00,0.00
NULL,1,"balhara properties rohtak","Ignore",0.00,1,0,0.00,0,0,0.00,0.00
NULL,1,"baliapur, baliapur, jharkhand","Ignore",0.00,0,0,0.00,1,0,0.00,14.29
NULL,1,"baliparahub_tzr nagaon","Ignore",0.00,1,0,0.00,0,0,0.00,0.00
NULL,1,"baliraj and sons dehradun","Ignore",0.00,1,0,0.00,0,0,0.00,0.00
NULL,1,"ballabhgarh","Ignore",0.00,22,0,0.00,0,0,0.00,0.00
NULL,1,"ballabhgarhhub_del","Ignore",0.00,2,0,0.00,0,0,0.00,0.00
NULL,1,"ballabhgarhhub_del faridabad","Ignore",0.00,4,0,0.00,2,0,0.00,16.01
NULL,1,"ballari","Ignore",0.00,49,0,0.00,4,0,0.00,44.80
NULL,1,"ballia","Ignore",0.00,2,0,0.00,0,0,0.00,0.00
NULL,1,"balliahub_bla ballia","Ignore",0.00,1,0,0.00,0,0,0.00,0.00
NULL,1,"bally bdel","Ignore",0.00,0,0,0.00,3,0,0.00,15.45
NULL,1,"bally, batanagar, west bengal","Ignore",0.00,0,0,0.00,2,0,0.00,15.72
NULL,1,"ballymdh_kol howrah","Ignore",0.00,4,0,0.00,0,0,0.00,0.00
NULL,1,"balod","Ignore",0.00,2,0,0.00,0,0,0.00,0.00
NULL,1,"balram store bhopal","Ignore",0.00,1,0,0.00,0,0,0.00,0.00
NULL,1,"balrampur","Ignore",0.00,0,0,0.00,1,0,0.00,14.90
NULL,1,"balsamundmdh_blm sankara","Ignore",0.00,2,0,0.00,0,0,0.00,0.00
NULL,1,"balu chetty chatram reach","Ignore",0.00,1,0,0.00,0,0,0.00,0.00
NULL,1,"balussery","Ignore",0.00,0,0,0.00,1,0,0.00,27.03
NULL,1,"bamhanidih, champa, chhattisgarh","Ignore",0.00,0,0,0.00,1,0,0.00,16.86
NULL,1,"bamnoli temp","Ignore",0.00,0,0,0.00,2,0,0.00,16.62
NULL,1,"banaganapalle","Ignore",0.00,2,0,0.00,0,0,0.00,0.00
NULL,1,"banashankari","Ignore",0.00,2,0,0.00,5,0,0.00,16.43
NULL,1,"banashankari hub","Ignore",0.00,1,0,0.00,0,0,0.00,0.00
NULL,1,"banashankari hub bengaluru","Ignore",0.00,6,0,0.00,0,0,0.00,0.00
NULL,1,"banaswadi pud centre","Ignore",0.00,13,0,0.00,0,0,0.00,0.00
NULL,1,"banda","Ignore",0.00,2,0,0.00,0,0,0.00,0.00
NULL,1,"bandaru pranavi master kirana east godavari","Ignore",0.00,1,0,0.00,0,0,0.00,0.00
NULL,1,"banderdewa, banderdewa, assam","Ignore",0.00,0,0,0.00,1,0,0.00,31.36
NULL,1,"bandiatmakuru cb kirana nandyal","Ignore",0.00,2,0,0.00,0,0,0.00,0.00
NULL,1,"bandikui","Ignore",0.00,1,0,0.00,0,0,0.00,0.00
NULL,1,"bandikui, bandikui, rajasthan","Ignore",0.00,0,0,0.00,1,0,0.00,16.93
NULL,1,"baner hub pune","Ignore",0.00,3,0,0.00,1,0,0.00,14.25
NULL,1,"bangalore rural, karnataka, in","Ignore",0.00,0,0,0.00,1,0,0.00,35.28
NULL,1,"bangalore, ka, in","Ignore",0.00,0,0,0.00,7,0,0.00,24.61
NULL,1,"bangarpet","Ignore",0.00,2,0,0.00,0,0,0.00,0.00
NULL,1,"bangursiamdh_bas","Ignore",0.00,1,0,0.00,0,0,0.00,0.00
NULL,1,"bangursiamdh_bas chhal","Ignore",0.00,1,0,0.00,0,0,0.00,0.00
NULL,1,"banka office","Ignore",0.00,0,0,0.00,1,0,0.00,15.23
NULL,1,"bankiporehub_pat patna","Ignore",0.00,3,0,0.00,0,0,0.00,0.00
NULL,1,"bankramdh_kol kolkata","Ignore",0.00,1,0,0.00,0,0,0.00,0.00
NULL,1,"bankura","Ignore",0.00,29,0,0.00,4,0,0.00,19.42
NULL,1,"bankura, bankura, west bengal","Ignore",0.00,1,0,0.00,3,0,0.00,15.59
NULL,1,"bankurahub_bkr bankura","Ignore",0.00,1,0,0.00,0,0,0.00,0.00
NULL,1,"bansdroni","Ignore",0.00,1,0,0.00,8,0,0.00,14.73
NULL,1,"banswara","Ignore",0.00,4,0,0.00,0,0,0.00,0.00
NULL,1,"banswarahub_bas","Ignore",0.00,1,0,0.00,0,0,0.00,0.00
NULL,1,"banswarahub_bas banswara","Ignore",0.00,3,0,0.00,0,0,0.00,0.00
NULL,1,"banti podh sambalpur","Ignore",0.00,1,0,0.00,0,0,0.00,0.00
NULL,1,"bantu kirana store etah","Ignore",0.00,1,0,0.00,0,0,0.00,0.00
NULL,1,"banu store salem","Ignore",0.00,1,0,0.00,0,0,0.00,0.00
NULL,1,"bapatla","Ignore",0.00,2,0,0.00,2,0,0.00,21.05
NULL,1,"bapatlahub_bpt","Ignore",0.00,1,0,0.00,0,0,0.00,0.00
NULL,1,"bapatlahub_bpt bapatla","Ignore",0.00,2,0,0.00,0,0,0.00,0.00
NULL,1,"bapunagarhub_amd","Ignore",0.00,2,0,0.00,0,0,0.00,0.00
NULL,1,"bapunagarhub_amd ahmedabad","Ignore",0.00,6,0,0.00,0,0,0.00,0.00
NULL,1,"barabanki e-tail","Ignore",0.00,0,0,0.00,1,0,0.00,14.60
NULL,1,"barabanki, barabanki, uttar pradesh","Ignore",0.00,0,0,0.00,4,0,0.00,30.85
NULL,1,"barabanki, uttar pradesh, in","Ignore",0.00,1,0,0.00,0,0,0.00,0.00
NULL,1,"baramati","Ignore",0.00,1,0,0.00,0,0,0.00,0.00
NULL,1,"baramatihub_brm","Ignore",0.00,1,0,0.00,0,0,0.00,0.00
NULL,1,"baramatihub_brm baramati","Ignore",0.00,0,0,0.00,1,0,0.00,15.35
NULL,1,"baramkelahub_bar","Ignore",0.00,1,0,0.00,0,0,0.00,0.00
NULL,1,"baramkelahub_bar sarangarh","Ignore",0.00,3,0,0.00,0,0,0.00,0.00
NULL,1,"baran","Ignore",0.00,1,0,0.00,1,0,0.00,25.68
NULL,1,"baran, baran, rajasthan","Ignore",0.00,1,0,0.00,1,0,0.00,14.26
NULL,1,"baranhub_brn baran","Ignore",0.00,1,0,0.00,0,0,0.00,0.00
NULL,1,"barasat","Ignore",0.00,0,0,0.00,4,0,0.00,15.25
NULL,1,"barasat hub kolkata","Ignore",0.00,3,0,0.00,0,0,0.00,0.00
NULL,1,"barauni office","Ignore",0.00,1,0,0.00,3,0,0.00,15.22
NULL,1,"barbil","Ignore",0.00,1,0,0.00,0,0,0.00,0.00
NULL,1,"barbilhub_bbn barbil","Ignore",0.00,1,0,0.00,0,0,0.00,0.00
NULL,1,"bareilly","Ignore",0.00,11,0,0.00,2,0,0.00,31.50
NULL,1,"bareilly hub bareilly","Ignore",0.00,2,0,0.00,0,0,0.00,0.00
NULL,1,"bareillybypaashub_bry bareilly","Ignore",0.00,3,0,0.00,0,0,0.00,0.00
NULL,1,"barh, barh bh, bihar","Ignore",0.00,0,0,0.00,1,0,0.00,16.69
NULL,1,"barhi, barhi, madhya pradesh","Ignore",0.00,0,0,0.00,1,0,0.00,31.00
NULL,1,"barigumamdh_brm","Ignore",0.00,1,0,0.00,0,0,0.00,0.00
NULL,1,"baripada","Ignore",0.00,1,0,0.00,0,0,0.00,0.00
NULL,1,"baripadahub_bpo baripada","Ignore",0.00,1,0,0.00,0,0,0.00,0.00
NULL,1,"baripara","Ignore",0.00,1,0,0.00,0,0,0.00,0.00
NULL,1,"barkat store mumbai","Ignore",0.00,1,0,0.00,0,0,0.00,0.00
NULL,1,"barmer, barmer, rajasthan","Ignore",0.00,1,0,0.00,0,0,0.00,0.00
NULL,1,"barmerhub_bmr barmer","Ignore",0.00,2,0,0.00,0,0,0.00,0.00
NULL,1,"barnala","Ignore",0.00,2,0,0.00,0,0,0.00,0.00
NULL,1,"barnalahub_brn","Ignore",0.00,1,0,0.00,0,0,0.00,0.00
NULL,1,"barnalahub_brn barnala","Ignore",0.00,1,0,0.00,0,0,0.00,0.00
NULL,1,"barpetatown, barpeta, assam","Ignore",0.00,0,0,0.00,2,0,0.00,14.27
NULL,1,"barrackpore bdel","Ignore",0.00,1,0,0.00,7,0,0.00,15.97
NULL,1,"barrackpore hub","Ignore",0.00,1,0,0.00,0,0,0.00,0.00
NULL,1,"barrackpore hub kolkata","Ignore",0.00,2,0,0.00,0,0,0.00,0.00
NULL,1,"barrackpore, barrackpore, west bengal","Ignore",0.00,0,0,0.00,2,0,0.00,34.15
NULL,1,"barrahub_knu","Ignore",0.00,1,0,0.00,0,0,0.00,0.00
NULL,1,"barrahub_knu kanpur","Ignore",0.00,2,0,0.00,0,0,0.00,0.00
NULL,1,"barwala, barwala, haryana","Ignore",0.00,0,0,0.00,1,0,0.00,39.62
NULL,1,"barwala, haryana, in","Ignore",0.00,0,0,0.00,1,0,0.00,36.53
NULL,1,"basanti","Ignore",0.00,1,0,0.00,0,0,0.00,0.00
NULL,1,"basavakalyan","Ignore",0.00,1,0,0.00,1,0,0.00,28.10
NULL,1,"basavakalyanhub_bvk basavakalyan","Ignore",0.00,1,0,0.00,0,0,0.00,0.00
NULL,1,"basheerbagh","Ignore",0.00,37,0,0.00,2,0,0.00,16.52
NULL,1,"basheerbagh e-tail centre","Ignore",0.00,5,0,0.00,4,0,0.00,16.52
NULL,1,"basheerbagh hub hyderabad","Ignore",0.00,5,0,0.00,0,0,0.00,0.00
NULL,1,"basirhat","Ignore",0.00,1,0,0.00,0,0,0.00,0.00
NULL,1,"basirhathub_bsh basirhat","Ignore",0.00,1,0,0.00,0,0,0.00,0.00
NULL,1,"baskandi, fulertal, assam","Ignore",0.00,0,0,0.00,1,0,0.00,26.55
NULL,1,"baskhari ambedkar nagar","Ignore",0.00,1,0,0.00,0,0,0.00,0.00
NULL,1,"basmat","Ignore",0.00,1,0,0.00,0,0,0.00,0.00
NULL,1,"basmathub_bsm basmat","Ignore",0.00,0,0,0.00,1,0,0.00,14.45
NULL,1,"basna","Ignore",0.00,1,0,0.00,0,0,0.00,0.00
NULL,1,"basnahub_bas","Ignore",0.00,1,0,0.00,0,0,0.00,0.00
NULL,1,"basnahub_bas basna","Ignore",0.00,1,0,0.00,0,0,0.00,0.00
NULL,1,"bassi rj, bassi rj, rajasthan","Ignore",0.00,0,0,0.00,1,0,0.00,19.13
NULL,1,"basti","Ignore",0.00,1,0,0.00,1,0,0.00,15.00
NULL,1,"bastihub_bti","Ignore",0.00,1,0,0.00,0,0,0.00,0.00
NULL,1,"basudevpurhub_baw baleshwar","Ignore",0.00,1,0,0.00,0,0,0.00,0.00
NULL,1,"basugaonmdh_koj basugaon","Ignore",0.00,1,0,0.00,0,0,0.00,0.00
NULL,1,"batala","Ignore",0.00,2,0,0.00,4,0,0.00,15.60
NULL,1,"batala, batala, punjab","Ignore",0.00,0,0,0.00,3,0,0.00,15.05
NULL,1,"batalahub_baa batala","Ignore",0.00,1,0,0.00,0,0,0.00,0.00
NULL,1,"batauli","Ignore",0.00,0,0,0.00,1,0,0.00,18.95
NULL,1,"bathinda, bhatinda, punjab","Ignore",0.00,1,0,0.00,1,0,0.00,15.82
NULL,1,"bavlahub_amd","Ignore",0.00,1,0,0.00,0,0,0.00,0.00
NULL,1,"bavlahub_amd ahmedabad","Ignore",0.00,1,0,0.00,0,0,0.00,0.00
NULL,1,"bawanahub_del delhi","Ignore",0.00,3,0,0.00,0,0,0.00,0.00
NULL,1,"bawani khera, bawani khera, haryana","Ignore",0.00,0,0,0.00,1,0,0.00,18.78
NULL,1,"bayanamdh_byn","Ignore",0.00,2,0,0.00,0,0,0.00,0.00
NULL,1,"bbih","Ignore",0.00,136,0,0.00,9,0,0.00,14.44
NULL,1,"bbn/ddm-tml, bhubaneswar, orissa","Ignore",0.00,0,0,0.00,1,0,0.00,15.75
NULL,1,"bbn/rto, bhubaneswar, orissa","Ignore",0.00,2,0,0.00,0,0,0.00,0.00
NULL,1,"bbne","Ignore",0.00,11,0,0.00,0,0,0.00,0.00
NULL,1,"bd engineers faridabad","Ignore",0.00,1,0,0.00,0,0,0.00,0.00
NULL,1,"bd mishra cafe ghaziabad","Ignore",0.00,1,0,0.00,0,0,0.00,0.00
NULL,1,"bddn","Ignore",0.00,0,0,0.00,5,0,0.00,15.36
NULL,1,"bdh/bhadohi, bhadohi, uttar pradesh","Ignore",0.00,0,0,0.00,1,0,0.00,16.41
NULL,1,"bdo e-tail service centre","Ignore",0.00,6,0,0.00,0,0,0.00,0.00
NULL,1,"bdq/hub, vadodara, gujarat","Ignore",0.00,85,0,0.00,8,0,0.00,18.65
NULL,1,"beas","Ignore",0.00,3,0,0.00,0,0,0.00,0.00
NULL,1,"beas, beas, punjab","Ignore",0.00,0,0,0.00,2,0,0.00,41.32
NULL,1,"beawar","Ignore",0.00,2,0,0.00,4,0,0.00,28.80
NULL,1,"beawarhub_bea beawar","Ignore",0.00,2,0,0.00,0,0,0.00,0.00
NULL,1,"beed","Ignore",0.00,4,0,0.00,1,0,0.00,18.72
NULL,1,"beedhub_bed","Ignore",0.00,1,0,0.00,0,0,0.00,0.00
NULL,1,"beenrouteayikkarapadiodh_ayp","Ignore",0.00,1,0,0.00,0,0,0.00,0.00
NULL,1,"beenrouteayikkarapadiodh_ayp malapuram","Ignore",0.00,3,0,0.00,0,0,0.00,0.00
NULL,1,"beenrouteranniodh_ran","Ignore",0.00,2,0,0.00,0,0,0.00,0.00
NULL,1,"beenrouteranniodh_ran pathanamthitta","Ignore",0.00,2,0,0.00,0,0,0.00,0.00
NULL,1,"begowalmdh_bgl begowal","Ignore",0.00,1,0,0.00,0,0,0.00,0.00
NULL,1,"begum store new delhi","Ignore",0.00,1,0,0.00,0,0,0.00,0.00
NULL,1,"begumganj, gairatganj, madhya pradesh","Ignore",0.00,0,0,0.00,1,0,0.00,14.82
NULL,1,"begumpet hub","Ignore",0.00,2,0,0.00,0,0,0.00,0.00
NULL,1,"begumpet hub hyderabad","Ignore",0.00,10,0,0.00,1,0,0.00,14.27
NULL,1,"begur hub bengaluru","Ignore",0.00,1,0,0.00,0,0,0.00,0.00
NULL,1,"begurvillagehub_blr bangalore","Ignore",0.00,6,0,0.00,0,0,0.00,0.00
NULL,1,"begusarai, begusarai, bihar","Ignore",0.00,0,0,0.00,3,0,0.00,22.75
NULL,1,"begusaraihub_bgi","Ignore",0.00,1,0,0.00,0,0,0.00,0.00
NULL,1,"begusaraihub_bgi begusarai","Ignore",0.00,2,0,0.00,0,0,0.00,0.00
NULL,1,"behala chowrasta","Ignore",0.00,0,0,0.00,6,0,0.00,36.90
NULL,1,"behala hub","Ignore",0.00,1,0,0.00,0,0,0.00,0.00
NULL,1,"behala hub kolkata","Ignore",0.00,2,0,0.00,0,0,0.00,0.00
NULL,1,"behera store baripara","Ignore",0.00,1,0,0.00,0,0,0.00,0.00
NULL,1,"behraich, behraich, uttar pradesh","Ignore",0.00,1,0,0.00,0,0,0.00,0.00
NULL,1,"behror","Ignore",0.00,3,0,0.00,0,0,0.00,0.00
NULL,1,"behrorhub_rtn behror","Ignore",0.00,3,0,0.00,0,0,0.00,0.00
NULL,1,"belagavi","Ignore",0.00,0,0,0.00,3,0,0.00,15.18
NULL,1,"belapurodh_mum belapur","Ignore",0.00,6,0,0.00,0,0,0.00,0.00
NULL,1,"belda","Ignore",0.00,1,0,0.00,0,0,0.00,0.00
NULL,1,"belgaum","Ignore",0.00,13,0,0.00,1,0,0.00,14.19
NULL,1,"belgaum hub","Ignore",0.00,2,0,0.00,0,0,0.00,0.00
NULL,1,"belgaum hub belgaum","Ignore",0.00,8,0,0.00,0,0,0.00,0.00
NULL,1,"belgharia hub kolkata","Ignore",0.00,2,0,0.00,0,0,0.00,0.00
NULL,1,"belkhandihub_bkd kesinga","Ignore",0.00,1,0,0.00,0,0,0.00,0.00
NULL,1,"bellandur hub bengaluru","Ignore",0.00,14,0,0.00,0,0,0.00,0.00
NULL,1,"bellari","Ignore",0.00,2,0,0.00,0,0,0.00,0.00
NULL,1,"bellary hub","Ignore",0.00,1,0,0.00,0,0,0.00,0.00
NULL,1,"bellary hub bellary","Ignore",0.00,9,0,0.00,0,0,0.00,0.00
NULL,1,"bellary, bellary, karnataka","Ignore",0.00,0,0,0.00,2,0,0.00,14.45
NULL,1,"bellaryforthub_bly bellary","Ignore",0.00,1,0,0.00,0,0,0.00,0.00
NULL,1,"bellur","Ignore",0.00,1,0,0.00,0,0,0.00,0.00
NULL,1,"belmanhub_mpl manipal","Ignore",0.00,1,0,0.00,0,0,0.00,0.00
NULL,1,"belnarodh_bel","Ignore",0.00,1,0,0.00,0,0,0.00,0.00
NULL,1,"belnarodh_bel dantewara","Ignore",0.00,1,0,0.00,0,0,0.00,0.00
NULL,1,"belpharhub_jsg","Ignore",0.00,2,0,0.00,0,0,0.00,0.00
NULL,1,"belroadhub_blr","Ignore",0.00,2,0,0.00,0,0,0.00,0.00
NULL,1,"belroadhub_blr bengaluru","Ignore",0.00,23,0,0.00,0,0,0.00,0.00
NULL,1,"belthangady","Ignore",0.00,1,0,0.00,0,0,0.00,0.00
NULL,1,"belthangadyhub_btg belthangdy","Ignore",0.00,1,0,0.00,0,0,0.00,0.00
NULL,1,"belthangdy","Ignore",0.00,3,0,0.00,0,0,0.00,0.00
NULL,1,"beltola","Ignore",0.00,1,0,0.00,0,0,0.00,0.00
NULL,1,"beltolahub_gau guwahati","Ignore",0.00,1,0,0.00,0,0,0.00,0.00
NULL,1,"belur, hassan, karnataka","Ignore",0.00,0,0,0.00,1,0,0.00,14.61
NULL,1,"benaulimhub_goa","Ignore",0.00,1,0,0.00,0,0,0.00,0.00
NULL,1,"benaulimhub_goa verna","Ignore",0.00,3,0,0.00,0,0,0.00,0.00
NULL,1,"bengalore","Ignore",0.00,7,0,0.00,0,0,0.00,0.00
NULL,1,"benguluru","Ignore",0.00,2,0,0.00,0,0,0.00,0.00
NULL,1,"bennenagarihub_dvg","Ignore",0.00,1,0,0.00,0,0,0.00,0.00
NULL,1,"bennenagarihub_dvg davanagere","Ignore",0.00,1,0,0.00,0,0,0.00,0.00
NULL,1,"berhampur","Ignore",0.00,9,0,0.00,6,0,0.00,15.68
NULL,1,"berhampur hub","Ignore",0.00,1,0,0.00,0,0,0.00,0.00
NULL,1,"berhampur hub berhampur","Ignore",0.00,3,0,0.00,0,0,0.00,0.00
NULL,1,"berhampur hub, berhampur, orissa","Ignore",0.00,35,0,0.00,0,0,0.00,0.00
NULL,1,"berhampur, berhampur, orissa","Ignore",0.00,0,0,0.00,2,0,0.00,47.07
NULL,1,"bettiah, bettiah, bihar","Ignore",0.00,0,0,0.00,1,0,0.00,21.42
NULL,1,"betul","Ignore",0.00,3,0,0.00,0,0,0.00,0.00
NULL,1,"betul office","Ignore",0.00,0,0,0.00,1,0,0.00,14.53
NULL,1,"betulhub_btl","Ignore",0.00,1,0,0.00,0,0,0.00,0.00
NULL,1,"betulhub_btl betul","Ignore",0.00,3,0,0.00,0,0,0.00,0.00
NULL,1,"bhachau","Ignore",0.00,0,0,0.00,2,0,0.00,26.21
NULL,1,"bhadrachalam","Ignore",0.00,2,0,0.00,0,0,0.00,0.00
NULL,1,"bhadrai krupa store manavadar","Ignore",0.00,1,0,0.00,0,0,0.00,0.00
NULL,1,"bhadrak","Ignore",0.00,4,0,0.00,0,0,0.00,0.00
NULL,1,"bhadrak office","Ignore",0.00,0,0,0.00,2,0,0.00,15.07
NULL,1,"bhadrak, bhadrak, orissa","Ignore",0.00,0,0,0.00,2,0,0.00,15.57
NULL,1,"bhadrakhub_bhc","Ignore",0.00,1,0,0.00,0,0,0.00,0.00
NULL,1,"bhadrakhub_bhc bhadrak","Ignore",0.00,1,0,0.00,0,0,0.00,0.00
NULL,1,"bhadravathi","Ignore",0.00,0,0,0.00,1,0,0.00,15.12
NULL,1,"bhadravati, karnataka, in","Ignore",0.00,2,0,0.00,0,0,0.00,0.00
NULL,1,"bhadravatimdh_bha bhadr","Ignore",0.00,1,0,0.00,0,0,0.00,0.00
NULL,1,"bhagabanpur, bhagabanpur, west bengal","Ignore",0.00,0,0,0.00,1,0,0.00,14.31
NULL,1,"bhagalpur","Ignore",0.00,6,0,0.00,0,0,0.00,0.00
NULL,1,"bhagalpur hub","Ignore",0.00,2,0,0.00,0,0,0.00,0.00
NULL,1,"bhagalpur hub bhagalpur","Ignore",0.00,2,0,0.00,0,0,0.00,0.00
NULL,1,"bhagalpur office","Ignore",0.00,0,0,0.00,2,0,0.00,15.40
NULL,1,"bhai jaan electricals new delhi","Ignore",0.00,1,0,0.00,0,0,0.00,0.00
NULL,1,"bhajan ram patiala","Ignore",0.00,1,0,0.00,0,0,0.00,0.00
NULL,1,"bhalukpong","Ignore",0.00,1,0,0.00,0,0,0.00,0.00
NULL,1,"bhalukpongmdh_bkp bhalukpong","Ignore",0.00,1,0,0.00,0,0,0.00,0.00
NULL,1,"bhandara","Ignore",0.00,4,0,0.00,0,0,0.00,0.00
NULL,1,"bhandarahub_bhr","Ignore",0.00,1,0,0.00,0,0,0.00,0.00
NULL,1,"bhandarahub_bhr bhandara","Ignore",0.00,4,0,0.00,0,0,0.00,0.00
NULL,1,"bhanduphub_mum","Ignore",0.00,2,0,0.00,0,0,0.00,0.00
NULL,1,"bhanduphub_mum mumbai","Ignore",0.00,20,0,0.00,0,0,0.00,0.00
NULL,1,"bhanjanagarodh_bjn buguda","Ignore",0.00,1,0,0.00,0,0,0.00,0.00
NULL,1,"bhankrotahub_jai","Ignore",0.00,2,0,0.00,0,0,0.00,0.00
NULL,1,"bhankrotahub_jai jaipur","Ignore",0.00,2,0,0.00,1,0,0.00,14.49
NULL,1,"bharat kirana store gurgaon","Ignore",0.00,1,0,0.00,0,0,0.00,0.00
NULL,1,"bharat resto cafe dehradun","Ignore",0.00,1,0,0.00,0,0,0.00,0.00
NULL,1,"bharatpur","Ignore",0.00,5,0,0.00,1,0,0.00,30.35
NULL,1,"bharatpur, bharatpur, rajasthan","Ignore",0.00,11,0,0.00,1,0,0.00,14.48
NULL,1,"bharatpurhub_btp bharatpur","Ignore",0.00,3,0,0.00,1,0,0.00,15.15
NULL,1,"bharaulimdh_moh ballia","Ignore",0.00,1,0,0.00,0,0,0.00,0.00
NULL,1,"bharti electric shop new delhi","Ignore",0.00,3,0,0.00,0,0,0.00,0.00
NULL,1,"bharti narvariya gwalior","Ignore",0.00,1,0,0.00,0,0,0.00,0.00
NULL,1,"bharuch","Ignore",0.00,3,0,0.00,0,0,0.00,0.00
NULL,1,"bharuch hub","Ignore",0.00,1,0,0.00,0,0,0.00,0.00
NULL,1,"bharuch hub bharuch","Ignore",0.00,3,0,0.00,0,0,0.00,0.00
NULL,1,"bharuch office","Ignore",0.00,0,0,0.00,1,0,0.00,15.93
NULL,1,"bharuch, bharuch, gujarat","Ignore",0.00,0,0,0.00,1,0,0.00,14.30
NULL,1,"bhatapara","Ignore",0.00,3,0,0.00,0,0,0.00,0.00
NULL,1,"bhatinda","Ignore",0.00,9,0,0.00,0,0,0.00,0.00
NULL,1,"bhatinda hub","Ignore",0.00,1,0,0.00,0,0,0.00,0.00
NULL,1,"bhatinda hub bhatinda","Ignore",0.00,5,0,0.00,0,0,0.00,0.00
NULL,1,"bhatindahubtemp_bup bhatinda","Ignore",0.00,1,0,0.00,0,0,0.00,0.00
NULL,1,"bhatkal","Ignore",0.00,3,0,0.00,0,0,0.00,0.00
NULL,1,"bhatkalhub_bkl bhatkal","Ignore",0.00,3,0,0.00,0,0,0.00,0.00
NULL,1,"bhattiprolu","Ignore",0.00,1,0,0.00,0,0,0.00,0.00
NULL,1,"bhattiproluhub_btp","Ignore",0.00,1,0,0.00,0,0,0.00,0.00
NULL,1,"bhattiproluhub_btp bhattiprolu","Ignore",0.00,1,0,0.00,0,0,0.00,0.00
NULL,1,"bhavnagar","Ignore",0.00,2,0,0.00,1,0,0.00,22.80
NULL,1,"bhavnagar service centre","Ignore",0.00,6,0,0.00,0,0,0.00,0.00
NULL,1,"bhavnagar, gujarat, in","Ignore",0.00,1,0,0.00,0,0,0.00,0.00
NULL,1,"bhavnagarhub","Ignore",0.00,1,0,0.00,0,0,0.00,0.00
NULL,1,"bhavnagarhub bhavnagar","Ignore",0.00,4,0,0.00,0,0,0.00,0.00
NULL,1,"bhawaigarh","Ignore",0.00,2,0,0.00,0,0,0.00,0.00
NULL,1,"bhawanipatna","Ignore",0.00,5,0,0.00,0,0,0.00,0.00
NULL,1,"bhawanipur hub","Ignore",0.00,1,0,0.00,0,0,0.00,0.00
NULL,1,"bhawanipur hub kolkata","Ignore",0.00,5,0,0.00,0,0,0.00,0.00
NULL,1,"bhawanipursplitodh_kol kolkata","Ignore",0.00,5,0,0.00,0,0,0.00,0.00
NULL,1,"bhayander","Ignore",0.00,4,0,0.00,3,0,0.00,15.70
NULL,1,"bheemanadymdh_bmy nileshwar","Ignore",0.00,1,0,0.00,0,0,0.00,0.00
NULL,1,"bheemunipatnammdh_vis vishakhapatnam","Ignore",0.00,1,0,0.00,0,0,0.00,0.00
NULL,1,"bhi/rto, bhiwandi, maharashtra","Ignore",0.00,14,0,0.00,0,0,0.00,0.00
NULL,1,"bhilai","Ignore",0.00,3,0,0.00,0,0,0.00,0.00
NULL,1,"bhilai hub bhilai","Ignore",0.00,4,0,0.00,0,0,0.00,0.00
NULL,1,"bhilai, bhilai, chhattisgarh","Ignore",0.00,0,0,0.00,2,0,0.00,39.81
NULL,1,"bhilaisplitodh_bia bhilai","Ignore",0.00,1,0,0.00,0,0,0.00,0.00
NULL,1,"bhilwara","Ignore",0.00,23,0,0.00,5,0,0.00,15.08
NULL,1,"bhilwara hub bhilwara","Ignore",0.00,2,0,0.00,0,0,0.00,0.00
NULL,1,"bhilwara, rajasthan, in","Ignore",0.00,1,0,0.00,0,0,0.00,0.00
NULL,1,"bhima store bangalore","Ignore",0.00,1,0,0.00,0,0,0.00,0.00
NULL,1,"bhimadole","Ignore",0.00,2,0,0.00,0,0,0.00,0.00
NULL,1,"bhimavaram","Ignore",0.00,4,0,0.00,0,0,0.00,0.00
NULL,1,"bhimavaram, bhimavaram, andhra pradesh","Ignore",0.00,1,0,0.00,0,0,0.00,0.00
NULL,1,"bhimavaramhub_bvm bhimavaram","Ignore",0.00,1,0,0.00,0,0,0.00,0.00
NULL,1,"bhind","Ignore",0.00,1,0,0.00,1,0,0.00,14.58
NULL,1,"bhindhub_bnd","Ignore",0.00,1,0,0.00,0,0,0.00,0.00
NULL,1,"bhindhub_bnd bhind","Ignore",0.00,1,0,0.00,0,0,0.00,0.00
NULL,1,"bhingar, bhingar, maharashtra","Ignore",0.00,10,0,0.00,0,0,0.00,0.00
NULL,1,"bhitarwar, dabra, madhya pradesh","Ignore",0.00,0,0,0.00,1,0,0.00,38.51
NULL,1,"bhiwadi","Ignore",0.00,2,0,0.00,0,0,0.00,0.00
NULL,1,"bhiwadi - bhd","Ignore",0.00,170,0,0.00,0,0,0.00,0.00
NULL,1,"bhiwadihub_dhr bhiwadi","Ignore",0.00,1,0,0.00,0,0,0.00,0.00
NULL,1,"bhiwandi forward e-tail","Ignore",0.00,1,0,0.00,1,0,0.00,15.25
NULL,1,"bhiwandi hub bhiwandi","Ignore",0.00,2,0,0.00,0,0,0.00,0.00
NULL,1,"bhiwani","Ignore",0.00,2,0,0.00,1,0,0.00,14.76
NULL,1,"bhiwani hub","Ignore",0.00,1,0,0.00,0,0,0.00,0.00
NULL,1,"bhiwani hub bhiwani","Ignore",0.00,2,0,0.00,0,0,0.00,0.00
NULL,1,"bhiwani, bhiwani, haryana","Ignore",0.00,17,0,0.00,3,0,0.00,46.72
NULL,1,"bho/ask, bhopal, madhya pradesh","Ignore",0.00,1,0,0.00,1,0,0.00,17.74
NULL,1,"bho/bho, bhopal, madhya pradesh","Ignore",0.00,7,0,0.00,2,0,0.00,16.91
NULL,1,"vijith m s store bangalore","Ignore",0.00,1,0,0.00,0,0,0.00,0.00
NULL,1,"vikarabad","Ignore",0.00,1,0,0.00,0,0,0.00,0.00
NULL,1,"vikarabadhub_vkb vikarabad","Ignore",0.00,1,0,0.00,0,0,0.00,0.00
NULL,1,"vikas auto repair raigarh","Ignore",0.00,1,0,0.00,0,0,0.00,0.00
NULL,1,"vikas chopra jalandhar","Ignore",0.00,1,0,0.00,0,0,0.00,0.00
NULL,1,"vikas kumar store dehradun","Ignore",0.00,1,0,0.00,0,0,0.00,0.00
NULL,1,"vikashpurihub_del","Ignore",0.00,12,0,0.00,0,0,0.00,0.00
NULL,1,"vikashpurihub_del delhi","Ignore",0.00,56,0,0.00,3,0,0.00,15.72
NULL,1,"vikasnagar","Ignore",0.00,1,0,0.00,0,0,0.00,0.00
NULL,1,"vikasnagarhub_vik vikasnagar","Ignore",0.00,1,0,0.00,0,0,0.00,0.00
NULL,1,"vikram chauhan store mumbai","Ignore",0.00,1,0,0.00,0,0,0.00,0.00
NULL,1,"vikram kirana bareilly","Ignore",0.00,0,0,0.00,1,0,0.00,15.90
NULL,1,"vile parle e-tail","Ignore",0.00,7,0,0.00,3,0,0.00,14.85
NULL,1,"vilholi gaothan","Ignore",0.00,1,0,0.00,0,0,0.00,0.00
NULL,1,"villianurhub_vln","Ignore",0.00,1,0,0.00,0,0,0.00,0.00
NULL,1,"villianurhub_vln pudhuchery","Ignore",0.00,2,0,0.00,0,0,0.00,0.00
NULL,1,"villupuram","Ignore",0.00,1,0,0.00,0,0,0.00,0.00
NULL,1,"viluppuramhub_vpm villupuram","Ignore",0.00,1,0,0.00,0,0,0.00,0.00
NULL,1,"vimala malappuram","Ignore",0.00,0,0,0.00,1,0,0.00,14.45
NULL,1,"viman nagar","Ignore",0.00,9,0,0.00,0,0,0.00,0.00
NULL,1,"vinay kirana gdp new delhi","Ignore",0.00,0,0,0.00,1,0,0.00,15.00
NULL,1,"vinay store new delhi","Ignore",0.00,1,0,0.00,0,0,0.00,0.00
NULL,1,"vinayak enterprises hamirpur","Ignore",0.00,3,0,0.00,0,0,0.00,0.00
NULL,1,"vinaynagarhub_gwl gwalior","Ignore",0.00,1,0,0.00,0,0,0.00,0.00
NULL,1,"vinesh bhaskaran store mumbai","Ignore",0.00,1,0,0.00,0,0,0.00,0.00
NULL,1,"vip general store nellore","Ignore",0.00,1,0,0.00,0,0,0.00,0.00
NULL,1,"vipul automobile rupnagar","Ignore",0.00,1,0,0.00,0,0,0.00,0.00
NULL,1,"virajpet","Ignore",0.00,3,0,0.00,0,0,0.00,0.00
NULL,1,"virajpethub_vrj virajpet","Ignore",0.00,1,0,0.00,0,0,0.00,0.00
NULL,1,"viramgam","Ignore",0.00,2,0,0.00,0,0,0.00,0.00
NULL,1,"virar","Ignore",0.00,5,0,0.00,0,0,0.00,0.00
NULL,1,"virar hub","Ignore",0.00,2,0,0.00,0,0,0.00,0.00
NULL,1,"virar hub virar","Ignore",0.00,6,0,0.00,0,0,0.00,0.00
NULL,1,"virar west","Ignore",0.00,0,0,0.00,2,0,0.00,15.68
NULL,1,"virudhunagar","Ignore",0.00,4,0,0.00,1,0,0.00,14.73
NULL,1,"virudhunagarhub_vir virudhunagar","Ignore",0.00,1,0,0.00,0,0,0.00,0.00
NULL,1,"visakhapatanam","Ignore",0.00,4,0,0.00,0,0,0.00,0.00
NULL,1,"visakhapatnam","Ignore",0.00,67,0,0.00,13,0,0.00,23.12
NULL,1,"visakhapatnam hub","Ignore",0.00,2,0,0.00,0,0,0.00,0.00
NULL,1,"visakhapatnam hub vishakapatnam","Ignore",0.00,9,0,0.00,0,0,0.00,0.00
NULL,1,"visakhapatnam, andhra pradesh, in","Ignore",0.00,9,0,0.00,0,0,0.00,0.00
NULL,1,"vishakapatnam","Ignore",0.00,14,0,0.00,2,0,0.00,20.14
NULL,1,"vishal kumar maurya ghaziabad","Ignore",0.00,1,0,0.00,0,0,0.00,0.00
NULL,1,"vishal maurya store new delhi","Ignore",0.00,1,0,0.00,0,0,0.00,0.00
NULL,1,"vishal mobiles and stationary etawah","Ignore",0.00,1,0,0.00,0,0,0.00,0.00
NULL,1,"vishnu store new delhi","Ignore",0.00,2,0,0.00,1,0,0.00,14.41
NULL,1,"vishu store new delhi","Ignore",0.00,2,0,0.00,0,0,0.00,0.00
NULL,1,"vita","Ignore",0.00,2,0,0.00,0,0,0.00,0.00
NULL,1,"vitahub_vta vita","Ignore",0.00,2,0,0.00,0,0,0.00,0.00
NULL,1,"vizagtchub_vtz visakhapatnam","Ignore",0.00,2,0,0.00,0,0,0.00,0.00
NULL,1,"vizhinjamhub_vjm trivandrum","Ignore",0.00,3,0,0.00,0,0,0.00,0.00
NULL,1,"vizianagaram","Ignore",0.00,7,0,0.00,1,0,0.00,15.90
NULL,1,"vizianagaram, vizianagaram, andhra pradesh","Ignore",0.00,0,0,0.00,1,0,0.00,19.56
NULL,1,"vizianagaramhub_vzm vizianagaram","Ignore",0.00,5,0,0.00,0,0,0.00,0.00
NULL,1,"vizianagaramhubtemp_vzm vizianagaram","Ignore",0.00,1,0,0.00,0,0,0.00,0.00
NULL,1,"vk kirana khamgaon","Ignore",0.00,1,0,0.00,0,0,0.00,0.00
NULL,1,"vkia hub","Ignore",0.00,1,0,0.00,0,0,0.00,0.00
NULL,1,"vkia hub jaipur","Ignore",0.00,5,0,0.00,0,0,0.00,0.00
NULL,1,"vns/bnp, varanasi, uttar pradesh","Ignore",0.00,0,0,0.00,2,0,0.00,15.05
NULL,1,"vns/lh1, varanasi, uttar pradesh","Ignore",0.00,158,0,0.00,0,0,0.00,0.00
NULL,1,"vpi/hub-tsp, vapi, gujarat","Ignore",0.00,4,0,0.00,0,0,0.00,0.00
NULL,1,"vpi/hub, vapi, gujarat","Ignore",0.00,30,0,0.00,3,0,0.00,32.35
NULL,1,"vpm mobile salem","Ignore",0.00,1,0,0.00,0,0,0.00,0.00
NULL,1,"vpt/gjw, gajuwaka, andhra pradesh","Ignore",0.00,0,0,0.00,1,0,0.00,14.87
NULL,1,"vpt/hub, visakhapatnam, andhra pradesh","Ignore",0.00,51,0,0.00,0,0,0.00,0.00
NULL,1,"vpt/sclm, visakhapatnam, andhra pradesh","Ignore",0.00,0,0,0.00,1,0,0.00,32.79
NULL,1,"vrindavanhub_mth mathura","Ignore",0.00,3,0,0.00,1,0,0.00,16.00
NULL,1,"vrindawan, vrindawan, uttar pradesh","Ignore",0.00,1,0,0.00,0,0,0.00,0.00
NULL,1,"vrns","Ignore",0.00,1,0,0.00,2,0,0.00,15.01
NULL,1,"vrs/nsr, varanasi, uttar pradesh","Ignore",0.00,2,0,0.00,1,0,0.00,14.43
NULL,1,"vs store rajahmundry","Ignore",0.00,1,0,0.00,0,0,0.00,0.00
NULL,1,"vxpressburnpurodh_asn asansol","Ignore",0.00,2,0,0.00,0,0,0.00,0.00
NULL,1,"vxpressgovindpurodh_dbd","Ignore",0.00,1,0,0.00,0,0,0.00,0.00
NULL,1,"vxpressharmusplitodh_ixr ranchi","Ignore",0.00,2,0,0.00,0,0,0.00,0.00
NULL,1,"vxpresshatiaodh_hti hatia","Ignore",0.00,1,0,0.00,0,0,0.00,0.00
NULL,1,"vxpressnavapurodh_nvp navapur","Ignore",0.00,1,0,0.00,0,0,0.00,0.00
NULL,1,"vxpresssayalodh_say","Ignore",0.00,1,0,0.00,0,0,0.00,0.00
NULL,1,"vxpresssayalodh_say ramgarh","Ignore",0.00,1,0,0.00,0,0,0.00,0.00
NULL,1,"vxpresssilododh_sld sillod","Ignore",0.00,2,0,0.00,0,0,0.00,0.00
NULL,1,"vyara","Ignore",0.00,4,0,0.00,1,0,0.00,14.93
NULL,1,"vyarahub_vyr vyara","Ignore",0.00,3,0,0.00,0,0,0.00,0.00
NULL,1,"vyttila","Ignore",0.00,1,0,0.00,5,0,0.00,15.15
NULL,1,"vzg air hub","Ignore",0.00,178,0,0.00,5,0,0.00,16.07
NULL,1,"vzg warehouse","Ignore",0.00,28,0,0.00,0,0,0.00,0.00
NULL,1,"wadakkancherry","Ignore",0.00,2,0,0.00,0,0,0.00,0.00
NULL,1,"wadakkancherryhub_wad wadakkancherry","Ignore",0.00,1,0,0.00,0,0,0.00,0.00
NULL,1,"wadi hub nagpur","Ignore",0.00,6,0,0.00,0,0,0.00,0.00
NULL,1,"wadi1, nagpur, maharashtra","Ignore",0.00,1,0,0.00,0,0,0.00,0.00
NULL,1,"wadrafnagar","Ignore",0.00,1,0,0.00,0,0,0.00,0.00
NULL,1,"wadrafnagarmdh_wad wadrafnagar","Ignore",0.00,1,0,0.00,0,0,0.00,0.00
NULL,1,"wagholi","Ignore",0.00,0,0,0.00,1,0,0.00,14.53
NULL,1,"wagholi hub pune","Ignore",0.00,4,0,0.00,0,0,0.00,0.00
NULL,1,"wahid stores ramanathapuram","Ignore",0.00,1,0,0.00,0,0,0.00,0.00
NULL,1,"wai, maharashtra, in","Ignore",0.00,1,0,0.00,0,0,0.00,0.00
NULL,1,"waidhan","Ignore",0.00,1,0,0.00,0,0,0.00,0.00
NULL,1,"waluj","Ignore",0.00,0,0,0.00,1,0,0.00,33.00
NULL,1,"waluj warehouse","Ignore",0.00,19,0,0.00,0,0,0.00,0.00
NULL,1,"warangal","Ignore",0.00,17,0,0.00,1,0,0.00,29.01
NULL,1,"warangalhub_wgl","Ignore",0.00,1,0,0.00,0,0,0.00,0.00
NULL,1,"warangalhub_wgl warangal","Ignore",0.00,3,0,0.00,0,0,0.00,0.00
NULL,1,"wardha","Ignore",0.00,5,0,0.00,2,0,0.00,15.07
NULL,1,"wardha road office","Ignore",0.00,14,0,0.00,1,0,0.00,14.50
NULL,1,"wardha, wardha, maharashtra","Ignore",0.00,13,0,0.00,1,0,0.00,18.81
NULL,1,"wardhamannagar_nag nagpur","Ignore",0.00,4,0,0.00,0,0,0.00,0.00
NULL,1,"warje","Ignore",0.00,6,0,0.00,0,0,0.00,0.00
NULL,1,"warjehub_pune","Ignore",0.00,1,0,0.00,0,0,0.00,0.00
NULL,1,"warjehub_pune warje","Ignore",0.00,6,0,0.00,1,0,0.00,14.37
NULL,1,"warsi express powerflex tumpa begum kolkata","Ignore",0.00,3,0,0.00,0,0,0.00,0.00
NULL,1,"washim, maharashtra, in","Ignore",0.00,3,0,0.00,0,0,0.00,0.00
NULL,1,"welcomehub_del","Ignore",0.00,1,0,0.00,0,0,0.00,0.00
NULL,1,"welcomehub_del new delhi","Ignore",0.00,9,0,0.00,0,0,0.00,0.00
NULL,1,"wellcome store labbaikudikadu","Ignore",0.00,1,0,0.00,0,0,0.00,0.00
NULL,1,"wheeleybhataparaodh_bht bhatapara","Ignore",0.00,1,0,0.00,0,0,0.00,0.00
NULL,1,"wheeleyratanpurodh_pab bilaspur","Ignore",0.00,4,0,0.00,2,0,0.00,15.87
NULL,1,"whf apx/sfc pud centre","Ignore",0.00,55,0,0.00,0,0,0.00,0.00
NULL,1,"white field (wtfd)","Ignore",0.00,3,0,0.00,0,0,0.00,0.00
NULL,1,"wng/hub, warangal, telangana","Ignore",0.00,8,0,0.00,0,0,0.00,0.00
NULL,1,"wng/wng, warangal, telangana","Ignore",0.00,0,0,0.00,1,0,0.00,17.00
NULL,1,"worli","Ignore",0.00,55,0,0.00,2,0,0.00,31.48
NULL,1,"xmi rtos","Ignore",0.00,275,0,0.00,0,0,0.00,0.00
NULL,1,"y mallikarjuna rao prakasam","Ignore",0.00,1,0,0.00,0,0,0.00,0.00
NULL,1,"yadav enterprises mumbai","Ignore",0.00,1,0,0.00,0,0,0.00,0.00
NULL,1,"yadav general kirana new delhi","Ignore",0.00,1,0,0.00,0,0,0.00,0.00
NULL,1,"yadgir","Ignore",0.00,5,0,0.00,2,0,0.00,27.34
NULL,1,"yadgirodh_ydr yadgir","Ignore",0.00,4,0,0.00,0,0,0.00,0.00
NULL,1,"yadu online store raipur","Ignore",0.00,1,0,0.00,0,0,0.00,0.00
NULL,1,"yalamarthi store rajahmundry","Ignore",0.00,1,0,0.00,0,0,0.00,0.00
NULL,1,"yamunanagar","Ignore",0.00,7,0,0.00,2,0,0.00,28.14
NULL,1,"yamunanagarhub_ynr","Ignore",0.00,1,0,0.00,0,0,0.00,0.00
NULL,1,"yamunanagarhub_ynr yamunanagar","Ignore",0.00,4,0,0.00,0,0,0.00,0.00
NULL,1,"yamunavihar hub","Ignore",0.00,5,0,0.00,0,0,0.00,0.00
NULL,1,"yamunavihar hub delhi","Ignore",0.00,16,0,0.00,0,0,0.00,0.00
NULL,1,"yanam","Ignore",0.00,1,0,0.00,0,0,0.00,0.00
NULL,1,"yanamhub_ynm yanam","Ignore",0.00,1,0,0.00,0,0,0.00,0.00
NULL,1,"yashwantpura","Ignore",0.00,1,0,0.00,0,0,0.00,0.00
NULL,1,"yashwantpura hub","Ignore",0.00,1,0,0.00,0,0,0.00,0.00
NULL,1,"yashwantpura hub yashwantpura","Ignore",0.00,1,0,0.00,0,0,0.00,0.00
NULL,1,"yavatmal","Ignore",0.00,6,0,0.00,1,0,0.00,18.55
NULL,1,"yavatmal, yavatmal, maharashtra","Ignore",0.00,0,0,0.00,1,0,0.00,16.08
NULL,1,"yavatmalhub_ytm yavatmal","Ignore",0.00,4,0,0.00,1,0,0.00,15.45
NULL,1,"yelahanka","Ignore",0.00,2,0,0.00,1,0,0.00,16.23
NULL,1,"yelahanka hub bengaluru","Ignore",0.00,3,0,0.00,0,0,0.00,0.00
NULL,1,"yellamanchilihub_ylm","Ignore",0.00,1,0,0.00,0,0,0.00,0.00
NULL,1,"yellamanchilihub_ylm vishakhapatnam","Ignore",0.00,1,0,0.00,0,0,0.00,0.00
NULL,1,"yellamanchilihubtemp_ylm vishakhapatnam","Ignore",0.00,1,0,0.00,1,0,0.00,15.28
NULL,1,"yemmiganur, yemmiganur, andhra pradesh","Ignore",0.00,0,0,0.00,1,0,0.00,42.59
NULL,1,"yemmiganurhub_ymn adoni","Ignore",0.00,1,0,0.00,0,0,0.00,0.00
NULL,1,"yernagudemhub_rjy east godavari","Ignore",0.00,1,0,0.00,0,0,0.00,0.00
NULL,1,"yesh medical gurgaon","Ignore",0.00,1,0,0.00,0,0,0.00,0.00
NULL,1,"yogendrasinh kirana gandhinagar","Ignore",0.00,2,0,0.00,0,0,0.00,0.00
NULL,1,"yogesh home bangalore","Ignore",0.00,1,0,0.00,0,0,0.00,0.00
NULL,1,"yogesh kumar divakar gurgaon","Ignore",0.00,1,0,0.00,0,0,0.00,0.00
NULL,1,"yug store new delhi","Ignore",0.00,1,0,0.00,0,0,0.00,0.00
NULL,1,"zaheerabad","Ignore",0.00,1,0,0.00,0,0,0.00,0.00
NULL,1,"zaheerabadhub_zbd zaheerabad","Ignore",0.00,1,0,0.00,0,0,0.00,0.00
NULL,1,"zahir kirana store nadiad","Ignore",0.00,1,0,0.00,0,0,0.00,0.00
NULL,1,"zala home jetpur","Ignore",0.00,1,0,0.00,0,0,0.00,0.00
NULL,1,"zienuobadze, kohima, nagaland","Ignore",0.00,0,0,0.00,2,0,0.00,32.38
NULL,1,"zira","Ignore",0.00,0,0,0.00,1,0,0.00,14.77
NULL,1,"zirakhpur","Ignore",0.00,5,0,0.00,10,0,0.00,26.78
NULL,1,"zirakpur","Ignore",0.00,10,0,0.00,1,0,0.00,24.32
NULL,1,"zirakpur - zkp","Ignore",0.00,3,0,0.00,0,0,0.00,0.00
NULL,1,"zirakpur (zkpr)","Ignore",0.00,14,0,0.00,0,0,0.00,0.00
NULL,1,"zirakpur, mohali, punjab","Ignore",0.00,0,0,0.00,2,0,0.00,38.79
NULL,1,"zirapur, zirapur, madhya pradesh","Ignore",0.00,0,0,0.00,1,0,0.00,15.51
NULL,1,"ziroodh_zir ziro","Ignore",0.00,3,0,0.00,0,0,0.00,0.00
NULL,1,"0","Ignore",0.00,9,0,0.00,0,0,0.00,0.00
NULL,1,"rnc/brt-tml, ranchi, jharkhand","Ignore",0.00,1,0,0.00,0,0,0.00,0.00
NULL,1,"rnc/kdr, ranchi, jharkhand","Ignore",0.00,0,0,0.00,1,0,0.00,34.78
NULL,1,"rnc/kkr, ranchi, jharkhand","Ignore",0.00,0,0,0.00,2,0,0.00,26.19
NULL,1,"rnc/knk, ranchi, jharkhand","Ignore",0.00,1,0,0.00,1,0,0.00,19.97
NULL,1,"robertganj","Ignore",0.00,0,0,0.00,1,0,0.00,15.53
NULL,1,"robertsganj","Ignore",0.00,1,0,0.00,0,0,0.00,0.00
NULL,1,"robertsganjhub_rob robertsganj","Ignore",0.00,0,0,0.00,1,0,0.00,14.43
NULL,1,"rockfortcityhub_trz trichy","Ignore",0.00,1,0,0.00,1,0,0.00,14.39
NULL,1,"rocks master kirana hyderabad","Ignore",0.00,3,0,0.00,0,0,0.00,0.00
NULL,1,"roha","Ignore",0.00,2,0,0.00,0,0,0.00,0.00
NULL,1,"rohahub_rha roha","Ignore",0.00,1,0,0.00,0,0,0.00,0.00
NULL,1,"rohini service centre","Ignore",0.00,0,0,0.00,2,0,0.00,31.80
NULL,1,"rohinihub_del","Ignore",0.00,14,0,0.00,0,0,0.00,0.00
NULL,1,"rohinihub_del delhi","Ignore",0.00,59,0,0.00,0,0,0.00,0.00
NULL,1,"rohit aggarwal gurgaon","Ignore",0.00,1,0,0.00,0,0,0.00,0.00
NULL,1,"rohit enterprises panvel","Ignore",0.00,1,0,0.00,0,0,0.00,0.00
NULL,1,"rohit store new delhi","Ignore",0.00,1,0,0.00,0,0,0.00,0.00
NULL,1,"rohru","Ignore",0.00,0,0,0.00,1,0,0.00,17.80
NULL,1,"rohruodh_roh","Ignore",0.00,1,0,0.00,0,0,0.00,0.00
NULL,1,"rohtak hub","Ignore",0.00,1,0,0.00,0,0,0.00,0.00
NULL,1,"rohtak hub rohtak","Ignore",0.00,4,0,0.00,0,0,0.00,0.00
NULL,1,"rohtak, rohtak, haryana","Ignore",0.00,0,0,0.00,6,0,0.00,15.16
NULL,1,"romanchal sahu bhawanipatna","Ignore",0.00,2,0,0.00,0,0,0.00,0.00
NULL,1,"ronak store rourkela","Ignore",0.00,1,0,0.00,0,0,0.00,0.00
NULL,1,"ronit shop gurgaon","Ignore",0.00,3,0,0.00,0,0,0.00,0.00
NULL,1,"roorkee","Ignore",0.00,5,0,0.00,3,0,0.00,17.07
NULL,1,"roorkeehub_hrd roorkee","Ignore",0.00,3,0,0.00,0,0,0.00,0.00
NULL,1,"ropar","Ignore",0.00,2,0,0.00,1,0,0.00,15.13
NULL,1,"rosera","Ignore",0.00,1,0,0.00,0,0,0.00,0.00
NULL,1,"roserahub_roa","Ignore",0.00,1,0,0.00,0,0,0.00,0.00
NULL,1,"roserahub_roa rosera","Ignore",0.00,2,0,0.00,0,0,0.00,0.00
NULL,1,"roshan enterprises guna","Ignore",0.00,1,0,0.00,0,0,0.00,0.00
NULL,1,"roshani goud bhawanipatna","Ignore",0.00,1,0,0.00,0,0,0.00,0.00
NULL,1,"roshanpurhub_mee meerut","Ignore",0.00,1,0,0.00,0,0,0.00,0.00
NULL,1,"rots","Ignore",0.00,2,0,0.00,0,0,0.00,0.00
NULL,1,"rourkela, odisha, in","Ignore",0.00,0,0,0.00,2,0,0.00,15.02
NULL,1,"rourkela, rourkela, orissa","Ignore",0.00,0,0,0.00,1,0,0.00,15.64
NULL,1,"rourkelatownmdh_rrk rourkela","Ignore",0.00,4,0,0.00,0,0,0.00,0.00
NULL,1,"royapuramhub_chn","Ignore",0.00,1,0,0.00,0,0,0.00,0.00
NULL,1,"rpr/bhn, raipur, chhattisgarh","Ignore",0.00,1,0,0.00,0,0,0.00,0.00
NULL,1,"rpr/bht, raipur, chhattisgarh","Ignore",0.00,0,0,0.00,3,0,0.00,19.06
NULL,1,"rr district","Ignore",0.00,2,0,0.00,0,0,0.00,0.00
NULL,1,"rsc/banswara, banswara, rajasthan","Ignore",0.00,0,0,0.00,1,0,0.00,15.48
NULL,1,"rsc/dharmapuri, mancherial, telangana","Ignore",0.00,0,0,0.00,1,0,0.00,14.61
NULL,1,"rsc/farrukhabad, farrukhabad, uttar pradesh","Ignore",0.00,0,0,0.00,2,0,0.00,32.98
NULL,1,"rsc/hanumangarh, hanumangarh, rajasthan","Ignore",0.00,0,0,0.00,1,0,0.00,14.34
NULL,1,"rsc/jhunjhunu, jhunjhunu, rajasthan","Ignore",0.00,0,0,0.00,1,0,0.00,16.48
NULL,1,"rsc/rishikesh, rishikesh, uttarakhand","Ignore",0.00,0,0,0.00,1,0,0.00,16.73
NULL,1,"rsc/siddipet, siddipet, telangana","Ignore",0.00,0,0,0.00,1,0,0.00,14.87
NULL,1,"rsc/tarn taran sahib, tarn taran sahib, punjab","Ignore",0.00,0,0,0.00,1,0,0.00,14.51
NULL,1,"rsc/ujjain, ujjain, madhya pradesh","Ignore",0.00,0,0,0.00,4,0,0.00,14.86
NULL,1,"rtnagar hub","Ignore",0.00,3,0,0.00,0,0,0.00,0.00
NULL,1,"rtnagar hub bengaluru","Ignore",0.00,8,0,0.00,0,0,0.00,0.00
NULL,1,"rto cpu bhubaneswar","Ignore",0.00,2,0,0.00,0,0,0.00,0.00
NULL,1,"rto cpu kolkata","Ignore",0.00,4,0,0.00,0,0,0.00,0.00
NULL,1,"rto cpu mumbai","Ignore",0.00,29,0,0.00,0,0,0.00,0.00
NULL,1,"rto/mkh, nelamangala, karnataka","Ignore",0.00,3,0,0.00,0,0,0.00,0.00
NULL,1,"rto/ptd, delhi ncr, delhi","Ignore",0.00,6,0,0.00,0,0,0.00,0.00
NULL,1,"rto/rjt, jaipur, rajasthan","Ignore",0.00,2,0,0.00,0,0,0.00,0.00
NULL,1,"ruby store new delhi","Ignore",0.00,1,0,0.00,0,0,0.00,0.00
NULL,1,"rudaigirimdh_rug rudayagiri","Ignore",0.00,1,0,0.00,0,0,0.00,0.00
NULL,1,"rudayagiri","Ignore",0.00,1,0,0.00,0,0,0.00,0.00
NULL,1,"rudra enterprises raigarh(mh)","Ignore",0.00,1,0,0.00,0,0,0.00,0.00
NULL,1,"rudrapur hub rudrapur","Ignore",0.00,1,0,0.00,0,0,0.00,0.00
NULL,1,"rudrapur, rudrapur, uttarakhand","Ignore",0.00,8,0,0.00,3,0,0.00,21.32
NULL,1,"runni saidpur","Ignore",0.00,1,0,0.00,0,0,0.00,0.00
NULL,1,"rupam rathaur new delhi","Ignore",0.00,2,0,0.00,0,0,0.00,0.00
NULL,1,"rupana, rupana, punjab","Ignore",0.00,0,0,0.00,1,0,0.00,14.36
NULL,1,"rupnagar","Ignore",0.00,6,0,0.00,2,0,0.00,25.03
NULL,1,"rupnagar hub","Ignore",0.00,1,0,0.00,0,0,0.00,0.00
NULL,1,"rupnagar hub rupnagar","Ignore",0.00,4,0,0.00,2,0,0.00,15.06
NULL,1,"rupnarayanpurhub_asn","Ignore",0.00,1,0,0.00,0,0,0.00,0.00
NULL,1,"rushika home hosur","Ignore",0.00,1,0,0.00,0,0,0.00,0.00
NULL,1,"s s suppliers ahmedabad","Ignore",0.00,1,0,0.00,0,0,0.00,0.00
NULL,1,"s. k gupta refrigeration & maneesh gautam buddha nagar","Ignore",0.00,1,0,0.00,0,0,0.00,0.00
NULL,1,"sachin dabra","Ignore",0.00,1,0,0.00,0,0,0.00,0.00
NULL,1,"sadabad","Ignore",0.00,1,0,0.00,0,0,0.00,0.00
NULL,1,"sadabadmdh_hth","Ignore",0.00,1,0,0.00,0,0,0.00,0.00
NULL,1,"sadabadmdh_hth sadabad","Ignore",0.00,1,0,0.00,0,0,0.00,0.00
NULL,1,"sadakat rajpoot kirana gautam buddha nagar","Ignore",0.00,1,0,0.00,0,0,0.00,0.00
NULL,1,"sadulpur s.o","Ignore",0.00,1,0,0.00,1,0,0.00,25.68
NULL,1,"safdarjung enclave","Ignore",0.00,1,0,0.00,0,0,0.00,0.00
NULL,1,"safdarjung etail","Ignore",0.00,11,0,0.00,1,0,0.00,31.68
NULL,1,"safiyabanu kirana dharampur","Ignore",0.00,1,0,0.00,0,0,0.00,0.00
NULL,1,"sagar","Ignore",0.00,6,0,0.00,1,0,0.00,35.43
NULL,1,"sagar home mysore","Ignore",0.00,1,0,0.00,0,0,0.00,0.00
NULL,1,"sagar, sagar, madhya pradesh","Ignore",0.00,1,0,0.00,1,0,0.00,16.98
NULL,1,"sagarcity, sagarcity, karnataka","Ignore",0.00,0,0,0.00,1,0,0.00,21.44
NULL,1,"sagarhub_sgr","Ignore",0.00,1,0,0.00,0,0,0.00,0.00
NULL,1,"sagarhub_sgr sagar","Ignore",0.00,3,0,0.00,3,0,0.00,15.88
NULL,1,"sagarpurhub_del","Ignore",0.00,5,0,0.00,0,0,0.00,0.00
NULL,1,"sagarpurhub_del delhi","Ignore",0.00,22,0,0.00,0,0,0.00,0.00
NULL,1,"sagwaramdh_sag sangwara","Ignore",0.00,1,0,0.00,0,0,0.00,0.00
NULL,1,"saha store shyamnagar","Ignore",0.00,1,0,0.00,0,0,0.00,0.00
NULL,1,"sahabadhub_amb ambala","Ignore",0.00,2,0,0.00,0,0,0.00,0.00
NULL,1,"saharanpur","Ignore",0.00,7,0,0.00,3,0,0.00,30.84
NULL,1,"saharanpur hub","Ignore",0.00,4,0,0.00,0,0,0.00,0.00
NULL,1,"saharanpur hub saharanpur","Ignore",0.00,3,0,0.00,0,0,0.00,0.00
NULL,1,"sahibabad hub","Ignore",0.00,2,0,0.00,0,0,0.00,0.00
NULL,1,"sahibabad hub ghaziabad","Ignore",0.00,4,0,0.00,0,0,0.00,0.00
NULL,1,"sahibabad, uttar pradesh, in","Ignore",0.00,0,0,0.00,1,0,0.00,15.42
NULL,1,"sahranpur office","Ignore",0.00,0,0,0.00,6,0,0.00,14.70
NULL,1,"sai super laundry belgaum","Ignore",0.00,0,0,0.00,1,0,0.00,15.27
NULL,1,"saibaba kiranam nizamabad","Ignore",0.00,1,0,0.00,0,0,0.00,0.00
NULL,1,"saidapura satara, saidapura satara, maharashtra","Ignore",0.00,16,0,0.00,1,0,0.00,17.61
NULL,1,"saidpur","Ignore",0.00,1,0,0.00,0,0,0.00,0.00
NULL,1,"saidpurhub_sdp saidpur","Ignore",0.00,1,0,0.00,0,0,0.00,0.00
NULL,1,"sakaldiha","Ignore",0.00,1,0,0.00,0,0,0.00,0.00
NULL,1,"saket  e-tail delivery","Ignore",0.00,10,0,0.00,8,0,0.00,15.37
NULL,1,"sakethub_del","Ignore",0.00,6,0,0.00,0,0,0.00,0.00
NULL,1,"sakethub_del delhi","Ignore",0.00,37,0,0.00,2,0,0.00,14.70
NULL,1,"sakherbazar hub","Ignore",0.00,1,0,0.00,0,0,0.00,0.00
NULL,1,"sakherbazar hub kolkata","Ignore",0.00,1,0,0.00,0,0,0.00,0.00
NULL,1,"sakhigopal","Ignore",0.00,1,0,0.00,0,0,0.00,0.00
NULL,1,"sakhigopalhub_pur sakhigopal","Ignore",0.00,1,0,0.00,0,0,0.00,0.00
NULL,1,"sakinaka, mumbai, maharashtra","Ignore",0.00,1,0,0.00,2,0,0.00,14.76
NULL,1,"sakinakasplithub_mum","Ignore",0.00,1,0,0.00,0,0,0.00,0.00
NULL,1,"sakinakasplithub_mum mumbai","Ignore",0.00,12,0,0.00,0,0,0.00,0.00
NULL,1,"sakthi murugan mobiles tirupur","Ignore",0.00,1,0,0.00,0,0,0.00,0.00
NULL,1,"salasar, salasar, rajasthan","Ignore",0.00,0,0,0.00,1,0,0.00,15.25
NULL,1,"salebhataodh_blg","Ignore",0.00,1,0,0.00,0,0,0.00,0.00
NULL,1,"saleem general store bagalkot","Ignore",0.00,1,0,0.00,0,0,0.00,0.00
NULL,1,"salem - sal","Ignore",0.00,1,0,0.00,0,0,0.00,0.00
NULL,1,"salem hub","Ignore",0.00,213,0,0.00,5,0,0.00,20.03
NULL,1,"salem hub salem","Ignore",0.00,6,0,0.00,0,0,0.00,0.00
NULL,1,"salem mini hub","Ignore",0.00,66,0,0.00,0,0,0.00,0.00
NULL,1,"salem, tamil nadu, in","Ignore",0.00,44,0,0.00,2,0,0.00,21.06
NULL,1,"salemmdh_sal salem","Ignore",0.00,1,0,0.00,0,0,0.00,0.00
NULL,1,"salempur lar","Ignore",0.00,0,0,0.00,1,0,0.00,14.43
NULL,1,"salempur1, salempur, uttar pradesh","Ignore",0.00,0,0,0.00,1,0,0.00,18.92
NULL,1,"salkia hub","Ignore",0.00,1,0,0.00,0,0,0.00,0.00
NULL,1,"salkia hub kolkata","Ignore",0.00,2,0,0.00,0,0,0.00,0.00
NULL,1,"salmaben store bodeli","Ignore",0.00,1,0,0.00,0,0,0.00,0.00
NULL,1,"sals","Ignore",0.00,56,0,0.00,1,0,0.00,38.90
NULL,1,"salt lake bdel","Ignore",0.00,91,0,0.00,7,0,0.00,15.75
NULL,1,"saltlake-tml, kolkata, west bengal","Ignore",0.00,0,0,0.00,3,0,0.00,33.85
NULL,1,"samalkot, samalkot, andhra pradesh","Ignore",0.00,0,0,0.00,2,0,0.00,15.32
NULL,1,"samastipur office","Ignore",0.00,0,0,0.00,1,0,0.00,15.42
NULL,1,"samastipur, bihar, in","Ignore",0.00,1,0,0.00,0,0,0.00,0.00
NULL,1,"samaypurbadlihub_del","Ignore",0.00,6,0,0.00,0,0,0.00,0.00
NULL,1,"samaypurbadlihub_del gurugram","Ignore",0.00,23,0,0.00,3,0,0.00,16.77
NULL,1,"samba","Ignore",0.00,1,0,0.00,0,0,0.00,0.00
NULL,1,"sambalpur","Ignore",0.00,9,0,0.00,1,0,0.00,14.55
NULL,1,"sambalpur bdel","Ignore",0.00,0,0,0.00,3,0,0.00,14.67
NULL,1,"sambaodh_smb samba","Ignore",0.00,1,0,0.00,0,0,0.00,0.00
NULL,1,"sameer courier mumbai","Ignore",0.00,1,0,0.00,0,0,0.00,0.00
NULL,1,"sameer new delhi","Ignore",0.00,3,0,0.00,0,0,0.00,0.00
NULL,1,"sampla","Ignore",0.00,0,0,0.00,3,0,0.00,15.38
NULL,1,"sampurnanagarmdh_khe lakhimpur kheri","Ignore",0.00,2,0,0.00,0,0,0.00,0.00
NULL,1,"samrala","Ignore",0.00,3,0,0.00,0,0,0.00,0.00
NULL,1,"samralahub_sam","Ignore",0.00,1,0,0.00,0,0,0.00,0.00
NULL,1,"samralahub_sam samrala","Ignore",0.00,3,0,0.00,0,0,0.00,0.00
NULL,1,"samrudhi enterprises pune","Ignore",0.00,1,0,0.00,0,0,0.00,0.00
NULL,1,"sanaswadi, maharashtra, in","Ignore",0.00,3,0,0.00,0,0,0.00,0.00
NULL,1,"sanathnagar1_hyd","Ignore",0.00,2,0,0.00,0,0,0.00,0.00
NULL,1,"sanathnagar1_hyd hyderabad","Ignore",0.00,11,0,0.00,0,0,0.00,0.00
NULL,1,"sanaur","Ignore",0.00,1,0,0.00,0,0,0.00,0.00
NULL,1,"sandeep boutique hoshiarpur","Ignore",0.00,1,0,0.00,0,0,0.00,0.00
NULL,1,"sandeep kumar sihora","Ignore",0.00,1,0,0.00,1,0,0.00,14.45
NULL,1,"sandeep sisodiya store new delhi","Ignore",0.00,1,0,0.00,0,0,0.00,0.00
NULL,1,"sandeep tanwar kirana store saharanpur","Ignore",0.00,2,0,0.00,0,0,0.00,0.00
NULL,1,"sandurhub_snd","Ignore",0.00,1,0,0.00,0,0,0.00,0.00
NULL,1,"sandurhub_snd bellari","Ignore",0.00,1,0,0.00,1,0,0.00,14.39
NULL,1,"sangamnerhub_sgm sangamner","Ignore",0.00,3,0,0.00,0,0,0.00,0.00
NULL,1,"sangamviharhub_del","Ignore",0.00,1,0,0.00,0,0,0.00,0.00
NULL,1,"sangamviharhub_del new delhi","Ignore",0.00,5,0,0.00,1,0,0.00,14.39
NULL,1,"sangareddy","Ignore",0.00,4,0,0.00,0,0,0.00,0.00
NULL,1,"sangareddyhub_skp sangareddy","Ignore",0.00,2,0,0.00,0,0,0.00,0.00
NULL,1,"sanghvi","Ignore",0.00,3,0,0.00,1,0,0.00,32.77
NULL,1,"sangli","Ignore",0.00,10,0,0.00,4,0,0.00,30.94
NULL,1,"sangli hub","Ignore",0.00,1,0,0.00,0,0,0.00,0.00
NULL,1,"sangli hub sangli","Ignore",0.00,7,0,0.00,0,0,0.00,0.00
NULL,1,"sangrur","Ignore",0.00,13,0,0.00,0,0,0.00,0.00
NULL,1,"sangrur area office","Ignore",0.00,0,0,0.00,1,0,0.00,34.28
NULL,1,"sangrurhub_snr","Ignore",0.00,1,0,0.00,0,0,0.00,0.00
NULL,1,"sangrurhub_snr sangrur","Ignore",0.00,7,0,0.00,0,0,0.00,0.00
NULL,1,"sangrurhubtemp_snr sangrur","Ignore",0.00,4,0,0.00,1,0,0.00,14.90
NULL,1,"sangvihub_pune","Ignore",0.00,2,0,0.00,0,0,0.00,0.00
NULL,1,"sangvihub_pune pune","Ignore",0.00,12,0,0.00,0,0,0.00,0.00
NULL,1,"sangwara","Ignore",0.00,1,0,0.00,0,0,0.00,0.00
NULL,1,"saniya opticals new delhi","Ignore",0.00,1,0,0.00,0,0,0.00,0.00
NULL,1,"sanjauli, sanjauli, himachal pradesh","Ignore",0.00,0,0,0.00,1,0,0.00,14.50
NULL,1,"sanjay mobile new delhi","Ignore",0.00,1,0,0.00,0,0,0.00,0.00
NULL,1,"sanjay store gurgaon","Ignore",0.00,1,0,0.00,0,0,0.00,0.00
NULL,1,"sanjeev kumar new delhi","Ignore",0.00,3,0,0.00,0,0,0.00,0.00
NULL,1,"sanju trading panchkula","Ignore",0.00,1,0,0.00,0,0,0.00,0.00
NULL,1,"sankalp general store gurgaon","Ignore",0.00,1,0,0.00,0,0,0.00,0.00
NULL,1,"sankar traders pallipat","Ignore",0.00,1,0,0.00,0,0,0.00,0.00
NULL,1,"sankara","Ignore",0.00,3,0,0.00,1,0,0.00,44.22
NULL,1,"sankarapuram","Ignore",0.00,3,0,0.00,0,0,0.00,0.00
NULL,1,"sankarapuramhub_skp","Ignore",0.00,1,0,0.00,0,0,0.00,0.00
NULL,1,"sankarapuramhub_skp sankarapuram","Ignore",0.00,3,0,0.00,0,0,0.00,0.00
NULL,1,"sankeshwar 1, sankeshwar, karnataka","Ignore",0.00,0,0,0.00,1,0,0.00,14.28
NULL,1,"sankhla store new delhi","Ignore",0.00,1,0,0.00,0,0,0.00,0.00
NULL,1,"sanquelim","Ignore",0.00,0,0,0.00,1,0,0.00,14.34
NULL,1,"sanquelimhub_goa panjim","Ignore",0.00,1,0,0.00,0,0,0.00,0.00
NULL,1,"sansargarhmdh_sgh mohla","Ignore",0.00,1,0,0.00,0,0,0.00,0.00
NULL,1,"sant kabir nagar","Ignore",0.00,1,0,0.00,0,0,0.00,0.00
NULL,1,"santacruz hub","Ignore",0.00,3,0,0.00,0,0,0.00,0.00
NULL,1,"santacruz west, mumbai, maharashtra","Ignore",0.00,1,0,0.00,3,0,0.00,33.36
NULL,1,"santhoshimatha master kirana karimnagar","Ignore",0.00,3,0,0.00,0,0,0.00,0.00
NULL,1,"santiniketan 1, bolpur, west bengal","Ignore",0.00,0,0,0.00,1,0,0.00,15.25
NULL,1,"santipur1, santipur, west bengal","Ignore",0.00,0,0,0.00,1,0,0.00,14.42
NULL,1,"santosh nagar","Ignore",0.00,2,0,0.00,0,0,0.00,0.00
NULL,1,"santosh vilas telore nashik","Ignore",0.00,1,0,0.00,0,0,0.00,0.00
NULL,1,"santravidasnagar","Ignore",0.00,2,0,0.00,0,0,0.00,0.00
NULL,1,"sanvordem","Ignore",0.00,4,0,0.00,0,0,0.00,0.00
NULL,1,"sanvordem hub","Ignore",0.00,1,0,0.00,0,0,0.00,0.00
NULL,1,"sanvordem hub sanvordem","Ignore",0.00,3,0,0.00,0,0,0.00,0.00
NULL,1,"saoner, saoner, maharashtra","Ignore",0.00,7,0,0.00,0,0,0.00,0.00
NULL,1,"sapthagiri hub","Ignore",0.00,1,0,0.00,0,0,0.00,0.00
NULL,1,"sapthagiri hub tirupati","Ignore",0.00,3,0,0.00,0,0,0.00,0.00
NULL,1,"saqib communication new delhi","Ignore",0.00,3,0,0.00,0,0,0.00,0.00
NULL,1,"saraipalli","Ignore",0.00,1,0,0.00,0,0,0.00,0.00
NULL,1,"saral ashokkumar tharangambadi","Ignore",0.00,1,0,0.00,0,0,0.00,0.00
NULL,1,"saran","Ignore",0.00,1,0,0.00,0,0,0.00,0.00
NULL,1,"sarangarh","Ignore",0.00,4,0,0.00,0,0,0.00,0.00
NULL,1,"sarangarhmdh_sgh sarangarh","Ignore",0.00,1,0,0.00,0,0,0.00,0.00
NULL,1,"sarangpurmdh_sar raigarh","Ignore",0.00,3,0,0.00,0,0,0.00,0.00
NULL,1,"saranya stores coimbatore","Ignore",0.00,1,0,0.00,0,0,0.00,0.00
NULL,1,"sarapaka","Ignore",0.00,2,0,0.00,0,0,0.00,0.00
NULL,1,"saraswati provision kirana store beed","Ignore",0.00,1,0,0.00,0,0,0.00,0.00
NULL,1,"sarathbabi east godavari","Ignore",0.00,1,0,0.00,0,0,0.00,0.00
NULL,1,"saravana tiles salem","Ignore",0.00,1,0,0.00,0,0,0.00,0.00
NULL,1,"saravanampatti / coimbatore","Ignore",0.00,6,0,0.00,0,0,0.00,0.00
NULL,1,"saravanampattihub_cjb saravanampatti / coimbatore","Ignore",0.00,8,0,0.00,0,0,0.00,0.00
NULL,1,"saravanampatty","Ignore",0.00,1,0,0.00,0,0,0.00,0.00
NULL,1,"sardarshahar, sardarshahar, rajasthan","Ignore",0.00,0,0,0.00,1,0,0.00,34.89
NULL,1,"sardhana","Ignore",0.00,1,0,0.00,1,0,0.00,15.25
NULL,1,"sardhanahub_sar sardhana","Ignore",0.00,1,0,0.00,0,0,0.00,0.00
NULL,1,"sarfabadnoidahub_del","Ignore",0.00,4,0,0.00,0,0,0.00,0.00
NULL,1,"sarfabadnoidahub_del noida","Ignore",0.00,9,0,0.00,0,0,0.00,0.00
NULL,1,"sarigam","Ignore",0.00,2,0,0.00,0,0,0.00,0.00
NULL,1,"sarjapura","Ignore",0.00,0,0,0.00,2,0,0.00,16.48
NULL,1,"sarjapurhub_blr","Ignore",0.00,1,0,0.00,0,0,0.00,0.00
NULL,1,"sarjapurhub_blr bengaluru","Ignore",0.00,1,0,0.00,0,0,0.00,0.00
NULL,1,"sarjapursplitosh_blr bangalore","Ignore",0.00,2,0,0.00,0,0,0.00,0.00
NULL,1,"sarkaghat","Ignore",0.00,1,0,0.00,0,0,0.00,0.00
NULL,1,"sarnath","Ignore",0.00,3,0,0.00,0,0,0.00,0.00
NULL,1,"sarnath, varanasi, uttar pradesh","Ignore",0.00,0,0,0.00,1,0,0.00,14.22
NULL,1,"sarnathhub_vns varanasi","Ignore",0.00,2,0,0.00,0,0,0.00,0.00
NULL,1,"saroornagarhub_hyd","Ignore",0.00,5,0,0.00,0,0,0.00,0.00
NULL,1,"saroornagarhub_hyd hyderabad","Ignore",0.00,16,0,0.00,0,0,0.00,0.00
NULL,1,"saroya beauty zone hisar","Ignore",0.00,1,0,0.00,0,0,0.00,0.00
NULL,1,"sarpakamdh_bdm sarapaka","Ignore",0.00,2,0,0.00,0,0,0.00,0.00
NULL,1,"sarpavaramhub_kkd kakinada","Ignore",0.00,1,0,0.00,0,0,0.00,0.00
NULL,1,"sartaj store muzaffarnagar","Ignore",0.00,1,0,0.00,0,0,0.00,0.00
NULL,1,"sarthebari, barpeta, assam","Ignore",0.00,0,0,0.00,1,0,0.00,39.33
NULL,1,"sarupathar","Ignore",0.00,1,0,0.00,0,0,0.00,0.00
NULL,1,"sasalathurodh_alt","Ignore",0.00,2,0,0.00,0,0,0.00,0.00
NULL,1,"sasalathurodh_alt alathur","Ignore",0.00,6,0,0.00,0,0,0.00,0.00
NULL,1,"sasanhub_kol kolkata","Ignore",0.00,1,0,0.00,0,0,0.00,0.00
NULL,1,"sasaram","Ignore",0.00,1,0,0.00,1,0,0.00,15.95
NULL,1,"saschallikereodh_chl challakere","Ignore",0.00,3,0,0.00,0,0,0.00,0.00
NULL,1,"saschemberiodh_che","Ignore",0.00,1,0,0.00,0,0,0.00,0.00
NULL,1,"saschemberiodh_che kannur","Ignore",0.00,3,0,0.00,0,0,0.00,0.00
NULL,1,"saschembrasseriodh_csr","Ignore",0.00,2,0,0.00,0,0,0.00,0.00
NULL,1,"saschembrasseriodh_csr malappuram","Ignore",0.00,2,0,0.00,0,0,0.00,0.00
NULL,1,"sasedappalodh_epp","Ignore",0.00,2,0,0.00,0,0,0.00,0.00
NULL,1,"sasedappalodh_epp edappal","Ignore",0.00,6,0,0.00,0,0,0.00,0.00
NULL,1,"saskattappanaodh_ktp","Ignore",0.00,1,0,0.00,0,0,0.00,0.00
NULL,1,"saskattappanaodh_ktp kattappana","Ignore",0.00,1,0,0.00,0,0,0.00,0.00
NULL,1,"saskodungallurodh_kll kodungallur","Ignore",0.00,3,0,0.00,0,0,0.00,0.00
NULL,1,"saskundapurodh_knd","Ignore",0.00,1,0,0.00,0,0,0.00,0.00
NULL,1,"saskundapurodh_knd udupi","Ignore",0.00,3,0,0.00,1,0,0.00,15.21
NULL,1,"saskunhimangalamodh_kun","Ignore",0.00,1,0,0.00,0,0,0.00,0.00
NULL,1,"saskunhimangalamodh_kun payyanur","Ignore",0.00,1,0,0.00,0,0,0.00,0.00
NULL,1,"sasmadukkaraiodh_mkk coimbatore","Ignore",0.00,1,0,0.00,0,0,0.00,0.00
NULL,1,"sasmangalapuramodh_mng","Ignore",0.00,2,0,0.00,0,0,0.00,0.00
NULL,1,"sasmangalapuramodh_mng mangalapuram","Ignore",0.00,6,0,0.00,0,0,0.00,0.00
NULL,1,"saspattambiodh_plm pattambi","Ignore",0.00,4,0,0.00,0,0,0.00,0.00
NULL,1,"sasperinthalmannaodh_pnn","Ignore",0.00,1,0,0.00,0,0,0.00,0.00
NULL,1,"sasperinthalmannaodh_pnn perinthalmanna","Ignore",0.00,2,0,0.00,0,0,0.00,0.00
NULL,1,"sasthamcotta","Ignore",0.00,1,0,0.00,0,0,0.00,0.00
NULL,1,"sasthuravoorodh_tho thuravoor","Ignore",0.00,3,0,0.00,0,0,0.00,0.00
NULL,1,"sasuttarahalliodh_blr bangalore","Ignore",0.00,2,0,0.00,0,0,0.00,0.00
NULL,1,"sasvadakkencherryodh_vdy palakkad","Ignore",0.00,1,0,0.00,0,0,0.00,0.00
NULL,1,"sasvaikomodh_vkm vaikom","Ignore",0.00,4,0,0.00,0,0,0.00,0.00
NULL,1,"sasvellurtrikapurodh_vtr","Ignore",0.00,1,0,0.00,0,0,0.00,0.00
NULL,1,"sasvellurtrikapurodh_vtr nileshwar","Ignore",0.00,6,0,0.00,0,0,0.00,0.00
NULL,1,"satara","Ignore",0.00,1,0,0.00,0,0,0.00,0.00
NULL,1,"satara, maharashtra, in","Ignore",0.00,1,0,0.00,0,0,0.00,0.00
NULL,1,"sathish tea stall madurai","Ignore",0.00,2,0,0.00,0,0,0.00,0.00
NULL,1,"sathupally, sathupally, telangana","Ignore",0.00,0,0,0.00,1,0,0.00,14.54
NULL,1,"sathyamangalam","Ignore",0.00,1,0,0.00,0,0,0.00,0.00
NULL,1,"satighathubsplit_bkr bankura","Ignore",0.00,1,0,0.00,0,0,0.00,0.00
NULL,1,"satish kirana store rohtak","Ignore",0.00,1,0,0.00,0,0,0.00,0.00
NULL,1,"satl","Ignore",0.00,28,0,0.00,7,0,0.00,36.70
NULL,1,"satna","Ignore",0.00,3,0,0.00,0,0,0.00,0.00
NULL,1,"satnahub_sta satna","Ignore",0.00,3,0,0.00,0,0,0.00,0.00
NULL,1,"sattenapalli","Ignore",0.00,3,0,0.00,0,0,0.00,0.00
NULL,1,"sattenapallihub_stn","Ignore",0.00,1,0,0.00,0,0,0.00,0.00
NULL,1,"sattenapallihub_stn sattenapalli","Ignore",0.00,3,0,0.00,0,0,0.00,0.00
NULL,1,"satyam coaching center kannauj","Ignore",0.00,1,0,0.00,0,0,0.00,0.00
NULL,1,"satyanarayana store jaipur","Ignore",0.00,1,0,0.00,0,0,0.00,0.00
NULL,1,"savita gupta vasai","Ignore",0.00,2,0,0.00,0,0,0.00,0.00
NULL,1,"savner","Ignore",0.00,5,0,0.00,0,0,0.00,0.00
NULL,1,"sawai madhopur","Ignore",0.00,2,0,0.00,1,0,0.00,24.88
NULL,1,"sawaimadhopurhub_saw sawai madhopur","Ignore",0.00,2,0,0.00,0,0,0.00,0.00
NULL,1,"sawant store mumbai","Ignore",0.00,1,0,0.00,0,0,0.00,0.00
NULL,1,"sayajigunj service centre","Ignore",0.00,4,0,0.00,0,0,0.00,0.00
NULL,1,"sayali boutique nagpur","Ignore",0.00,1,0,0.00,0,0,0.00,0.00
NULL,1,"sayanmdh_say surat","Ignore",0.00,2,0,0.00,0,0,0.00,0.00
NULL,1,"sb store's vadodara","Ignore",0.00,1,0,0.00,0,0,0.00,0.00
NULL,1,"sbp/bra-tml, sambalpur, orissa","Ignore",0.00,0,0,0.00,1,0,0.00,40.80
NULL,1,"sd kirana patiala","Ignore",0.00,1,0,0.00,0,0,0.00,0.00
NULL,1,"sectorv hub kolkata","Ignore",0.00,1,0,0.00,0,0,0.00,0.00
NULL,1,"secunderabad","Ignore",0.00,3,0,0.00,2,0,0.00,16.92
NULL,1,"secunderabad hub","Ignore",0.00,369,0,0.00,14,0,0.00,27.70
NULL,1,"secundrabad","Ignore",0.00,27,0,0.00,0,0,0.00,0.00
NULL,1,"sedam","Ignore",0.00,1,0,0.00,1,0,0.00,27.34
NULL,1,"sedamhub_sem sedam","Ignore",0.00,0,0,0.00,1,0,0.00,15.73
NULL,1,"seelanaikenpatti, salem, tamil nadu","Ignore",0.00,1,0,0.00,0,0,0.00,0.00
NULL,1,"sehaj beauty parlour nawanshahr","Ignore",0.00,1,0,0.00,0,0,0.00,0.00
NULL,1,"seharabazarmdh_srb burdwan","Ignore",0.00,1,0,0.00,0,0,0.00,0.00
NULL,1,"sehore","Ignore",0.00,1,0,0.00,1,0,0.00,19.36
NULL,1,"sehore, madhya pradesh, in","Ignore",0.00,1,0,0.00,0,0,0.00,0.00
NULL,1,"selaiyur","Ignore",0.00,1,0,0.00,2,0,0.00,31.95
NULL,1,"selaqui, dehradun, uttarakhand","Ignore",0.00,0,0,0.00,1,0,0.00,14.77
NULL,1,"selu","Ignore",0.00,3,0,0.00,1,0,0.00,14.25
NULL,1,"sembanarkoil","Ignore",0.00,0,0,0.00,1,0,0.00,14.73
NULL,1,"senapati bapat road","Ignore",0.00,1,0,0.00,3,0,0.00,15.08
NULL,1,"seoni","Ignore",0.00,0,0,0.00,3,0,0.00,15.67
NULL,1,"seoni, seoni, madhya pradesh","Ignore",0.00,0,0,0.00,2,0,0.00,40.52
NULL,1,"serampore, hooghly, west bengal","Ignore",0.00,0,0,0.00,1,0,0.00,32.87
NULL,1,"sethi store new delhi","Ignore",0.00,5,0,0.00,0,0,0.00,0.00
NULL,1,"sevoor","Ignore",0.00,2,0,0.00,0,0,0.00,0.00
NULL,1,"sewrihub_mum","Ignore",0.00,1,0,0.00,0,0,0.00,0.00
NULL,1,"sewrihub_mum mumbai","Ignore",0.00,4,0,0.00,0,0,0.00,0.00
NULL,1,"shadnagar","Ignore",0.00,3,0,0.00,0,0,0.00,0.00
NULL,1,"shadowfaxbabinaodh_jhs babina","Ignore",0.00,1,0,0.00,0,0,0.00,0.00
NULL,1,"shadowfaxbhawanigarhodh_bha bhawaigarh","Ignore",0.00,2,0,0.00,0,0,0.00,0.00
NULL,1,"shadowfaxghatkoparodh_mum mumbai","Ignore",0.00,4,0,0.00,0,0,0.00,0.00
NULL,1,"shadowfaxgosabamdh_gos gosaba","Ignore",0.00,1,0,0.00,0,0,0.00,0.00
NULL,1,"shadowfaxjulanaodh_jnd","Ignore",0.00,1,0,0.00,0,0,0.00,0.00
NULL,1,"shadowfaxjulanaodh_jnd jhulana","Ignore",0.00,1,0,0.00,0,0,0.00,0.00
NULL,1,"shadowfaxkareraodh_kra karera","Ignore",0.00,1,0,0.00,0,0,0.00,0.00
NULL,1,"shadowfaxmadhugirimdh_mdg madhugiri","Ignore",0.00,1,0,0.00,0,0,0.00,0.00
NULL,1,"shadowfaxmahuvaodh_mhv surat","Ignore",0.00,2,0,0.00,0,0,0.00,0.00
NULL,1,"shadowfaxmudholodh_rcr bagalkot","Ignore",0.00,2,0,0.00,0,0,0.00,0.00
NULL,1,"shadowfaxmudigeremdh_mdi chikmagalur","Ignore",0.00,1,0,0.00,0,0,0.00,0.00
NULL,1,"shadowfaxmyorpurodh_son sonbhadra","Ignore",0.00,1,0,0.00,0,0,0.00,0.00
NULL,1,"shadowfaxnayagoanodh_nug","Ignore",0.00,1,0,0.00,0,0,0.00,0.00
NULL,1,"shadowfaxsunamodh_sun","Ignore",0.00,1,0,0.00,0,0,0.00,0.00
NULL,1,"shadowfaxsunamodh_sun sunam","Ignore",0.00,2,0,0.00,0,0,0.00,0.00
NULL,1,"shah enterprises goregaon mumbai","Ignore",0.00,5,0,0.00,0,0,0.00,0.00
NULL,1,"shahabad","Ignore",0.00,0,0,0.00,1,0,0.00,34.27
NULL,1,"shahabad markanda","Ignore",0.00,0,0,0.00,1,0,0.00,15.37
NULL,1,"shahdarahub_del","Ignore",0.00,5,0,0.00,0,0,0.00,0.00
NULL,1,"shahdarahub_del delhi","Ignore",0.00,18,0,0.00,0,0,0.00,0.00
NULL,1,"shahdolhub_shd shahdol","Ignore",0.00,2,0,0.00,0,0,0.00,0.00
NULL,1,"shahganj","Ignore",0.00,1,0,0.00,0,0,0.00,0.00
NULL,1,"shahjahanpur","Ignore",0.00,5,0,0.00,0,0,0.00,0.00
NULL,1,"shahjahanpur, shahijahanpur, uttar pradesh","Ignore",0.00,0,0,0.00,3,0,0.00,15.17
NULL,1,"shahjahanpurhub_sjh shahjahanpur","Ignore",0.00,1,0,0.00,0,0,0.00,0.00
NULL,1,"shahnawaz new delhi","Ignore",0.00,3,0,0.00,0,0,0.00,0.00
NULL,1,"shahpur","Ignore",0.00,2,0,0.00,0,0,0.00,0.00
NULL,1,"shahpur jh, shahpur jh, jharkhand","Ignore",0.00,0,0,0.00,1,0,0.00,16.39
NULL,1,"shaik ramjan bi rent house nandigama","Ignore",0.00,1,0,0.00,0,0,0.00,0.00
NULL,1,"baileyroadhub_pat patna","Ignore",0.00,5,0,0.00,0,0,0.00,0.00
NULL,1,"shaikh absaar aurangabad","Ignore",0.00,2,0,0.00,0,0,0.00,0.00
NULL,1,"shaikh altaf vejalpur","Ignore",0.00,1,0,0.00,0,0,0.00,0.00
NULL,1,"shaileshbhai nagarbhai jetapara surendranagar","Ignore",0.00,0,0,0.00,1,0,0.00,16.18
NULL,1,"shajapur","Ignore",0.00,5,0,0.00,1,0,0.00,29.23
NULL,1,"shaktawat enterprises udaipur","Ignore",0.00,5,0,0.00,0,0,0.00,0.00
NULL,1,"shakti nagar, shakti nagar, uttar pradesh","Ignore",0.00,0,0,0.00,2,0,0.00,29.77
NULL,1,"shaktinagarmdh_aaa sonbhadra","Ignore",0.00,1,0,0.00,0,0,0.00,0.00
NULL,1,"shaktiodh_sha raigarh","Ignore",0.00,2,0,0.00,0,0,0.00,0.00
NULL,1,"shalabam kozhikode","Ignore",0.00,2,0,0.00,0,0,0.00,0.00
NULL,1,"shalimargardenhub_del","Ignore",0.00,1,0,0.00,0,0,0.00,0.00
NULL,1,"shalimargardenhub_del ghaziabad","Ignore",0.00,5,0,0.00,0,0,0.00,0.00
NULL,1,"shamdhu atta chaki greater noida","Ignore",0.00,1,0,0.00,0,0,0.00,0.00
NULL,1,"shamli","Ignore",0.00,7,0,0.00,0,0,0.00,0.00
NULL,1,"shamlihub_shi","Ignore",0.00,1,0,0.00,0,0,0.00,0.00
NULL,1,"shamlihub_shi shamli","Ignore",0.00,6,0,0.00,0,0,0.00,0.00
NULL,1,"shamshabadhub_hyd","Ignore",0.00,1,0,0.00,0,0,0.00,0.00
NULL,1,"shamshabadhub_hyd hyderabad","Ignore",0.00,1,0,0.00,0,0,0.00,0.00
NULL,1,"shanthinagarhub_blr bengaluru","Ignore",0.00,3,0,0.00,0,0,0.00,0.00
NULL,1,"shanu store bareilly","Ignore",0.00,1,0,0.00,0,0,0.00,0.00
NULL,1,"shapurhub_hyd hyderabad","Ignore",0.00,4,0,0.00,0,0,0.00,0.00
NULL,1,"sharad janral store taloda dhule","Ignore",0.00,2,0,0.00,0,0,0.00,0.00
NULL,1,"sharafat kirana store saharanpur","Ignore",0.00,1,0,0.00,0,0,0.00,0.00
NULL,1,"shardha master kirana k.v.rangareddy","Ignore",0.00,1,0,0.00,0,0,0.00,0.00
NULL,1,"sharif raza kanpur","Ignore",0.00,1,0,0.00,0,0,0.00,0.00
NULL,1,"shashi kala new delhi","Ignore",0.00,4,0,0.00,1,0,0.00,14.57
NULL,1,"shasi kant store new delhi","Ignore",0.00,1,0,0.00,0,0,0.00,0.00
NULL,1,"sheetal kumar kaithal","Ignore",0.00,1,0,0.00,0,0,0.00,0.00
NULL,1,"sheik home villupuram","Ignore",0.00,1,0,0.00,0,0,0.00,0.00
NULL,1,"sheohar","Ignore",0.00,1,0,0.00,0,0,0.00,0.00
NULL,1,"sheohar, sheohar, bihar","Ignore",0.00,0,0,0.00,1,0,0.00,15.42
NULL,1,"sheoharhub_smi sheohar","Ignore",0.00,0,0,0.00,1,0,0.00,14.88
NULL,1,"shepahijhuriteodh_ixs patharkandi","Ignore",0.00,1,0,0.00,0,0,0.00,0.00
NULL,1,"sherghati","Ignore",0.00,2,0,0.00,0,0,0.00,0.00
NULL,1,"sherghatihub_gay sherghati","Ignore",0.00,1,0,0.00,0,0,0.00,0.00
NULL,1,"sherkhibachauodh_bac","Ignore",0.00,2,0,0.00,0,0,0.00,0.00
NULL,1,"shikha ghosh alipurduar","Ignore",0.00,1,0,0.00,0,0,0.00,0.00
NULL,1,"shikrapur","Ignore",0.00,1,0,0.00,0,0,0.00,0.00
NULL,1,"shillong","Ignore",0.00,6,0,0.00,2,0,0.00,14.50
NULL,1,"shillong office","Ignore",0.00,1,0,0.00,2,0,0.00,14.87
NULL,1,"shillong, shillong, meghalaya","Ignore",0.00,1,0,0.00,1,0,0.00,15.01
NULL,1,"shilpa home pathanamthitta","Ignore",0.00,1,0,0.00,0,0,0.00,0.00
NULL,1,"shimlahub_shm","Ignore",0.00,2,0,0.00,0,0,0.00,0.00
NULL,1,"shimlahub_shm shimla","Ignore",0.00,9,0,0.00,0,0,0.00,0.00
NULL,1,"shimlahubtemp_shm","Ignore",0.00,3,0,0.00,0,0,0.00,0.00
NULL,1,"shimlahubtemp_shm shimla","Ignore",0.00,1,0,0.00,0,0,0.00,0.00
NULL,1,"shimoga","Ignore",0.00,3,0,0.00,1,0,0.00,20.23
NULL,1,"shiralkoppa","Ignore",0.00,1,0,0.00,0,0,0.00,0.00
NULL,1,"shiralkoppahub_kpp shiralkoppa","Ignore",0.00,1,0,0.00,0,0,0.00,0.00
NULL,1,"shirpur","Ignore",0.00,1,0,0.00,0,0,0.00,0.00
NULL,1,"shirwal, shirwal, maharashtra","Ignore",0.00,0,0,0.00,1,0,0.00,14.50
NULL,1,"shiv dhruv store new delhi","Ignore",0.00,1,0,0.00,0,0,0.00,0.00
NULL,1,"shiv shambho services alibag","Ignore",0.00,1,0,0.00,0,0,0.00,0.00
NULL,1,"shiv shankar gautam buddha nagar","Ignore",0.00,1,0,0.00,0,0,0.00,0.00
NULL,1,"shiva chanti miryalaguda","Ignore",0.00,1,0,0.00,0,0,0.00,0.00
NULL,1,"shivajinagarhub_pune pune","Ignore",0.00,14,0,0.00,0,0,0.00,0.00
NULL,1,"shivam gour khandwa","Ignore",0.00,0,0,0.00,1,0,0.00,14.91
NULL,1,"shivam store new delhi","Ignore",0.00,2,0,0.00,0,0,0.00,0.00
NULL,1,"shivamogga","Ignore",0.00,0,0,0.00,2,0,0.00,14.48
NULL,1,"shivamogga, shivamogga, karnataka","Ignore",0.00,2,0,0.00,3,0,0.00,15.25
NULL,1,"shivan store nagpur","Ignore",0.00,1,0,0.00,0,0,0.00,0.00
NULL,1,"shivansh enterprises ahmedabad","Ignore",0.00,2,0,0.00,0,0,0.00,0.00
NULL,1,"shivapura, shivapura, karnataka","Ignore",0.00,0,0,0.00,1,0,0.00,14.59
NULL,1,"shivmandir office","Ignore",0.00,0,0,0.00,1,0,0.00,16.15
NULL,1,"shivpuri","Ignore",0.00,6,0,0.00,0,0,0.00,0.00
NULL,1,"shivpuri ddnagar, shivpuri, madhya pradesh","Ignore",0.00,0,0,0.00,1,0,0.00,38.43
NULL,1,"shivpuri expansion","Ignore",0.00,0,0,0.00,1,0,0.00,14.88
NULL,1,"shivpurihub_svp shivpuri","Ignore",0.00,2,0,0.00,2,0,0.00,16.35
NULL,1,"shmh","Ignore",0.00,39,0,0.00,0,0,0.00,0.00
NULL,1,"sholapur","Ignore",0.00,7,0,0.00,0,0,0.00,0.00
NULL,1,"sholingurodh_slg","Ignore",0.00,1,0,0.00,0,0,0.00,0.00
NULL,1,"sholingurodh_slg arakkonam","Ignore",0.00,2,0,0.00,0,0,0.00,0.00
NULL,1,"shorapur","Ignore",0.00,2,0,0.00,0,0,0.00,0.00
NULL,1,"shorapurhub_sur","Ignore",0.00,1,0,0.00,0,0,0.00,0.00
NULL,1,"shorapurhub_sur shorapur","Ignore",0.00,2,0,0.00,0,0,0.00,0.00
NULL,1,"shornur","Ignore",0.00,2,0,0.00,0,0,0.00,0.00
NULL,1,"shornurhub_sho shornur","Ignore",0.00,1,0,0.00,0,0,0.00,0.00
NULL,1,"shourya store new delhi","Ignore",0.00,1,0,0.00,0,0,0.00,0.00
NULL,1,"shree ganesh ladies tailor nagpur","Ignore",0.00,1,0,0.00,0,0,0.00,0.00
NULL,1,"shree metro agency and guru borewell ratnagiri","Ignore",0.00,2,0,0.00,0,0,0.00,0.00
NULL,1,"shree nandikeshwara chicken stall mangalore","Ignore",0.00,1,0,0.00,0,0,0.00,0.00
NULL,1,"shree riddhi sidhhi mumbai","Ignore",0.00,1,0,0.00,0,0,0.00,0.00
NULL,1,"shri dungargarh, shri dungargarh, rajasthan","Ignore",0.00,0,0,0.00,1,0,0.00,14.64
NULL,1,"shri krishna express gurgaon","Ignore",0.00,1,0,0.00,0,0,0.00,0.00
NULL,1,"shri ram atta chakki ghaziabad","Ignore",0.00,2,0,0.00,0,0,0.00,0.00
NULL,1,"shri ram store new delhi","Ignore",0.00,3,0,0.00,0,0,0.00,0.00
NULL,1,"shri rudram enterprises udaipur","Ignore",0.00,1,0,0.00,0,0,0.00,0.00
NULL,1,"shri vijaynagar, shri vijainagar, rajasthan","Ignore",0.00,0,0,0.00,1,0,0.00,15.34
NULL,1,"shrirampur","Ignore",0.00,5,0,0.00,1,0,0.00,14.47
NULL,1,"shrirampurhub_smp shrirampur","Ignore",0.00,1,0,0.00,0,0,0.00,0.00
NULL,1,"shubham maurya yamunanagar","Ignore",0.00,1,0,0.00,0,0,0.00,0.00
NULL,1,"shweta kashwalia store jammu","Ignore",0.00,1,0,0.00,1,0,0.00,15.02
NULL,1,"shyam sunder new delhi","Ignore",0.00,2,0,0.00,0,0,0.00,0.00
NULL,1,"shyamnagar bdel","Ignore",0.00,0,0,0.00,3,0,0.00,15.83
NULL,1,"shyamnagarhub_kol","Ignore",0.00,1,0,0.00,0,0,0.00,0.00
NULL,1,"shyamnagarhub_kol kolkata","Ignore",0.00,2,0,0.00,1,0,0.00,15.86
NULL,1,"sibsagar","Ignore",0.00,2,0,0.00,0,0,0.00,0.00
NULL,1,"siddagangahub_tkr tumkur","Ignore",0.00,5,0,0.00,0,0,0.00,0.00
NULL,1,"siddharthviharhub_del","Ignore",0.00,1,0,0.00,0,0,0.00,0.00
NULL,1,"siddhi enterprises modasa","Ignore",0.00,2,0,0.00,0,0,0.00,0.00
NULL,1,"siddhpur","Ignore",0.00,3,0,0.00,0,0,0.00,0.00
NULL,1,"siddipet","Ignore",0.00,3,0,0.00,1,0,0.00,14.48
NULL,1,"siddipethub_sdp siddipet","Ignore",0.00,3,0,0.00,0,0,0.00,0.00
NULL,1,"sidharth coching centre ghaziabad","Ignore",0.00,1,0,0.00,0,0,0.00,0.00
NULL,1,"sidhauli (sitapur)","Ignore",0.00,0,0,0.00,4,0,0.00,14.57
NULL,1,"sidhi","Ignore",0.00,3,0,0.00,0,0,0.00,0.00
NULL,1,"sidhi master kirana kakinada","Ignore",0.00,2,0,0.00,0,0,0.00,0.00
NULL,1,"sidhihub_sid sidhi","Ignore",0.00,3,0,0.00,0,0,0.00,0.00
NULL,1,"sigmagorakhpurodh_grk gorakhpur","Ignore",0.00,1,0,0.00,0,0,0.00,0.00
NULL,1,"sigmajagraonodh_jgn jagraon","Ignore",0.00,2,0,0.00,0,0,0.00,0.00
NULL,1,"sigra hub","Ignore",0.00,1,0,0.00,0,0,0.00,0.00
NULL,1,"sigra hub varanasi","Ignore",0.00,3,0,0.00,0,0,0.00,0.00
NULL,1,"sihora","Ignore",0.00,4,0,0.00,1,0,0.00,16.17
NULL,1,"sihorahub_sih sihora","Ignore",0.00,2,0,0.00,0,0,0.00,0.00
NULL,1,"sikandarabad industrial area, uttar pradesh, in","Ignore",0.00,3,0,0.00,0,0,0.00,0.00
NULL,1,"sikandrabad","Ignore",0.00,0,0,0.00,1,0,0.00,26.40
NULL,1,"sikandrahub_agr agra","Ignore",0.00,1,0,0.00,0,0,0.00,0.00
NULL,1,"sikar","Ignore",0.00,2,0,0.00,6,0,0.00,37.35
NULL,1,"sikarhub_sik sikar","Ignore",0.00,1,0,0.00,0,0,0.00,0.00
NULL,1,"siliguri","Ignore",0.00,16,0,0.00,8,0,0.00,20.92
NULL,1,"siliguri hub siliguri","Ignore",0.00,2,0,0.00,0,0,0.00,0.00
NULL,1,"siliguri warehouse","Ignore",0.00,299,0,0.00,1,0,0.00,34.72
NULL,1,"siliguri, siliguri, west bengal","Ignore",0.00,3,0,0.00,1,0,0.00,14.80
NULL,1,"siligurisplitmdh_ixb","Ignore",0.00,2,0,0.00,0,0,0.00,0.00
NULL,1,"siligurisplitmdh_ixb siliguri","Ignore",0.00,5,0,0.00,0,0,0.00,0.00
NULL,1,"silvassa","Ignore",0.00,1,0,0.00,0,0,0.00,0.00
NULL,1,"silvassahub_amd silvassa","Ignore",0.00,1,0,0.00,0,0,0.00,0.00
NULL,1,"simdegamdh_smd simdega","Ignore",0.00,1,0,0.00,0,0,0.00,0.00
NULL,1,"simrihub_shc","Ignore",0.00,1,0,0.00,0,0,0.00,0.00
NULL,1,"simrihub_shc saharsa","Ignore",0.00,2,0,0.00,0,0,0.00,0.00
NULL,1,"sindewahi, sindewahi, maharashtra","Ignore",0.00,1,0,0.00,0,0,0.00,0.00
NULL,1,"sindhudurg","Ignore",0.00,3,0,0.00,0,0,0.00,0.00
NULL,1,"sindrisplitodh_dbd dhanbad","Ignore",0.00,2,0,0.00,0,0,0.00,0.00
NULL,1,"singahi, singahi, uttar pradesh","Ignore",0.00,0,0,0.00,1,0,0.00,31.38
NULL,1,"singanallur, coimbatore, tamil nadu","Ignore",0.00,0,0,0.00,1,0,0.00,14.49
NULL,1,"singh furniture dehradun","Ignore",0.00,1,0,0.00,0,0,0.00,0.00
NULL,1,"singh stationery new delhi","Ignore",0.00,1,0,0.00,0,0,0.00,0.00
NULL,1,"singrauli","Ignore",0.00,3,0,0.00,2,0,0.00,30.17
NULL,1,"singrauli, madhya pradesh, in","Ignore",0.00,0,0,0.00,2,0,0.00,36.11
NULL,1,"singraulihub_sgu","Ignore",0.00,1,0,0.00,0,0,0.00,0.00
NULL,1,"singraulihub_sgu singrauli","Ignore",0.00,2,0,0.00,0,0,0.00,0.00
NULL,1,"sinhagad","Ignore",0.00,6,0,0.00,0,0,0.00,0.00
NULL,1,"sinnar1, sinner, maharashtra","Ignore",0.00,0,0,0.00,1,0,0.00,14.76
NULL,1,"sintu store gurgaon","Ignore",0.00,1,0,0.00,0,0,0.00,0.00
NULL,1,"sionmdh_mum mumbai","Ignore",0.00,1,0,0.00,0,0,0.00,0.00
NULL,1,"sira","Ignore",0.00,3,0,0.00,0,0,0.00,0.00
NULL,1,"sirahub_cra sira","Ignore",0.00,1,0,0.00,2,0,0.00,16.85
NULL,1,"sircilla","Ignore",0.00,2,0,0.00,0,0,0.00,0.00
NULL,1,"sircillahub_src","Ignore",0.00,1,0,0.00,0,0,0.00,0.00
NULL,1,"sircillahub_src sircilla","Ignore",0.00,0,0,0.00,1,0,0.00,15.97
NULL,1,"sirmaur","Ignore",0.00,1,0,0.00,0,0,0.00,0.00
NULL,1,"sirsa","Ignore",0.00,8,0,0.00,0,0,0.00,0.00
NULL,1,"sirsa, sirsa, haryana","Ignore",0.00,40,0,0.00,2,0,0.00,23.22
NULL,1,"sirsaganj","Ignore",0.00,1,0,0.00,0,0,0.00,0.00
NULL,1,"sirsaganjhub_srs sirsaganj","Ignore",0.00,1,0,0.00,0,0,0.00,0.00
NULL,1,"sirsahub_srs","Ignore",0.00,2,0,0.00,0,0,0.00,0.00
NULL,1,"sirsahub_srs sirsa","Ignore",0.00,4,0,0.00,0,0,0.00,0.00
NULL,1,"sitamarhi1, sitamarhi, bihar","Ignore",0.00,0,0,0.00,1,0,0.00,15.24
NULL,1,"sitapur","Ignore",0.00,3,0,0.00,0,0,0.00,0.00
NULL,1,"sitapurahub_jai jaipur","Ignore",0.00,0,0,0.00,2,0,0.00,15.46
NULL,1,"sitapurhub_sit","Ignore",0.00,1,0,0.00,0,0,0.00,0.00
NULL,1,"sitaram kirana jamnagar","Ignore",0.00,1,0,0.00,0,0,0.00,0.00
NULL,1,"sitaramnagar","Ignore",0.00,10,0,0.00,0,0,0.00,0.00
NULL,1,"sitaramnagar hub","Ignore",0.00,1,0,0.00,0,0,0.00,0.00
NULL,1,"sitaramnagar hub guntur","Ignore",0.00,4,0,0.00,0,0,0.00,0.00
NULL,1,"sitarganj","Ignore",0.00,2,0,0.00,0,0,0.00,0.00
NULL,1,"sitarganjhub_sit sitarganj","Ignore",0.00,2,0,0.00,0,0,0.00,0.00
NULL,6345,"jai/hub, jaipur, rajasthan","Ignore",0.02,1842,1,0.05,5,0,0.00,17.44
NULL,6346,"del/shb, ghaziabad, uttar pradesh","Ignore",0.03,826,1,0.12,1,0,0.00,15.75
NULL,6346,"blr/fc1, bangalore, karnataka","Ignore",0.03,1290,1,0.08,9,0,0.00,47.24
NULL,6348,"pnyx","Ignore",0.04,577,1,0.17,4,0,0.00,29.04
NULL,6348,"motherhub_mal malur","Ignore",0.04,588,1,0.17,0,0,0.00,0.00
NULL,6350,"del/ptd, delhi ncr, delhi","Ignore",0.05,6153,4,0.07,75,0,0.00,26.99
NULL,6351,"parvati service center","Ignore",0.06,384,1,0.26,0,0,0.00,0.00
NULL,6351,"gopinath bazar hub","Ignore",0.06,4151,4,0.10,1,0,0.00,21.10
NULL,6351,"delhi hub","Ignore",0.06,3246,4,0.12,124,0,0.00,48.97
NULL,6351,"panvel/hub, navi mumbai, maharashtra","Ignore",0.06,1888,3,0.16,21,0,0.00,48.35
NULL,6355,"lko/lh1, lucknow, uttar pradesh","Ignore",0.07,324,1,0.31,10,0,0.00,27.08
NULL,6355,"raipur warehouse","Ignore",0.07,339,1,0.29,28,0,0.00,37.20
NULL,6355,"kundli air hub","Ignore",0.07,766,2,0.26,12,0,0.00,28.52
NULL,6355,"bareja epu","Ignore",0.07,1345,3,0.22,3,0,0.00,26.48
NULL,6355,"rohini etail unit","Ignore",0.07,1544,3,0.19,1,0,0.00,48.25
NULL,6360,"goregaon","Ignore",0.08,282,1,0.35,0,0,0.00,0.00
NULL,6360,"town etail processing uni","Ignore",0.08,279,1,0.36,0,0,0.00,0.00
NULL,6360,"bengaluru hub","Ignore",0.08,3181,5,0.16,28,0,0.00,46.70
NULL,6363,"pnq/hub, pune, maharashtra","Ignore",0.09,260,1,0.38,0,0,0.00,0.00
NULL,6363,"fkl_nagbts01","Ignore",0.09,243,1,0.41,0,0,0.00,0.00
NULL,6363,"pnq/chk, pune, maharashtra","Ignore",0.09,2144,5,0.23,7,0,0.00,16.50
NULL,6366,"fkl-coimbatore","Ignore",0.10,211,1,0.47,0,0,0.00,0.00
NULL,6366,"hubli warehouse","Ignore",0.10,228,1,0.44,4,0,0.00,32.27
NULL,6366,"jayanagar","Ignore",0.10,229,1,0.44,12,0,0.00,15.55
NULL,6366,"fkl-mumflexsai4","Ignore",0.10,1874,5,0.27,0,0,0.00,0.00
NULL,6366,"coimbatore hub","Ignore",0.10,232,1,0.43,17,0,0.00,39.07
NULL,6371,"kalol","Ignore",0.11,773,3,0.39,0,0,0.00,0.00
NULL,6371,"bbn/hub, bhubaneswar, orissa","Ignore",0.11,418,2,0.48,31,0,0.00,45.14
NULL,6371,"rjk warehouse","Ignore",0.11,199,1,0.50,0,0,0.00,0.00
NULL,6371,"motherhub_del jhajjhar","Ignore",0.11,193,1,0.52,0,0,0.00,0.00
NULL,6371,"kapashera hub","Ignore",0.11,4571,8,0.18,313,0,0.00,47.40
NULL,6371,"hsr layout","Ignore",0.11,2974,7,0.24,9,0,0.00,36.92
NULL,6377,"motherhub_blr bengaluru","Ignore",0.12,187,1,0.53,0,0,0.00,0.00
NULL,6377,"bhim","Ignore",0.12,649,3,0.46,8,0,0.00,37.05
NULL,6377,"vasai","Ignore",0.12,1806,6,0.33,1,0,0.00,15.09
NULL,6377,"jaipur hub","Ignore",0.12,924,4,0.43,69,0,0.00,38.67
NULL,6381,"jbl/hub, jabalpur, madhya pradesh","Ignore",0.13,163,1,0.61,10,0,0.00,28.45
NULL,6381,"fkl_delincity","Ignore",0.13,907,4,0.44,0,0,0.00,0.00
NULL,6381,"etail cpu","Ignore",0.13,173,1,0.58,0,0,0.00,0.00
NULL,6381,"maa/pc1, chennai, tamil nadu","Ignore",0.13,574,3,0.52,7,0,0.00,20.48
NULL,6385,"ambala air hub","Ignore",0.14,779,4,0.51,47,0,0.00,43.47
NULL,6385,"new delhi","Ignore",0.14,318,2,0.63,8,0,0.00,19.24
NULL,6387,"pck/ptd, gurgaon, haryana","Ignore",0.16,1920,8,0.42,0,0,0.00,0.00
NULL,6387,"calicut mini hub","Ignore",0.16,132,1,0.76,9,0,0.00,27.13
NULL,6387,"pck/okh, delhi ncr, delhi","Ignore",0.16,472,3,0.64,0,0,0.00,0.00
NULL,6390,"udi/hub, udaipur, rajasthan","Ignore",0.17,121,1,0.83,4,0,0.00,24.42
NULL,6391,"gurgaon, haryana, in","Ignore",0.18,247,2,0.81,11,0,0.00,28.85
NULL,6391,"pck/edl, delhi ncr, delhi","Ignore",0.18,120,1,0.83,0,0,0.00,0.00
NULL,6391,"bhatinda air hub","Ignore",0.18,115,1,0.87,19,0,0.00,37.42
NULL,6394,"idrh","Ignore",0.19,230,2,0.87,21,0,0.00,34.02
NULL,6394,"motherhub_hyp hyderabad","Ignore",0.19,234,2,0.85,0,0,0.00,0.00
NULL,6394,"vadodara warehouse","Ignore",0.19,232,2,0.86,17,0,0.00,35.92
NULL,6394,"gwalior mini hub","Ignore",0.19,110,1,0.91,12,0,0.00,50.08
NULL,6398,"amd/hub, ahmedabad, gujarat","Ignore",0.21,461,4,0.87,11,0,0.00,16.27
NULL,6398,"bom/hub, mumbai, maharashtra","Ignore",0.21,2139,11,0.51,7,0,0.00,30.89
NULL,6398,"ghatkopar","Ignore",0.21,470,4,0.85,2,0,0.00,16.30
NULL,6401,"gwalior, gwalior, madhya pradesh","Ignore",0.22,0,0,0.00,2,1,50.00,57.42
NULL,6401,"adr branch etail","Ignore",0.22,16,0,0.00,11,1,9.09,172.82
NULL,6401,"surat/roc-tml, surat, gujarat","Ignore",0.22,4,0,0.00,1,1,100.00,173.49
NULL,6401,"badrawas mp, badrawas, madhya pradesh","Ignore",0.22,0,0,0.00,1,1,100.00,103.97
NULL,6401,"kotkhai","Ignore",0.22,0,0,0.00,1,1,100.00,55.13
NULL,6401,"mahua, mahua, bihar","Ignore",0.22,0,0,0.00,1,1,100.00,136.72
NULL,6401,"suryapet","Ignore",0.22,1,0,0.00,3,1,33.33,66.90
NULL,6401,"gute","Ignore",0.22,16,0,0.00,7,1,14.29,108.21
NULL,6401,"keshod","Ignore",0.22,1,0,0.00,2,1,50.00,53.51
NULL,6401,"navi mumbai, maharashtra, in","Ignore",0.22,9,0,0.00,3,1,33.33,77.50
NULL,6401,"balugaon, balugaon, orissa","Ignore",0.22,0,0,0.00,1,1,100.00,88.52
NULL,6401,"bayana, bayana, rajasthan","Ignore",0.22,0,0,0.00,1,1,100.00,105.21
NULL,6401,"panchkula warehouse","Ignore",0.22,0,0,0.00,1,1,100.00,52.50
NULL,6401,"bijapur, bijapur, karnataka","Ignore",0.22,0,0,0.00,2,1,50.00,64.67
NULL,6401,"ker/sa-kanhangad, kasargode, kerala","Ignore",0.22,0,0,0.00,1,1,100.00,279.43
NULL,6401,"daman, daman, daman and diu","Ignore",0.22,0,0,0.00,1,1,100.00,85.73
NULL,6401,"gandipet","Ignore",0.22,4,0,0.00,3,1,33.33,63.62
NULL,6401,"baruipur, baruipur, west bengal","Ignore",0.22,0,0,0.00,4,1,25.00,78.26
NULL,6401,"mudigere","Ignore",0.22,0,0,0.00,1,1,100.00,155.63
NULL,6401,"burdwan bdel","Ignore",0.22,0,0,0.00,6,1,16.67,85.95
NULL,6401,"pandariya, mungeli, chhattisgarh","Ignore",0.22,0,0,0.00,2,1,50.00,117.88
NULL,6401,"sxr/ngm1, srinagar, jammu and kashmir","Ignore",0.22,0,0,0.00,1,1,100.00,391.77
NULL,6401,"siwan, maharajaganj, bihar","Ignore",0.22,0,0,0.00,1,1,100.00,66.73
NULL,6401,"vadodara, gujrat, in","Ignore",0.22,0,0,0.00,2,1,50.00,133.75
NULL,6401,"pandua, pandua, west bengal","Ignore",0.22,0,0,0.00,1,1,100.00,56.98
NULL,6401,"mahalakshmi puram  etail","Ignore",0.22,5,0,0.00,15,1,6.67,77.50
NULL,6401,"sjex","Ignore",0.22,37,0,0.00,5,1,20.00,61.47
NULL,6401,"jai/knk, jaipur, rajasthan","Ignore",0.22,3,0,0.00,3,1,33.33,159.63
NULL,6401,"doddaballapura, doddaballapura, karnataka","Ignore",0.22,0,0,0.00,2,1,50.00,91.23
NULL,6401,"doiwala","Ignore",0.22,2,0,0.00,3,1,33.33,55.07
NULL,6401,"budh vihar etail delivery","Ignore",0.22,1,0,0.00,3,1,33.33,52.93
NULL,6401,"jalgaon, jalgaon, maharashtra","Ignore",0.22,12,0,0.00,1,1,100.00,91.43
NULL,6401,"cjb/hub, coimbatore, tamil nadu","Ignore",0.22,93,0,0.00,5,1,20.00,168.61
NULL,6401,"malkangiri, odisha, in","Ignore",0.22,0,0,0.00,2,1,50.00,61.98
NULL,6401,"vrinadavan lko, lucknow, uttar pradesh","Ignore",0.22,0,0,0.00,1,1,100.00,88.74
NULL,6401,"shilong, meghalaya, in","Ignore",0.22,0,0,0.00,1,1,100.00,77.64
NULL,6401,"sanwer, sanwer, madhya pradesh","Ignore",0.22,0,0,0.00,1,1,100.00,85.21
NULL,6401,"malbazar, malbazar, west bengal","Ignore",0.22,0,0,0.00,1,1,100.00,160.36
NULL,6401,"palitana, gujarat, in","Ignore",0.22,0,0,0.00,1,1,100.00,79.97
NULL,6401,"far service centre","Ignore",0.22,15,0,0.00,5,1,20.00,55.20
NULL,6401,"anuppur","Ignore",0.22,2,0,0.00,1,1,100.00,52.39
NULL,6401,"cplc","Ignore",0.22,22,0,0.00,5,1,20.00,53.36
NULL,6401,"cphg","Ignore",0.22,0,0,0.00,2,1,50.00,61.82
NULL,6401,"jatni, jatni, orissa","Ignore",0.22,0,0,0.00,1,1,100.00,97.27
NULL,6401,"crossing republic","Ignore",0.22,15,0,0.00,8,1,12.50,54.15
NULL,6401,"noida-etail delivery/rto","Ignore",0.22,12,0,0.00,8,1,12.50,54.33
NULL,6401,"noida","Ignore",0.22,96,1,1.04,1,0,0.00,14.34
NULL,6401,"bhpl","Ignore",0.22,2,0,0.00,1,1,100.00,80.84
NULL,6401,"csvn","Ignore",0.22,0,0,0.00,1,1,100.00,226.69
NULL,6401,"sikar, sikar, rajasthan","Ignore",0.22,26,0,0.00,3,1,33.33,69.05
NULL,6401,"mangrulpir, maharashtra, in","Ignore",0.22,0,0,0.00,1,1,100.00,325.54
NULL,6401,"klg/hwg, howraghat, assam","Ignore",0.22,0,0,0.00,1,1,100.00,60.01
NULL,6401,"jbl/mlj, jabalpur, madhya pradesh","Ignore",0.22,1,0,0.00,4,1,25.00,84.27
NULL,6401,"ferozepur, ferozepur, punjab","Ignore",0.22,0,0,0.00,2,1,50.00,83.83
NULL,6401,"bagalur, bagalur, karnataka","Ignore",0.22,2,0,0.00,2,1,50.00,281.85
NULL,6401,"haridwar, haridwar, uttarakhand","Ignore",0.22,12,0,0.00,2,1,50.00,342.66
NULL,6401,"hathras","Ignore",0.22,1,0,0.00,2,1,50.00,153.13
NULL,6401,"kolar","Ignore",0.22,1,0,0.00,3,1,33.33,155.07
NULL,6401,"okhla e-tail delivery","Ignore",0.22,6,0,0.00,8,1,12.50,53.70
NULL,6401,"dinahata","Ignore",0.22,0,0,0.00,1,1,100.00,206.13
NULL,6401,"jangipur1, jangipur, west bengal","Ignore",0.22,0,0,0.00,1,1,100.00,62.69
NULL,6401,"brahmagiri, brahmagiri, orissa","Ignore",0.22,0,0,0.00,1,1,100.00,111.73
NULL,6401,"coimbatore sort facility coimbatore","Ignore",0.22,441,4,0.91,0,0,0.00,0.00
NULL,6401,"thnm","Ignore",0.22,1,0,0.00,12,1,8.33,148.86
NULL,6401,"bagalkot","Ignore",0.22,27,0,0.00,5,1,20.00,180.63
NULL,6401,"berachampa, berachampa, west bengal","Ignore",0.22,0,0,0.00,1,1,100.00,57.99
NULL,6401,"jhajha, jhajha, bihar","Ignore",0.22,0,0,0.00,3,1,33.33,111.67
NULL,6401,"sindhanur","Ignore",0.22,1,0,0.00,1,1,100.00,96.14
NULL,6401,"asangaon, asangaon, maharashtra","Ignore",0.22,0,0,0.00,1,1,100.00,63.98
NULL,6401,"trippunithura, cochin, kerala","Ignore",0.22,0,0,0.00,1,1,100.00,63.98
NULL,6401,"hansi","Ignore",0.22,0,0,0.00,1,1,100.00,109.12
NULL,6401,"jhanjharpur","Ignore",0.22,1,0,0.00,1,1,100.00,81.96
NULL,6401,"mandsaur","Ignore",0.22,2,0,0.00,1,1,100.00,170.30
NULL,6401,"yamunanagar, yamunanagar, haryana","Ignore",0.22,0,0,0.00,2,1,50.00,53.13
NULL,6401,"mandla","Ignore",0.22,1,0,0.00,1,1,100.00,52.39
NULL,6401,"bhopal - bpa","Ignore",0.22,0,0,0.00,1,1,100.00,104.03
NULL,6401,"basti, basti, uttar pradesh","Ignore",0.22,9,0,0.00,3,1,33.33,80.64
NULL,6401,"banahatti1, banhatti, karnataka","Ignore",0.22,0,0,0.00,1,1,100.00,66.95
NULL,6401,"khliehriat, khliehriat, meghalaya","Ignore",0.22,0,0,0.00,1,1,100.00,54.21
NULL,6401,"khirkiya, khirkiya, madhya pradesh","Ignore",0.22,0,0,0.00,1,1,100.00,86.86
NULL,6401,"masrakh, mashrakh, bihar","Ignore",0.22,0,0,0.00,1,1,100.00,79.18
NULL,6401,"basudevpur, basudevpur, orissa","Ignore",0.22,0,0,0.00,1,1,100.00,198.62
NULL,6401,"wazirpur e-tail","Ignore",0.22,1,0,0.00,7,1,14.29,55.68
NULL,6401,"shahjahanpur expansion","Ignore",0.22,0,0,0.00,3,1,33.33,53.80
NULL,6401,"chrompet","Ignore",0.22,5,0,0.00,6,1,16.67,105.48
NULL,6401,"bom/dsr, mumbai, maharashtra","Ignore",0.22,0,0,0.00,1,1,100.00,57.01
NULL,6401,"bikaner","Ignore",0.22,5,0,0.00,5,1,20.00,176.00
NULL,6401,"vasantkunj counter","Ignore",0.22,0,0,0.00,11,1,9.09,54.37
NULL,6401,"ernakulam, kerala, in","Ignore",0.22,0,0,0.00,7,1,14.29,67.40
NULL,6401,"jagtial","Ignore",0.22,0,0,0.00,1,1,100.00,154.12
NULL,6401,"vatadara, vatadara, gujarat","Ignore",0.22,0,0,0.00,1,1,100.00,79.03
NULL,6401,"panvel","Ignore",0.22,3,0,0.00,1,1,100.00,58.47
NULL,6401,"talcher","Ignore",0.22,0,0,0.00,2,1,50.00,108.07
NULL,6401,"bhandup","Ignore",0.22,1,0,0.00,3,1,33.33,53.17
NULL,6401,"saharsa","Ignore",0.22,2,0,0.00,1,1,100.00,58.09
NULL,6401,"chhapra, chhapra, bihar","Ignore",0.22,0,0,0.00,2,1,50.00,92.39
NULL,6401,"idr/hub, indore, madhya pradesh","Ignore",0.22,275,0,0.00,15,1,6.67,163.64
NULL,6401,"agartala, agartala, tripura","Ignore",0.22,9,0,0.00,1,1,100.00,109.37
NULL,6401,"kanpur, uttar pradesh, in","Ignore",0.22,1,0,0.00,1,1,100.00,210.70
NULL,6401,"lko/hzg, lucknow, uttar pradesh","Ignore",0.22,1,0,0.00,1,1,100.00,84.73
NULL,6401,"blr/amb-tml, bangalore, karnataka","Ignore",0.22,0,0,0.00,1,1,100.00,271.00
NULL,6401,"munger, munger, bihar","Ignore",0.22,0,0,0.00,1,1,100.00,56.89
NULL,6401,"kalyanadurgam, kalyanadurgam, andhra pradesh","Ignore",0.22,0,0,0.00,1,1,100.00,62.17
NULL,6401,"kanota, kanota, rajasthan","Ignore",0.22,0,0,0.00,1,1,100.00,66.54
NULL,6401,"bhella, bhella, assam","Ignore",0.22,0,0,0.00,1,1,100.00,110.20
NULL,6401,"pollachi","Ignore",0.22,0,0,0.00,1,1,100.00,212.62
NULL,6401,"gohad, gohad, madhya pradesh","Ignore",0.22,0,0,0.00,1,1,100.00,64.74
NULL,6401,"barasat1, barasat, west bengal","Ignore",0.22,0,0,0.00,2,1,50.00,103.93
NULL,6401,"solapur, solapur, maharashtra","Ignore",0.22,0,0,0.00,1,1,100.00,62.35
NULL,6401,"chikkamagaluru, karnataka, in","Ignore",0.22,0,0,0.00,1,1,100.00,75.79
NULL,6401,"bhavnagar, bhavnagar, gujarat","Ignore",0.22,5,0,0.00,5,1,20.00,90.66
NULL,6401,"perintalmanna","Ignore",0.22,0,0,0.00,1,1,100.00,54.22
NULL,6401,"ghaziabad","Ignore",0.22,124,0,0.00,9,1,11.11,174.88
NULL,6401,"ghaziabad gt rd expansion","Ignore",0.22,1,0,0.00,3,1,33.33,203.78
NULL,6401,"ghaziabad gt road","Ignore",0.22,1,0,0.00,6,1,16.67,55.10
NULL,6401,"agra hub","Ignore",0.22,83,0,0.00,7,1,14.29,64.12
NULL,6401,"mumbai central, mumbai, maharashtra","Ignore",0.22,0,0,0.00,3,1,33.33,54.59
NULL,6401,"tohana, tohana, punjab","Ignore",0.22,0,0,0.00,1,1,100.00,157.65
NULL,6401,"del/ang, delhi ncr, delhi","Ignore",0.22,3,0,0.00,3,1,33.33,105.45
NULL,6401,"leh, jammu & kashmir, in","Ignore",0.22,0,0,0.00,1,1,100.00,158.56
NULL,6401,"godavari khani, godavari khani, telangana","Ignore",0.22,0,0,0.00,1,1,100.00,63.46
NULL,6401,"blr/hul-tml, bangalore, karnataka","Ignore",0.22,0,0,0.00,1,1,100.00,59.58
NULL,6401,"del/dlf, delhi ncr, delhi","Ignore",0.22,10,0,0.00,6,1,16.67,52.25
NULL,6401,"del/jpr, new delhi, delhi","Ignore",0.22,1,0,0.00,8,1,12.50,137.40
NULL,6401,"del/isr, delhi ncr, delhi","Ignore",0.22,10,0,0.00,8,1,12.50,66.75
NULL,6401,"del/ipx, new delhi, delhi","Ignore",0.22,1,0,0.00,8,1,12.50,322.01
NULL,6401,"blr/ib1, bangalore, karnataka","Ignore",0.22,1127,0,0.00,8,1,12.50,427.46
NULL,6401,"pinjore1, pinjore, haryana","Ignore",0.22,0,0,0.00,1,1,100.00,399.28
NULL,6401,"del/imt, delhi ncr, delhi","Ignore",0.22,1,0,0.00,1,1,100.00,57.58
NULL,6401,"amroha","Ignore",0.22,5,0,0.00,1,1,100.00,175.92
NULL,6401,"blr/jgi-tml, bangalore, karnataka","Ignore",0.22,0,0,0.00,1,1,100.00,64.58
NULL,6401,"phulwarisharif","Ignore",0.22,0,0,0.00,3,1,33.33,131.53
NULL,6401,"pilibhit, pilibhit, uttar pradesh","Ignore",0.22,0,0,0.00,1,1,100.00,317.94
NULL,6401,"mughalsarai1, mughal sarai, uttar pradesh","Ignore",0.22,1,0,0.00,1,1,100.00,52.99
NULL,6401,"last mile manesar","Ignore",0.22,2,0,0.00,3,1,33.33,175.98
NULL,6401,"mugalsarai","Ignore",0.22,1,0,0.00,1,1,100.00,122.12
NULL,6401,"muddebihal1, muddebihal, karnataka","Ignore",0.22,0,0,0.00,1,1,100.00,61.14
NULL,6401,"sirhind, patiala, punjab","Ignore",0.22,0,0,0.00,1,1,100.00,181.69
NULL,6401,"ramsar, ramsar, rajasthan","Ignore",0.22,0,0,0.00,1,1,100.00,175.12
NULL,6401,"sira, sira, karnataka","Ignore",0.22,0,0,0.00,1,1,100.00,63.62
NULL,6401,"bho/klr, bhopal, madhya pradesh","Ignore",0.22,0,0,0.00,4,1,25.00,89.41
NULL,6401,"sarjapur road","Ignore",0.22,2,0,0.00,6,1,16.67,57.12
NULL,6401,"rampur baghelan mp, rampur baghelan mp, madhya pradesh","Ignore",0.22,0,0,0.00,1,1,100.00,52.76
NULL,6401,"bom/sa-kurla1, mumbai, maharashtra","Ignore",0.22,0,0,0.00,1,1,100.00,81.48
NULL,6401,"nazafgarh","Ignore",0.22,1,0,0.00,3,1,33.33,56.68
NULL,6401,"shikohabad, shikohabad, uttar pradesh","Ignore",0.22,0,0,0.00,1,1,100.00,204.92
NULL,6401,"hojai","Ignore",0.22,2,0,0.00,1,1,100.00,227.32
NULL,6401,"sultanpur lodhi","Ignore",0.22,0,0,0.00,1,1,100.00,59.47
NULL,6401,"jobner, kalwar, rajasthan","Ignore",0.22,0,0,0.00,1,1,100.00,69.24
NULL,6401,"hojai, assam, in","Ignore",0.22,0,0,0.00,1,1,100.00,153.64
NULL,6401,"saharsa, saharsa, bihar","Ignore",0.22,0,0,0.00,5,1,20.00,59.40
NULL,6401,"murnad1, murnad, karnataka","Ignore",0.22,0,0,0.00,2,1,50.00,75.73
NULL,6401,"blr/var-tml, bangalore, karnataka","Ignore",0.22,0,0,0.00,1,1,100.00,416.81
NULL,6401,"kapashera","Ignore",0.22,0,0,0.00,5,1,20.00,54.30
NULL,6401,"porvorim - pog","Ignore",0.22,0,0,0.00,1,1,100.00,112.33
NULL,6401,"porvorim, porvorim, goa","Ignore",0.22,0,0,0.00,2,1,50.00,112.15
NULL,6401,"ieeja, ieeja, andhra pradesh","Ignore",0.22,0,0,0.00,2,1,50.00,290.83
NULL,6401,"karad, karad, maharashtra","Ignore",0.22,0,0,0.00,1,1,100.00,59.60
NULL,6401,"pck/lud, ludhiana, punjab","Ignore",0.22,199,2,1.01,6,0,0.00,45.60
NULL,6401,"karamadai, annur, tamil nadu","Ignore",0.22,0,0,0.00,1,1,100.00,87.84
NULL,6401,"ballabgarh, delhi ncr, delhi","Ignore",0.22,0,0,0.00,3,1,33.33,112.84
NULL,6401,"bhilwara, bhilwara, rajasthan","Ignore",0.22,0,0,0.00,2,1,50.00,91.11
NULL,6401,"saket","Ignore",0.22,8,0,0.00,1,1,100.00,53.87
NULL,6401,"chinnamandam, rayachoty, andhra pradesh","Ignore",0.22,0,0,0.00,2,1,50.00,148.49
NULL,6401,"kushtagi1, kushtagi, karnataka","Ignore",0.22,0,0,0.00,1,1,100.00,53.28
NULL,6401,"abohar, abohar, punjab","Ignore",0.22,0,0,0.00,1,1,100.00,59.35
NULL,6401,"moradabad, moradabad, uttar pradesh","Ignore",0.22,62,0,0.00,5,1,20.00,92.34
NULL,6401,"nabarangpur","Ignore",0.22,0,0,0.00,1,1,100.00,54.79
NULL,6401,"payyannur, kannur, kerala","Ignore",0.22,0,0,0.00,1,1,100.00,57.87
NULL,6401,"ahmedabad hub","Ignore",0.22,1155,8,0.69,32,0,0.00,46.40
NULL,6401,"ankleshwar, ankleshwar, gujarat","Ignore",0.22,0,0,0.00,2,1,50.00,111.74
NULL,6401,"satyavedu, andhra pradesh, in","Ignore",0.22,0,0,0.00,1,1,100.00,106.10
NULL,6401,"shahdol","Ignore",0.22,3,0,0.00,1,1,100.00,52.39
NULL,6401,"hyd/msd-tml, hyderabad, telangana","Ignore",0.22,1,0,0.00,1,1,100.00,58.08
NULL,6401,"lower parel (lprl)","Ignore",0.22,0,0,0.00,1,1,100.00,84.74
NULL,6401,"shahbad up, shahbad up, uttar pradesh","Ignore",0.22,1,0,0.00,2,1,50.00,84.09
NULL,6401,"shadnagar1, shadnagar, telangana","Ignore",0.22,0,0,0.00,1,1,100.00,90.55
NULL,6401,"yeshwantpur","Ignore",0.22,95,0,0.00,6,1,16.67,76.35
NULL,6401,"gota, ahmedabad, gujarat","Ignore",0.22,4,0,0.00,2,1,50.00,388.26
NULL,6401,"gbl service centre","Ignore",0.22,0,0,0.00,1,1,100.00,225.18
NULL,6401,"trinity","Ignore",0.22,85,0,0.00,5,1,20.00,55.92
NULL,6401,"lucknow service centre","Ignore",0.22,7,0,0.00,15,1,6.67,181.37
NULL,6401,"del/slg, delhi ncr, delhi","Ignore",0.22,0,0,0.00,2,1,50.00,82.66
NULL,6401,"indore, madhya pradesh, in","Ignore",0.22,16,0,0.00,7,1,14.29,332.27
NULL,6401,"hyd/bjh, hyderabad, telangana","Ignore",0.22,1,0,0.00,2,1,50.00,57.02
NULL,6401,"kurishum mood","Ignore",0.22,3,0,0.00,3,1,33.33,84.98
NULL,6401,"puri1, puri, orissa","Ignore",0.22,1,0,0.00,1,1,100.00,53.38
NULL,6401,"nagda, nagda, madhya pradesh","Ignore",0.22,0,0,0.00,1,1,100.00,56.15
NULL,6401,"patiala hub","Ignore",0.22,2,0,0.00,1,1,100.00,58.52
NULL,6401,"sevoke road, siliguri, west bengal","Ignore",0.22,2,0,0.00,2,1,50.00,60.23
NULL,6401,"greater noida","Ignore",0.22,38,0,0.00,3,1,33.33,133.48
NULL,6401,"chirala, chirala, andhra pradesh","Ignore",0.22,0,0,0.00,3,1,33.33,62.44
NULL,6401,"adarsh.","Ignore",0.22,0,0,0.00,1,1,100.00,55.70
NULL,6401,"areekode","Ignore",0.22,0,0,0.00,1,1,100.00,86.20
NULL,6401,"anna nagar","Ignore",0.22,1,0,0.00,4,1,25.00,228.13
NULL,6401,"dausa fm, dausa, rajasthan","Ignore",0.22,0,0,0.00,1,1,100.00,91.21
NULL,6401,"kartarpur","Ignore",0.22,0,0,0.00,1,1,100.00,276.70
NULL,6401,"ambarnath/ulashnagar, ambarnath, maharashtra","Ignore",0.22,8,0,0.00,2,1,50.00,82.11
NULL,6401,"grnd","Ignore",0.22,70,0,0.00,19,1,5.26,53.63
NULL,6401,"mohali  etail dlvry agent","Ignore",0.22,0,0,0.00,1,1,100.00,52.60
NULL,6401,"kakinara-tml, kolkata, west bengal","Ignore",0.22,0,0,0.00,3,1,33.33,82.75
NULL,6401,"radhanpur, radhanpur, gujarat","Ignore",0.22,0,0,0.00,1,1,100.00,52.64
NULL,6401,"itanagar, itanagar, arunachal pradesh","Ignore",0.22,1,0,0.00,1,1,100.00,245.93
NULL,6401,"allagadda, allagadda, andhra pradesh","Ignore",0.22,0,0,0.00,1,1,100.00,208.68
NULL,6401,"tiruppattur (n.a)","Ignore",0.22,0,0,0.00,1,1,100.00,52.10
NULL,6401,"angr","Ignore",0.22,0,0,0.00,1,1,100.00,180.80
NULL,6401,"gaur city office","Ignore",0.22,10,0,0.00,2,1,50.00,52.00
NULL,6401,"gau/sml, guwahati, assam","Ignore",0.22,0,0,0.00,1,1,100.00,254.80
NULL,6401,"kaiserganj","Ignore",0.22,0,0,0.00,1,1,100.00,131.94
NULL,6401,"badharghat, agartala, tripura","Ignore",0.22,0,0,0.00,2,1,50.00,73.58
NULL,6401,"maa/kkn-tml, chennai, tamil nadu","Ignore",0.22,0,0,0.00,1,1,100.00,53.11
NULL,6401,"abango","Ignore",0.22,0,0,0.00,1,1,100.00,69.95
NULL,6401,"balotra","Ignore",0.22,0,0,0.00,1,1,100.00,98.27
NULL,6401,"maa/mad-tml, chennai, tamil nadu","Ignore",0.22,1,0,0.00,4,1,25.00,136.56
NULL,6401,"raichur","Ignore",0.22,8,0,0.00,2,1,50.00,59.45
NULL,6401,"maa/mvl-tml, chennai, tamil nadu","Ignore",0.22,0,0,0.00,3,1,33.33,52.70
NULL,6401,"raigad, maharashtra, in","Ignore",0.22,0,0,0.00,1,1,100.00,86.51
NULL,6401,"cank","Ignore",0.22,0,0,0.00,2,1,50.00,172.90
NULL,6401,"namchi, sikkim, in","Ignore",0.22,1,0,0.00,1,1,100.00,139.41
NULL,6401,"maa/pal-tml, chennai, tamil nadu","Ignore",0.22,0,0,0.00,1,1,100.00,62.90
NULL,6401,"rto/bry, bangalore, karnataka","Ignore",0.22,93,1,1.08,0,0,0.00,0.00
NULL,6401,"kasargode, kasargode, kerala","Ignore",0.22,0,0,0.00,1,1,100.00,56.67
NULL,6401,"pat/arp, patna, bihar","Ignore",0.22,0,0,0.00,5,1,20.00,183.99
NULL,6401,"zira, zira, punjab","Ignore",0.22,0,0,0.00,1,1,100.00,110.09
NULL,6401,"kasganj1, kasganj, uttar pradesh","Ignore",0.22,0,0,0.00,1,1,100.00,78.96
NULL,6401,"paschim vihar etail","Ignore",0.22,2,0,0.00,3,1,33.33,55.00
NULL,6401,"bokaro","Ignore",0.22,5,0,0.00,5,1,20.00,57.08
NULL,6401,"rairangpur, rairangpur, orissa","Ignore",0.22,0,0,0.00,1,1,100.00,64.15
NULL,6401,"billgi","Ignore",0.22,0,0,0.00,1,1,100.00,103.20
NULL,6401,"bdqh","Ignore",0.22,5,0,0.00,14,1,7.14,60.83
NULL,6401,"bokaro, bokaro, jharkhand","Ignore",0.22,0,0,0.00,4,1,25.00,260.11
NULL,6401,"bajpe, bajpe, karnataka","Ignore",0.22,0,0,0.00,1,1,100.00,63.57
NULL,6401,"kadm","Ignore",0.22,0,0,0.00,9,1,11.11,59.41
NULL,6401,"ambala, ambala, haryana","Ignore",0.22,5,0,0.00,2,1,50.00,59.76
NULL,6401,"sambalpur, odisha, in","Ignore",0.22,0,0,0.00,1,1,100.00,63.06
NULL,6401,"miramar, goa, goa","Ignore",0.22,0,0,0.00,1,1,100.00,328.42
NULL,6401,"vengara, kannur, kerala","Ignore",0.22,0,0,0.00,2,1,50.00,347.61
NULL,6401,"elct","Ignore",0.22,1142,0,0.00,8,1,12.50,56.78
NULL,6401,"naraina","Ignore",0.22,1,0,0.00,5,1,20.00,54.62
NULL,6401,"guntur, andhra pradesh, in","Ignore",0.22,0,0,0.00,1,1,100.00,145.82
NULL,6401,"avinashi road","Ignore",0.22,1,0,0.00,5,1,20.00,51.67
NULL,6401,"madhubani2, madhubani, bihar","Ignore",0.22,0,0,0.00,2,1,50.00,79.36
NULL,6401,"katihar, katihar, bihar","Ignore",0.22,0,0,0.00,6,1,16.67,56.84
NULL,6401,"amd/asv, ahmedabad, gujarat","Ignore",0.22,0,0,0.00,2,1,50.00,53.48
NULL,6401,"ccu/ctl, kolkata, west bengal","Ignore",0.22,0,0,0.00,5,1,20.00,76.04
NULL,6401,"badnawar, badnawar, madhya pradesh","Ignore",0.22,0,0,0.00,1,1,100.00,109.86
NULL,6401,"bhandup hub","Ignore",0.22,4,0,0.00,1,1,100.00,99.28
NULL,6401,"manamunda, manamunda, orissa","Ignore",0.22,0,0,0.00,1,1,100.00,63.54
NULL,6401,"sindhekela, balangir, orissa","Ignore",0.22,0,0,0.00,2,1,50.00,87.54
NULL,6401,"vishakhapatnam","Ignore",0.22,5,0,0.00,2,1,50.00,63.03
NULL,6401,"khariar, khariar, orissa","Ignore",0.22,0,0,0.00,3,1,33.33,122.46
NULL,6401,"dhapa, dhapa, west bengal","Ignore",0.22,0,0,0.00,2,1,50.00,109.11
NULL,6401,"cnnr","Ignore",0.22,0,0,0.00,2,1,50.00,53.83
NULL,6401,"dodballapura","Ignore",0.22,1,0,0.00,1,1,100.00,177.90
NULL,6401,"ngp/mnr, nagpur, maharashtra","Ignore",0.22,2,0,0.00,3,1,33.33,60.71
NULL,6401,"varanasi - vrs","Ignore",0.22,0,0,0.00,1,1,100.00,55.05
NULL,6401,"mandapam","Ignore",0.22,0,0,0.00,1,1,100.00,101.92
NULL,6401,"ngp/tex, nagpur, maharashtra","Ignore",0.22,1,0,0.00,3,1,33.33,82.39
NULL,6401,"basweshwar nagar","Ignore",0.22,4,0,0.00,5,1,20.00,62.07
NULL,6401,"bangalore pud (blrs)","Ignore",0.22,4,0,0.00,2,1,50.00,244.04
NULL,6401,"mathura","Ignore",0.22,18,0,0.00,2,1,50.00,53.96
NULL,6662,"borivali e-tail centre","Ignore",0.23,4161,1,0.02,15,1,6.67,82.42
NULL,6662,"bhopal air hub","Ignore",0.23,294,3,1.02,19,0,0.00,27.52
NULL,6662,"amb/hub, ambala, haryana","Ignore",0.23,188,2,1.06,3,0,0.00,29.56
NULL,6662,"pck/knp, kanpur, uttar pradesh","Ignore",0.23,194,2,1.03,1,0,0.00,20.01
NULL,6666,"chiku wadi","Ignore",0.24,2202,13,0.59,0,0,0.00,0.00
NULL,6666,"dehradun warehouse","Ignore",0.24,954,8,0.84,21,0,0.00,34.92
NULL,6668,"hyd/lh1, hyderabad, telangana","Ignore",0.25,754,1,0.13,19,1,5.26,99.36
NULL,6668,"nahur mini hub","Ignore",0.25,84,1,1.19,0,0,0.00,0.00
NULL,6670,"delhi offsite hub","Ignore",0.26,1221,10,0.82,87,0,0.00,46.67
NULL,6670,"bhiwandi, bhiwandi, maharashtra","Ignore",0.26,1699,2,0.12,3,1,33.33,93.26
NULL,6670,"pnp/hub, panipat, haryana","Ignore",0.26,81,1,1.23,5,0,0.00,18.86
NULL,6670,"bial hub","Ignore",0.26,2248,14,0.62,231,0,0.00,42.40
NULL,6670,"mayur vihar","Ignore",0.26,853,8,0.94,1,0,0.00,15.17
NULL,6675,"mumbai etail centre","Ignore",0.27,2029,3,0.15,3,1,33.33,82.80
NULL,6675,"far cod processing centre","Ignore",0.27,1278,2,0.16,1,1,100.00,77.55
NULL,6677,"wadala","Ignore",0.28,151,2,1.32,4,0,0.00,31.47
NULL,6678,"dibrugarh hub","Ignore",0.29,71,1,1.41,2,0,0.00,42.57
NULL,6678,"dehradun, dehradun, uttarakhand","Ignore",0.29,72,1,1.39,1,0,0.00,16.88
NULL,6678,"motherhub_hub dharwad","Ignore",0.29,72,1,1.39,0,0,0.00,0.00
NULL,6681,"mumbai","Ignore",0.30,392,5,1.28,22,0,0.00,38.46
NULL,6681,"bhubaneswar w.house","Ignore",0.30,397,5,1.26,1,0,0.00,19.33
NULL,6683,"bannerghata","Ignore",0.31,67,1,1.49,15,0,0.00,32.37
NULL,6684,"lkoh","Ignore",0.32,663,8,1.21,9,0,0.00,24.59
NULL,6685,"kochin mini hub","Ignore",0.33,197,3,1.52,24,0,0.00,15.65
NULL,6685,"air hub in raw","Ignore",0.33,273,4,1.47,18,0,0.00,44.40
NULL,6685,"hyderabad warehouse","Ignore",0.33,63,1,1.59,0,0,0.00,0.00
NULL,6685,"maah","Ignore",0.33,62,1,1.61,1,0,0.00,18.73
NULL,6689,"delhi contingency hu","Ignore",0.35,7459,2,0.03,235,1,0.43,180.00
NULL,6689,"kanpur hub","Ignore",0.35,487,7,1.44,27,0,0.00,30.58
NULL,6691,"jogeshwari","Ignore",0.36,146,1,0.68,1,1,100.00,52.57
NULL,6691,"nagpur air hub","Ignore",0.36,403,6,1.49,24,0,0.00,32.30
NULL,6691,"kannur/hub, kannur, kerala","Ignore",0.36,57,1,1.75,0,0,0.00,0.00
NULL,6691,"jalandhar mini hub","Ignore",0.36,183,3,1.64,38,0,0.00,38.48
NULL,6695,"jmd/hub, jamshedpur, jharkhand","Ignore",0.37,56,1,1.79,3,0,0.00,21.24
NULL,6695,"saroli etail operations","Ignore",0.37,1780,18,1.01,4,0,0.00,49.92
NULL,6697,"badshahpur hub gurgaon","Ignore",0.38,54,1,1.85,0,0,0.00,0.00
NULL,6698,"champion warehouse","Ignore",0.40,51,1,1.96,7,0,0.00,19.03
NULL,6699,"hoskote","Ignore",0.42,212,2,0.94,1,1,100.00,56.15
NULL,6699,"bengaluru sfc w/f","Ignore",0.42,49,1,2.04,1,0,0.00,23.75
NULL,6699,"bho/hub, bhopal, madhya pradesh","Ignore",0.42,270,5,1.85,29,0,0.00,46.25
NULL,6702,"waidhan, waidhan, madhya pradesh","Ignore",0.43,0,0,0.00,2,2,100.00,122.90
NULL,6702,"bhaga bazar","Ignore",0.43,0,0,0.00,2,2,100.00,204.38
NULL,6702,"goa, goa, in","Ignore",0.43,22,0,0.00,2,2,100.00,117.39
NULL,6702,"dewas1, dewas, madhya pradesh","Ignore",0.43,0,0,0.00,2,2,100.00,183.46
NULL,6702,"dlfphase1 hub gurgaon","Ignore",0.43,48,1,2.08,0,0,0.00,0.00
NULL,6702,"khnd","Ignore",0.43,5,0,0.00,12,2,16.67,63.04
NULL,6702,"boudh, boudh, orissa","Ignore",0.43,1,0,0.00,2,2,100.00,113.32
NULL,6702,"gaya office","Ignore",0.43,0,0,0.00,7,2,28.57,58.68
NULL,6702,"palwal","Ignore",0.43,2,0,0.00,2,2,100.00,212.94
NULL,6702,"blr/pen-tml, bangalore, karnataka","Ignore",0.43,0,0,0.00,4,2,50.00,104.65
NULL,6702,"vytl","Ignore",0.43,0,0,0.00,3,2,66.67,172.36
NULL,6702,"ludhiana (ludi)","Ignore",0.43,4,0,0.00,2,2,100.00,381.29
NULL,6702,"cthr","Ignore",0.43,0,0,0.00,8,2,25.00,61.12
NULL,6702,"nedumkandam, kattapana, kerala","Ignore",0.43,0,0,0.00,2,2,100.00,206.76
NULL,6702,"lud/dgr, ludhiana, punjab","Ignore",0.43,4,0,0.00,8,2,25.00,107.82
NULL,6702,"thambu chetty palya","Ignore",0.43,1,0,0.00,8,2,25.00,107.92
NULL,6702,"samod, chomu, rajasthan","Ignore",0.43,0,0,0.00,2,2,100.00,85.41
NULL,6702,"nagaur, nagaur, rajasthan","Ignore",0.43,0,0,0.00,2,2,100.00,315.09
NULL,6702,"aund","Ignore",0.43,9,0,0.00,8,2,25.00,178.73
NULL,6702,"sal/hub, salem, tamil nadu","Ignore",0.43,75,0,0.00,6,2,33.33,157.46
NULL,6702,"del/plm, new delhi, delhi","Ignore",0.43,4,0,0.00,6,2,33.33,56.05
NULL,6702,"noida e-tail agent","Ignore",0.43,1,0,0.00,3,2,66.67,158.52
NULL,6702,"mkpv","Ignore",0.43,25,0,0.00,8,2,25.00,61.49
NULL,6702,"del/kmp, new delhi, delhi","Ignore",0.43,0,0,0.00,6,2,33.33,89.45
NULL,6702,"maa/rpm-tml, chennai, tamil nadu","Ignore",0.43,1,0,0.00,2,2,100.00,206.97
NULL,6702,"del/gdp, new delhi, delhi","Ignore",0.43,0,0,0.00,3,2,66.67,59.77
NULL,6702,"bhagalpur, bhagalpur, bihar","Ignore",0.43,0,0,0.00,5,2,40.00,77.18
NULL,6702,"devanhalli","Ignore",0.43,2,0,0.00,3,2,66.67,130.12
NULL,6702,"pat/pws, patna, bihar","Ignore",0.43,0,0,0.00,4,2,50.00,107.82
NULL,6702,"tadong etail","Ignore",0.43,0,0,0.00,2,2,100.00,102.28
NULL,6702,"sangamner","Ignore",0.43,3,0,0.00,3,2,66.67,56.27
NULL,6702,"muzaffarpur office","Ignore",0.43,0,0,0.00,4,2,50.00,141.17
NULL,6702,"deoband","Ignore",0.43,0,0,0.00,4,2,50.00,199.82
NULL,6702,"deoli raj, deoli raj, rajasthan","Ignore",0.43,0,0,0.00,2,2,100.00,55.36
NULL,6702,"link road e-tail","Ignore",0.43,11,0,0.00,10,2,20.00,81.40
NULL,6702,"bhiwandi","Ignore",0.43,98,2,2.04,0,0,0.00,0.00
NULL,6702,"delhi, dl, in","Ignore",0.43,0,0,0.00,8,2,25.00,140.27
NULL,6702,"del/bhn, delhi ncr, delhi","Ignore",0.43,3,0,0.00,4,2,50.00,89.14
NULL,6702,"prgn","Ignore",0.43,0,0,0.00,3,2,66.67,123.63
NULL,6702,"bbn/csp, bhubaneswar, orissa","Ignore",0.43,0,0,0.00,5,2,40.00,129.17
NULL,6702,"meer","Ignore",0.43,2,0,0.00,8,2,25.00,52.48
NULL,6702,"amdpld, ahmedabad, gujarat","Ignore",0.43,4,0,0.00,3,2,66.67,79.98
NULL,6702,"madhoopur, madhupur, jharkhand","Ignore",0.43,0,0,0.00,2,2,100.00,130.36
NULL,6745,"rajahmundhry hub","Ignore",0.44,46,1,2.17,0,0,0.00,0.00
NULL,6745,"mumbai east warehouse","Ignore",0.44,199,4,2.01,4,0,0.00,31.73
NULL,6747,"rjm/hub, rajahmundry, andhra pradesh","Ignore",0.45,45,1,2.22,5,0,0.00,20.70
NULL,6748,"cotton green","Ignore",0.46,90,2,2.22,12,0,0.00,15.72
NULL,6749,"jammu hub","Ignore",0.48,86,2,2.33,8,0,0.00,32.00
NULL,6750,"pck/sec, hyderabad, telangana","Ignore",0.49,179,4,2.23,0,0,0.00,0.00
NULL,6751,"ovali etail hub","Ignore",0.50,3079,12,0.39,267,1,0.37,378.53
NULL,6752,"srt/pc2, surat, gujarat","Ignore",0.51,1767,0,0.00,86,1,1.16,242.35
NULL,6752,"gzbd","Ignore",0.51,40,1,2.50,13,0,0.00,30.23
NULL,6752,"sbp/hub, sambalpur, orissa","Ignore",0.51,82,2,2.44,0,0,0.00,0.00
NULL,6752,"air hub in bbw","Ignore",0.51,610,12,1.97,61,0,0.00,42.92
NULL,6756,"erode","Ignore",0.52,39,1,2.56,2,0,0.00,19.88
NULL,6756,"patiala","Ignore",0.52,39,1,2.56,9,0,0.00,16.00
NULL,6758,"rajkot etail center","Ignore",0.53,1176,20,1.70,10,0,0.00,31.47
NULL,6758,"bathinda/hub, bhatinda, punjab","Ignore",0.53,120,3,2.50,6,0,0.00,23.29
NULL,6760,"dartplus gopinath","Ignore",0.54,38,1,2.63,1,0,0.00,21.57
NULL,6760,"pat/lh1, patna, bihar","Ignore",0.54,198,1,0.51,5,2,40.00,110.04
NULL,6760,"bund garden","Ignore",0.54,77,2,2.60,0,0,0.00,0.00
NULL,6760,"surat/hub, surat, gujarat","Ignore",0.54,826,16,1.94,0,0,0.00,0.00
NULL,6764,"bareilly, bareilly, uttar pradesh","Ignore",0.55,37,1,2.70,5,0,0.00,40.08
NULL,6765,"kllm","Ignore",0.56,2349,31,1.32,0,0,0.00,0.00
NULL,6766,"raipur/hub, raipur, chhattisgarh","Ignore",0.57,193,5,2.59,24,0,0.00,34.09
NULL,6766,"navimumbai etail w/house","Ignore",0.57,420,10,2.38,4,0,0.00,16.33
NULL,6768,"vadodara","Ignore",0.60,69,2,2.90,14,0,0.00,36.95
NULL,6768,"slp/hub, solapur, maharashtra","Ignore",0.60,34,1,2.94,0,0,0.00,0.00
NULL,6768,"mld/hub, malda, west bengal","Ignore",0.60,34,1,2.94,0,0,0.00,0.00
NULL,6771,"dwarka hub delhi","Ignore",0.63,32,1,3.13,0,0,0.00,0.00
NULL,6771,"wazirpur","Ignore",0.63,32,1,3.13,0,0,0.00,0.00
NULL,6771,"ludhiana, punjab, in","Ignore",0.63,32,1,3.13,0,0,0.00,0.00
NULL,6771,"khl/hub, kolhapur, maharashtra","Ignore",0.63,100,3,3.00,3,0,0.00,22.66
NULL,6775,"ngp/lh1, nagpur, maharashtra","Ignore",0.64,1169,24,2.05,88,0,0.00,46.02
NULL,6776,"eluc","Ignore",0.65,0,0,0.00,3,3,100.00,84.01
NULL,6776,"del/jwn, new delhi, delhi","Ignore",0.65,2,0,0.00,7,3,42.86,102.93
NULL,6776,"jaipur city, jaipur, rajasthan","Ignore",0.65,2,0,0.00,4,3,75.00,59.30
NULL,6776,"rohtak","Ignore",0.65,13,0,0.00,10,3,30.00,195.25
NULL,6776,"cok/ekc, cochin, kerala","Ignore",0.65,0,0,0.00,4,3,75.00,305.37
NULL,6776,"dale","Ignore",0.65,3,0,0.00,12,3,25.00,62.03
NULL,6776,"maa/poe, chennai, tamil nadu","Ignore",0.65,0,0,0.00,4,3,75.00,369.15
NULL,6776,"chennai - maa","Ignore",0.65,2,0,0.00,4,3,75.00,121.22
NULL,6776,"rmrn","Ignore",0.65,97,3,3.09,7,0,0.00,15.87
NULL,6776,"biharsharif, biharsharif, bihar","Ignore",0.65,0,0,0.00,4,3,75.00,68.24
NULL,6776,"hyd/vap, hyderabad, telangana","Ignore",0.65,0,0,0.00,3,3,100.00,78.81
NULL,6776,"sonp","Ignore",0.65,10,0,0.00,11,3,27.27,57.44
NULL,6776,"satna, satna, madhya pradesh","Ignore",0.65,1,0,0.00,5,3,60.00,95.59
NULL,6776,"bnrs","Ignore",0.65,11,0,0.00,14,3,21.43,54.52
NULL,6790,"amdh","Ignore",0.67,10354,58,0.56,117,0,0.00,50.59
NULL,6791,"ambala","Ignore",0.68,512,14,2.73,3,0,0.00,18.58
NULL,6791,"gurgaon cpc","Ignore",0.68,3673,2,0.05,3,3,100.00,57.63
NULL,6793,"vijaynagar mini hub","Ignore",0.70,984,1,0.10,55,1,1.82,310.42
NULL,6794,"mfp/hub, muzaffarpur, bihar","Ignore",0.71,155,2,1.29,2,2,100.00,265.05
NULL,6795,"fkl_soukyard","Ignore",0.72,812,21,2.59,0,0,0.00,0.00
NULL,6795,"blue dart centre","Ignore",0.72,57,2,3.51,0,0,0.00,0.00
NULL,6795,"sakinaka","Ignore",0.72,57,2,3.51,0,0,0.00,0.00
NULL,6798,"ccu/lh1, kolkata, west bengal","Ignore",0.75,915,24,2.62,57,0,0.00,45.46
NULL,6798,"jld/hub, jalandhar, punjab","Ignore",0.75,65,1,1.54,4,2,50.00,145.13
NULL,6798,"santacruz hub mumbai","Ignore",0.75,27,1,3.70,1,0,0.00,14.71
NULL,6798,"udi air hub","Ignore",0.75,38,1,2.63,10,1,10.00,54.05
NULL,6802,"atq/hub, amritsar, punjab","Ignore",0.77,74,2,2.70,2,1,50.00,93.48
NULL,6803,"pnq/sgr, pune, maharashtra","Ignore",0.78,26,1,3.85,1,0,0.00,15.89
NULL,6804,"dilshadgardenhub_del delhi","Ignore",0.81,25,1,4.00,0,0,0.00,0.00
NULL,6805,"abal","Ignore",0.83,242,2,0.83,6,3,50.00,301.66
NULL,6805,"indirapuram servicecentre","Ignore",0.83,128,5,3.91,5,0,0.00,31.33
NULL,6807,"rto/mir, mumbai, maharashtra","Ignore",0.84,100,4,4.00,0,0,0.00,0.00
NULL,6808,"blr/hos-tml, bangalore, karnataka","Ignore",0.85,125,5,4.00,2,0,0.00,15.92
NULL,6809,"rohini etail deliveries","Ignore",0.86,2,0,0.00,10,4,40.00,154.33
NULL,6809,"jeedimetla","Ignore",0.86,2,0,0.00,8,4,50.00,468.27
NULL,6809,"pcar","Ignore",0.86,7,0,0.00,6,4,66.67,242.95
NULL,6809,"vknd","Ignore",0.86,20,0,0.00,17,4,23.53,159.81
NULL,6809,"new delhi, delhi, in","Ignore",0.86,316,0,0.00,8,4,50.00,355.19
NULL,6809,"alva","Ignore",0.86,9,0,0.00,5,4,80.00,53.50
NULL,6809,"mdme","Ignore",0.86,3,0,0.00,16,4,25.00,63.47
NULL,6816,"agartala hub","Ignore",0.87,71,3,4.23,0,0,0.00,0.00
NULL,6816,"tirupur hub","Ignore",0.87,47,2,4.26,4,0,0.00,40.38
NULL,6818,"panjim","Ignore",0.88,23,1,4.35,0,0,0.00,0.00
NULL,6819,"pnj/hub, porvorim, goa","Ignore",0.90,123,4,3.25,6,1,16.67,96.54
NULL,6820,"sabg","Ignore",0.91,1736,43,2.48,7,0,0.00,15.00
NULL,6821,"jammu","Ignore",0.92,22,1,4.55,4,0,0.00,14.52
NULL,6821,"bhubaneswar","Ignore",0.92,22,1,4.55,15,0,0.00,33.97
NULL,6821,"salem","Ignore",0.92,22,1,4.55,0,0,0.00,0.00
NULL,6824,"jabalpur hub","Ignore",0.94,185,8,4.32,9,0,0.00,27.73
NULL,6825,"fdbd","Ignore",0.97,435,2,0.46,11,4,36.36,61.22
NULL,6826,"lucknow air hub","Ignore",0.99,673,5,0.74,43,1,2.33,63.67
NULL,6826,"aurangabad","Ignore",0.99,26,1,3.85,9,1,11.11,54.67
NULL,6828,"blr","Ignore",1.04,3666,10,0.27,301,3,1.00,186.62
NULL,6829,"uppl","Ignore",1.06,19,1,5.26,7,0,0.00,16.65
NULL,6829,"tardeo","Ignore",1.06,19,1,5.26,1,0,0.00,16.22
NULL,6829,"bellary","Ignore",1.06,19,1,5.26,1,0,0.00,18.85
NULL,6832,"faridabad service centre","Ignore",1.07,1311,43,3.28,0,0,0.00,0.00
NULL,6833,"vij/lh1, vijayawada, andhra pradesh","Ignore",1.08,278,0,0.00,16,5,31.25,321.50
NULL,6833,"morn","Ignore",1.08,11,0,0.00,8,5,62.50,106.03
NULL,6833,"nadiad","Ignore",1.08,6,0,0.00,6,5,83.33,200.88
NULL,6833,"mumbai - mum","Ignore",1.08,3,0,0.00,16,5,31.25,187.65
NULL,6833,"howa","Ignore",1.08,1,0,0.00,11,5,45.45,85.40
NULL,6833,"mandrem, pernem, goa","Ignore",1.08,0,0,0.00,5,5,100.00,349.48
NULL,6839,"ovali warehouse","Ignore",1.09,834,26,3.12,2,1,50.00,385.70
NULL,6840,"noida e-tail centre","Ignore",1.10,45,1,2.22,8,3,37.50,55.55
NULL,6841,"ggn e-tail deliveries","Ignore",1.11,30,1,3.33,14,2,14.29,59.08
NULL,6842,"maya","Ignore",1.12,117,5,4.27,13,1,7.69,78.20
NULL,6843,"ongole/hub, ongole, andhra pradesh","Ignore",1.13,22,1,4.55,2,1,50.00,212.42
NULL,6844,"rkt/hub, rajkot, gujarat","Ignore",1.17,505,15,2.97,12,2,16.67,89.78
NULL,6845,"gomn","Ignore",1.19,17,1,5.88,0,0,0.00,0.00
NULL,6845,"vesuhub_stv surat","Ignore",1.19,17,1,5.88,0,0,0.00,0.00
NULL,6847,"amd/lh1, ahmedabad, gujarat","Ignore",1.20,1334,49,3.67,93,0,0.00,25.08
NULL,6848,"ngpr","Ignore",1.21,26,1,3.85,2,2,100.00,129.05
NULL,6848,"chbr","Ignore",1.21,175,8,4.57,11,1,9.09,109.75
NULL,6850,"kadapa","Ignore",1.26,16,1,6.25,7,0,0.00,33.07
NULL,6850,"kanpur","Ignore",1.26,16,1,6.25,0,0,0.00,0.00
NULL,6850,"seepz sakinaka hub","Ignore",1.26,16,1,6.25,0,0,0.00,0.00
NULL,6850,"jvkn","Ignore",1.26,16,1,6.25,13,0,0.00,15.00
NULL,6854,"balanagar e-tail centre","Ignore",1.30,5,0,0.00,23,1,4.35,53.50
NULL,6855,"chakan","Ignore",1.32,7101,89,1.25,1,1,100.00,82.10
NULL,6856,"mumbai hub","Ignore",1.38,5129,11,0.21,127,3,2.36,67.98
NULL,6857,"anantapur","Ignore",1.40,17,1,5.88,4,1,25.00,117.48
NULL,6857,"pune hub","Ignore",1.40,8899,28,0.31,78,2,2.56,199.05
NULL,6859,"kozhikode","Ignore",1.44,14,1,7.14,0,0,0.00,0.00
NULL,6859,"nzb/hub, nizamabad, telangana","Ignore",1.44,14,1,7.14,0,0,0.00,0.00
NULL,6861,"cok/hub, cochin, kerala","Ignore",1.49,171,5,2.92,11,4,36.36,144.29
NULL,6862,"jamshedpur e-tail centre","Ignore",1.51,1,0,0.00,16,7,43.75,320.58
NULL,6862,"amb/lh1, ambala, haryana","Ignore",1.51,778,6,0.77,23,1,4.35,114.21
NULL,6864,"santacruz","Ignore",1.55,13,1,7.69,0,0,0.00,0.00
NULL,6864,"balasore, balasore, orissa","Ignore",1.55,13,1,7.69,2,0,0.00,47.42
NULL,6864,"tolichowki e-tail centre","Ignore",1.55,13,1,7.69,3,0,0.00,29.88
NULL,6864,"aligarh","Ignore",1.55,13,1,7.69,2,0,0.00,30.52
NULL,6864,"dhule, dhule, maharashtra","Ignore",1.55,13,1,7.69,0,0,0.00,0.00
NULL,6869,"idr/lh1, indore, madhya pradesh","Ignore",1.64,620,11,1.77,26,1,3.85,51.39
NULL,6870,"panchavatihub_nsk nashik","Ignore",1.68,12,1,8.33,0,0,0.00,0.00
NULL,6871,"andheri (adhr)","Ignore",1.76,13,1,7.69,1,1,100.00,338.85
NULL,6871,"peenya e-tail","Ignore",1.76,13,1,7.69,12,1,8.33,172.00
NULL,6873,"dmlr","Ignore",1.77,15,1,6.67,17,2,11.76,57.61
NULL,6874,"rourkela","Ignore",1.83,11,1,9.09,0,0,0.00,0.00
NULL,6875,"mumbai etail warehou","Ignore",1.99,3900,0,0.00,32,2,6.25,56.02
NULL,6876,"vapi","Ignore",2.01,10,1,10.00,0,0,0.00,0.00
NULL,6877,"dlf cyber city","Ignore",2.02,3797,136,3.58,2,0,0.00,16.03
NULL,6878,"malur","Ignore",2.09,747,24,3.21,25,1,4.00,51.29
NULL,6879,"indore","Ignore",2.12,177,8,4.52,27,1,3.70,82.30
NULL,6880,"ccjh","Ignore",2.22,10,1,10.00,10,1,10.00,103.21
NULL,6880,"zkpr","Ignore",2.22,10,1,10.00,19,1,5.26,59.09
NULL,6882,"icfaihub_del","Ignore",2.23,9,1,11.11,0,0,0.00,0.00
NULL,6882,"pnq/mgr, pune, maharashtra","Ignore",2.23,9,1,11.11,0,0,0.00,0.00
NULL,6882,"nanpura service centre","Ignore",2.23,9,1,11.11,0,0,0.00,0.00
NULL,6885,"thn/gho, thane, maharashtra","Ignore",2.24,18,2,11.11,3,0,0.00,16.05
NULL,6886,"bhiwandi new warehou","Ignore",2.30,792,24,3.03,20,1,5.00,73.58
NULL,6887,"ajmer","Ignore",2.37,17,2,11.76,15,0,0.00,39.45
NULL,6888,"kphb","Ignore",2.43,5,0,0.00,25,2,8.00,63.52
NULL,6889,"cunningham","Ignore",2.45,9,1,11.11,12,1,8.33,54.55
NULL,6890,"tirunelveli","Ignore",2.51,8,1,12.50,2,0,0.00,29.24
NULL,6890,"rudrapur","Ignore",2.51,8,1,12.50,4,0,0.00,40.03
NULL,6890,"haridwar","Ignore",2.51,8,1,12.50,4,0,0.00,15.22
NULL,6890,"gau warehouse","Ignore",2.51,8,1,12.50,0,0,0.00,0.00
NULL,6890,"raipurcityhub_rpr raipur","Ignore",2.51,8,1,12.50,0,0,0.00,0.00
NULL,6895,"pmpc","Ignore",2.69,15,2,13.33,2,0,0.00,38.12
NULL,6895,"ixms","Ignore",2.69,15,2,13.33,1,0,0.00,35.33
NULL,6897,"jaipur warehouse","Ignore",2.80,16,0,0.00,15,13,86.67,77.55
NULL,6898,"skhx","Ignore",2.83,210,3,1.43,24,2,8.33,73.49
NULL,6899,"hyd/kuk, hyderabad, telangana","Ignore",2.87,7,1,14.29,7,0,0.00,16.27
NULL,6899,"srm college","Ignore",2.87,7,1,14.29,0,0,0.00,0.00
NULL,6899,"alleppey","Ignore",2.87,7,1,14.29,0,0,0.00,0.00
NULL,6899,"talegaon","Ignore",2.87,7,1,14.29,5,0,0.00,25.22
NULL,6899,"goih","Ignore",2.87,7,1,14.29,10,0,0.00,14.52
NULL,6904,"kolkata hub","Ignore",2.89,2303,31,1.35,100,5,5.00,140.55
NULL,6904,"chennai airport hub","Ignore",2.89,1903,67,3.52,83,3,3.61,82.83
NULL,6906,"bilaspur","Ignore",3.09,14,2,14.29,7,1,14.29,102.20
NULL,6906,"aurh","Ignore",3.09,9,1,11.11,4,4,100.00,134.44
NULL,6908,"mugalivakkam","Ignore",3.10,13,2,15.38,0,0,0.00,0.00
NULL,6908,"bhubaneshwar, odisha, in","Ignore",3.10,13,2,15.38,0,0,0.00,0.00
NULL,6910,"blr/lh1, bangalore, karnataka","Ignore",3.11,2067,32,1.55,125,6,4.80,68.22
NULL,6911,"bom/sre, mumbai, maharashtra","Ignore",3.15,8,1,12.50,5,3,60.00,400.33
NULL,6912,"delhi","Ignore",3.30,2272,45,1.98,41,3,7.32,81.99
NULL,6913,"adhr","Ignore",3.32,17,0,0.00,28,3,10.71,57.50
NULL,6914,"keshav nagar","Ignore",3.34,6,1,16.67,0,0,0.00,0.00
NULL,6914,"elasticrunvisakhapatnamsplitodh_vtz visakhapatnam","Ignore",3.34,6,1,16.67,0,0,0.00,0.00
NULL,6914,"rto/vst, bangalore, karnataka","Ignore",3.34,6,1,16.67,0,0,0.00,0.00
NULL,6914,"dhenkanal","Ignore",3.34,6,1,16.67,0,0,0.00,0.00
NULL,6914,"maranda","Ignore",3.34,6,1,16.67,0,0,0.00,0.00
NULL,6914,"alwar","Ignore",3.34,6,1,16.67,2,0,0.00,30.11
NULL,6914,"kashipurhub_kas kashipur","Ignore",3.34,6,1,16.67,1,0,0.00,14.93
NULL,6914,"burdwan","Ignore",3.34,6,1,16.67,1,0,0.00,19.08
NULL,6914,"varachha etail inbound","Ignore",3.34,6,1,16.67,0,0,0.00,0.00
NULL,6914,"del/wzb, delhi ncr, delhi","Ignore",3.34,6,1,16.67,2,0,0.00,16.84
NULL,6914,"asansol","Ignore",3.34,6,1,16.67,1,0,0.00,19.76
NULL,6914,"pimpri hub pune","Ignore",3.34,6,1,16.67,0,0,0.00,0.00
NULL,6914,"raigarh, raigarh, chhattisgarh","Ignore",3.34,6,1,16.67,0,0,0.00,0.00
NULL,6927,"mumbai, maharashtra, in","Ignore",3.55,263,11,4.18,23,2,8.70,107.29
NULL,6928,"ovali etail unit","Ignore",3.63,3529,46,1.30,20,2,10.00,75.28
NULL,6929,"bengaluru, karnataka, in","Ignore",3.64,737,3,0.41,26,3,11.54,329.60
NULL,6930,"etail panvel warehouse","Ignore",3.66,11,2,18.18,2,0,0.00,28.72
NULL,6931,"muzaffarpur","Ignore",4.01,5,1,20.00,0,0,0.00,0.00
NULL,6931,"seepz","Ignore",4.01,5,1,20.00,2,0,0.00,16.58
NULL,6931,"vimn","Ignore",4.01,5,1,20.00,2,0,0.00,35.81
NULL,6931,"nnpm","Ignore",4.01,5,1,20.00,0,0,0.00,0.00
NULL,6935,"ylka","Ignore",4.03,15,3,20.00,8,0,0.00,16.13
NULL,6936,"msrs","Ignore",4.22,5,1,20.00,3,1,33.33,58.52
NULL,6937,"pune","Ignore",4.31,320,14,4.38,41,4,9.76,213.61
NULL,6937,"sarkhej pud","Ignore",4.31,14,3,21.43,1,0,0.00,17.68
NULL,6939,"wtfd","Ignore",4.43,69,3,4.35,26,3,11.54,81.71
NULL,6940,"vapi warehouse","Ignore",4.46,9,2,22.22,1,0,0.00,33.97
NULL,6940,"ambkp/ambikapur, ambikapur, chhattisgarh","Ignore",4.46,9,2,22.22,0,0,0.00,0.00
NULL,6942,"okhla e-tail delivery ext","Ignore",5.01,4,1,25.00,3,0,0.00,38.68
NULL,6942,"jamshedpur","Ignore",5.01,4,1,25.00,0,0,0.00,0.00
NULL,6942,"kanke","Ignore",5.01,4,1,25.00,0,0,0.00,0.00
NULL,6942,"walhekarwadi","Ignore",5.01,4,1,25.00,0,0,0.00,0.00
NULL,6942,"loni kalbhor","Ignore",5.01,4,1,25.00,0,0,0.00,0.00
NULL,6942,"chembur e-tail centre","Ignore",5.01,4,1,25.00,6,0,0.00,14.92
NULL,6942,"howrah, west bengal, in","Ignore",5.01,4,1,25.00,0,0,0.00,0.00
NULL,6942,"edakochi","Ignore",5.01,4,1,25.00,1,0,0.00,22.15
NULL,6942,"ram murthy nagar","Ignore",5.01,4,1,25.00,1,0,0.00,31.70
NULL,6942,"jaipur kanota","Ignore",5.01,4,1,25.00,1,0,0.00,36.20
NULL,6942,"kot ise khan, moga, punjab","Ignore",5.01,4,1,25.00,0,0,0.00,0.00
NULL,6942,"pallikarnai","Ignore",5.01,4,1,25.00,4,0,0.00,15.33
NULL,6942,"vidyanagar","Ignore",5.01,4,1,25.00,2,0,0.00,37.93
NULL,6942,"kharar e-tail","Ignore",5.01,4,1,25.00,0,0,0.00,0.00
NULL,6942,"upleta","Ignore",5.01,4,1,25.00,0,0,0.00,0.00
NULL,6942,"kondhwa","Ignore",5.01,4,1,25.00,0,0,0.00,0.00
NULL,6942,"tenkasi","Ignore",5.01,4,1,25.00,0,0,0.00,0.00
NULL,6942,"chandigarh etail delivery","Ignore",5.01,4,1,25.00,3,0,0.00,15.35
NULL,6942,"nirman nagar, jaipur, rajasthan","Ignore",5.01,4,1,25.00,2,0,0.00,17.77
NULL,6942,"vasai virar, maharashtra, in","Ignore",5.01,4,1,25.00,1,0,0.00,15.36
NULL,6942,"sanaswadi","Ignore",5.01,4,1,25.00,0,0,0.00,0.00
NULL,6942,"lower parel","Ignore",5.01,4,1,25.00,6,0,0.00,15.07
NULL,6964,"guruvayoor","Ignore",5.02,8,2,25.00,1,0,0.00,22.68
NULL,6965,"dehradun e-tail","Ignore",5.08,124,4,3.23,20,3,15.00,105.47
NULL,6966,"hyd/ib1, hyderabad, telangana","Ignore",5.33,651,3,0.46,23,4,17.39,119.25
NULL,6967,"hyderabad - hyd","Ignore",5.44,4,1,25.00,4,2,50.00,84.18
NULL,6968,"hrbs","Ignore",5.80,7,1,14.29,20,2,10.00,278.43
NULL,6969,"nagpur","Ignore",5.83,720,26,3.61,25,4,16.00,64.72
NULL,6970,"delh","Ignore",6.04,10400,205,1.97,515,14,2.72,70.50
NULL,6971,"ayyantholehub_ayy","Ignore",6.68,3,1,33.33,0,0,0.00,0.00
NULL,6971,"sonbhadra","Ignore",6.68,3,1,33.33,0,0,0.00,0.00
NULL,6971,"lonavala","Ignore",6.68,3,1,33.33,1,0,0.00,21.64
NULL,6971,"koraput","Ignore",6.68,3,1,33.33,1,0,0.00,35.06
NULL,6971,"khar e-tail","Ignore",6.68,3,1,33.33,3,0,0.00,15.02
NULL,6971,"ziro","Ignore",6.68,3,1,33.33,0,0,0.00,0.00
NULL,6971,"mohali, mohali, punjab","Ignore",6.68,3,1,33.33,2,0,0.00,37.67
NULL,6971,"sarkhej temp ware house","Ignore",6.68,3,1,33.33,0,0,0.00,0.00
NULL,6971,"fatehabad","Ignore",6.68,3,1,33.33,1,0,0.00,27.20
NULL,6971,"rewari hub","Ignore",6.68,3,1,33.33,0,0,0.00,0.00
NULL,6971,"kasargod","Ignore",6.68,3,1,33.33,0,0,0.00,0.00
NULL,6971,"aburoad s.o","Ignore",6.68,3,1,33.33,1,0,0.00,25.68
NULL,6971,"amrut kirana store surat","Ignore",6.68,3,1,33.33,0,0,0.00,0.00
NULL,6971,"begusarai","Ignore",6.68,3,1,33.33,0,0,0.00,0.00
NULL,6971,"mangrol","Ignore",6.68,3,1,33.33,1,0,0.00,19.31
NULL,6971,"fbd/blg, delhi ncr, delhi","Ignore",6.68,3,1,33.33,2,0,0.00,16.53
NULL,6971,"ramganj","Ignore",6.68,3,1,33.33,1,0,0.00,50.28
NULL,6971,"jlnd","Ignore",6.68,3,1,33.33,8,0,0.00,14.89
NULL,6989,"bhwe","Ignore",6.85,1,0,0.00,27,6,22.22,132.64
NULL,6990,"mapusa","Ignore",6.89,3,1,33.33,1,1,100.00,160.30
NULL,6991,"blrh","Ignore",7.01,6026,56,0.93,93,13,13.98,438.20
NULL,6992,"pnqh","Ignore",7.07,2242,5,0.22,32,7,21.88,80.01
NULL,6993,"amd","Ignore",7.64,7332,85,1.16,513,25,4.87,238.55
NULL,6994,"agr e-tail procssing unit","Ignore",8.04,10,4,40.00,0,0,0.00,0.00
NULL,6995,"vzgp","Ignore",8.18,3,1,33.33,16,7,43.75,227.59
NULL,6996,"delhi samalkha wareh","Ignore",8.38,12,5,41.67,3,0,0.00,43.93
NULL,6997,"chennai, tamil nadu, in","Ignore",8.70,91,3,3.30,37,9,24.32,192.32
NULL,6998,"hydh","Ignore",9.01,3151,132,4.19,148,18,12.16,82.52
NULL,6999,"bomh","Ignore",9.07,9099,154,1.69,567,28,4.94,86.03
NULL,7000,"pck/ja1, jaipur, rajasthan","Ignore",9.14,11,5,45.45,0,0,0.00,0.00
NULL,7001,"pattomhub_trv","Ignore",10.01,2,1,50.00,0,0,0.00,0.00
NULL,7001,"palluruthyhub_prt","Ignore",10.01,2,1,50.00,1,0,0.00,14.72
NULL,7001,"airportrdhub_hss","Ignore",10.01,2,1,50.00,0,0,0.00,0.00
NULL,7001,"malad west etail center","Ignore",10.01,2,1,50.00,5,0,0.00,16.67
NULL,7001,"khandwa, khandwa, madhya pradesh","Ignore",10.01,2,1,50.00,1,0,0.00,18.68
NULL,7001,"town mini hub","Ignore",10.01,2,1,50.00,0,0,0.00,0.00
NULL,7001,"sillod","Ignore",10.01,2,1,50.00,0,0,0.00,0.00
NULL,7001,"kalka","Ignore",10.01,2,1,50.00,1,0,0.00,14.67
NULL,7001,"rto/fc1, bangalore, karnataka","Ignore",10.01,2,1,50.00,0,0,0.00,0.00
NULL,7001,"bom/mat, mumbai, maharashtra","Ignore",10.01,2,1,50.00,0,0,0.00,0.00
NULL,7001,"gonda","Ignore",10.01,2,1,50.00,0,0,0.00,0.00
NULL,7001,"palampur","Ignore",10.01,2,1,50.00,1,0,0.00,17.80
NULL,7001,"gnon","Ignore",10.01,2,1,50.00,0,0,0.00,0.00
NULL,7001,"mrgo","Ignore",10.01,2,1,50.00,3,0,0.00,38.60
NULL,7001,"kalyan bdel","Ignore",10.01,2,1,50.00,4,0,0.00,14.73
NULL,7001,"blr/nkh-tml, bangalore, karnataka","Ignore",10.01,2,1,50.00,0,0,0.00,0.00
NULL,7001,"mandideep, mandideep, madhya pradesh","Ignore",10.01,2,1,50.00,2,0,0.00,15.53
NULL,7001,"barmer","Ignore",10.01,2,1,50.00,1,0,0.00,25.68
NULL,7001,"panruti","Ignore",10.01,2,1,50.00,0,0,0.00,0.00
NULL,7001,"dharavi","Ignore",10.01,2,1,50.00,4,0,0.00,15.52
NULL,7001,"huzur","Ignore",10.01,2,1,50.00,0,0,0.00,0.00
NULL,7001,"dehradun expansion","Ignore",10.01,2,1,50.00,0,0,0.00,0.00
NULL,7001,"chamba","Ignore",10.01,2,1,50.00,0,0,0.00,0.00
NULL,7001,"brahmapurmdh_kol","Ignore",10.01,2,1,50.00,0,0,0.00,0.00
NULL,7001,"kunnamangalamhub_knm","Ignore",10.01,2,1,50.00,0,0,0.00,0.00
NULL,7001,"ele apex/sfc pud","Ignore",10.01,2,1,50.00,0,0,0.00,0.00
NULL,7001,"avinashi road hub","Ignore",10.01,2,1,50.00,0,0,0.00,0.00
NULL,7001,"aizawl","Ignore",10.01,2,1,50.00,2,0,0.00,16.32
NULL,7001,"bareilly hub","Ignore",10.01,2,1,50.00,0,0,0.00,0.00
NULL,7001,"kathua","Ignore",10.01,2,1,50.00,3,0,0.00,14.48
NULL,7001,"bareillybypaashub_bry","Ignore",10.01,2,1,50.00,0,0,0.00,0.00
NULL,7001,"sonipat, panipat, haryana","Ignore",10.01,2,1,50.00,1,0,0.00,31.33
NULL,7001,"chavakkadhub_gyo","Ignore",10.01,2,1,50.00,0,0,0.00,0.00
NULL,7001,"del/rhn1, new delhi, delhi","Ignore",10.01,2,1,50.00,14,0,0.00,40.26
NULL,7001,"siddagangahub_tkr","Ignore",10.01,2,1,50.00,0,0,0.00,0.00
NULL,7036,"kullu","Ignore",10.02,4,2,50.00,1,0,0.00,17.80
NULL,7036,"bhiwandi apex/sfc","Ignore",10.02,4,2,50.00,1,0,0.00,14.62
NULL,7036,"salem/kdmpt, salem, tamil nadu","Ignore",10.02,4,2,50.00,0,0,0.00,0.00
NULL,7039,"pnq/ngd, pune, maharashtra","Ignore",10.03,6,3,50.00,0,0,0.00,0.00
NULL,7040,"nagpur hub","Ignore",10.04,8,4,50.00,0,0,0.00,0.00
NULL,7041,"manesar (mann)","Ignore",10.07,14,7,50.00,0,0,0.00,0.00
NULL,7042,"slte","Ignore",10.81,10,0,0.00,22,8,36.36,174.70
NULL,7043,"amrt","Ignore",11.28,4,2,50.00,24,1,4.17,58.56
NULL,7044,"mathura, mathura, uttar pradesh","Ignore",11.37,9,5,55.56,1,1,100.00,103.02
NULL,7045,"hajipur","Ignore",11.80,9,5,55.56,7,3,42.86,74.44
NULL,7046,"national highway ext","Ignore",12.03,5,3,60.00,0,0,0.00,0.00
NULL,7047,"carh","Ignore",13.02,3,0,0.00,23,10,43.48,108.13
NULL,7048,"hoogly bdel","Ignore",13.35,3,2,66.67,5,0,0.00,15.72
NULL,7049,"jblm","Ignore",13.57,3,2,66.67,1,1,100.00,108.19
NULL,7049,"agartala","Ignore",13.57,3,2,66.67,1,1,100.00,77.69
NULL,7051,"pnq/wkd, pune, maharashtra","Ignore",15.03,4,3,75.00,0,0,0.00,0.00
NULL,7051,"srinagar","Ignore",15.03,4,3,75.00,1,0,0.00,35.86
NULL,7053,"smartr hq","Ignore",16.04,5,4,80.00,0,0,0.00,0.00
NULL,7053,"aalo","Ignore",16.04,5,4,80.00,1,0,0.00,20.33
NULL,7055,"mlre","Ignore",17.14,6,5,83.33,6,2,33.33,53.59
NULL,7056,"hyd/brb, hyderabad, telangana","Ignore",19.50,8,7,87.50,12,9,75.00,417.18
NULL,7057,"dhanbad bdel","Ignore",20.01,1,1,100.00,2,0,0.00,15.13
NULL,7057,"bom/mld, mumbai, maharashtra","Ignore",20.01,1,1,100.00,0,0,0.00,0.00
NULL,7057,"del/gpm, delhi ncr, delhi","Ignore",20.01,1,1,100.00,1,0,0.00,14.85
NULL,7057,"saskodungallurodh_kll","Ignore",20.01,1,1,100.00,0,0,0.00,0.00
NULL,7057,"panipat iocl office","Ignore",20.01,1,1,100.00,0,0,0.00,0.00
NULL,7057,"twincityhub_hbx","Ignore",20.01,1,1,100.00,0,0,0.00,0.00
NULL,7057,"blr/rrn-tml, bangalore, karnataka","Ignore",20.01,1,1,100.00,1,0,0.00,15.24
NULL,7057,"cabtmaidanodh_kol","Ignore",20.01,1,1,100.00,0,0,0.00,0.00
NULL,7057,"blr/krp-tml, bangalore, karnataka","Ignore",20.01,1,1,100.00,2,0,0.00,16.13
NULL,7057,"bhawanipursplitodh_kol","Ignore",20.01,1,1,100.00,0,0,0.00,0.00
NULL,7057,"pithampur","Ignore",20.01,1,1,100.00,0,0,0.00,0.00
NULL,7057,"madhepura","Ignore",20.01,1,1,100.00,1,0,0.00,30.90
NULL,7057,"speeder courier powerflex tiruchirappalli","Ignore",20.01,1,1,100.00,0,0,0.00,0.00
NULL,7057,"khandagiri hub","Ignore",20.01,1,1,100.00,0,0,0.00,0.00
NULL,7057,"muvattupuzhahub_mva","Ignore",20.01,1,1,100.00,0,0,0.00,0.00
NULL,7057,"jmun","Ignore",20.01,1,1,100.00,0,0,0.00,0.00
NULL,7057,"nbm/kha, navi mumbai, maharashtra","Ignore",20.01,1,1,100.00,2,0,0.00,15.84
NULL,7057,"del/fkn, delhi ncr, delhi","Ignore",20.01,1,1,100.00,0,0,0.00,0.00
NULL,7057,"damodar nagar","Ignore",20.01,1,1,100.00,2,0,0.00,34.28
NULL,7057,"atq/cht, amritsar, punjab","Ignore",20.01,1,1,100.00,0,0,0.00,0.00
NULL,7057,"kapurthala, kapurthala, punjab","Ignore",20.01,1,1,100.00,1,0,0.00,14.64
NULL,7057,"hyd/jdm, hyderabad, telangana","Ignore",20.01,1,1,100.00,0,0,0.00,0.00
NULL,7057,"phase2noidahub_del","Ignore",20.01,1,1,100.00,0,0,0.00,0.00
NULL,7057,"sri ramapuram, sri rampuram, tamil nadu","Ignore",20.01,1,1,100.00,0,0,0.00,0.00
NULL,7057,"gaya hub","Ignore",20.01,1,1,100.00,0,0,0.00,0.00
NULL,7057,"sopore","Ignore",20.01,1,1,100.00,1,0,0.00,35.86
NULL,7057,"khed city","Ignore",20.01,1,1,100.00,0,0,0.00,0.00
NULL,7057,"ghanpur reach","Ignore",20.01,1,1,100.00,0,0,0.00,0.00
NULL,7057,"chikkaballapurahub_cbp","Ignore",20.01,1,1,100.00,0,0,0.00,0.00
NULL,7057,"gaya, gaya, bihar","Ignore",20.01,1,1,100.00,1,0,0.00,21.29
NULL,7057,"vija","Ignore",20.01,1,1,100.00,17,0,0.00,39.02
NULL,7057,"kottarakkara, kottarakkara, kerala","Ignore",20.01,1,1,100.00,0,0,0.00,0.00
NULL,7057,"saiha","Ignore",20.01,1,1,100.00,0,0,0.00,0.00
NULL,7057,"karur hub","Ignore",20.01,1,1,100.00,0,0,0.00,0.00
NULL,7057,"kakapalayam","Ignore",20.01,1,1,100.00,0,0,0.00,0.00
NULL,7057,"nandigama","Ignore",20.01,1,1,100.00,0,0,0.00,0.00
NULL,7057,"chengam","Ignore",20.01,1,1,100.00,0,0,0.00,0.00
NULL,7057,"tarikere","Ignore",20.01,1,1,100.00,0,0,0.00,0.00
NULL,7057,"hubli hub","Ignore",20.01,1,1,100.00,0,0,0.00,0.00
NULL,7057,"maa/tiruvottiyur-tml, chennai, tamil nadu","Ignore",20.01,1,1,100.00,0,0,0.00,0.00
NULL,7057,"deoghar, jharkhand, in","Ignore",20.01,1,1,100.00,0,0,0.00,0.00
NULL,7057,"pat/pck, patna, bihar","Ignore",20.01,1,1,100.00,2,0,0.00,15.31
NULL,7057,"chittoor, andhra pradesh, in","Ignore",20.01,1,1,100.00,0,0,0.00,0.00
NULL,7057,"elathur, elathur, kerala","Ignore",20.01,1,1,100.00,0,0,0.00,0.00
NULL,7057,"cabtberhampurodh_bmp","Ignore",20.01,1,1,100.00,0,0,0.00,0.00
NULL,7057,"ferokehub_frk","Ignore",20.01,1,1,100.00,0,0,0.00,0.00
NULL,7057,"noida/spr, delhi ncr, delhi","Ignore",20.01,1,1,100.00,0,0,0.00,0.00
NULL,7057,"oldtownhub_bbi","Ignore",20.01,1,1,100.00,0,0,0.00,0.00
NULL,7057,"buxarhub_bxr","Ignore",20.01,1,1,100.00,0,0,0.00,0.00
NULL,7057,"narayanpet","Ignore",20.01,1,1,100.00,0,0,0.00,0.00
NULL,7057,"bbn/mie, bhubaneswar, orissa","Ignore",20.01,1,1,100.00,0,0,0.00,0.00
NULL,7057,"ukwa, ukwa, madhya pradesh","Ignore",20.01,1,1,100.00,1,0,0.00,14.50
NULL,7057,"cunnighamroadhub_blr","Ignore",20.01,1,1,100.00,0,0,0.00,0.00
NULL,7057,"darbhanga, bihar, in","Ignore",20.01,1,1,100.00,0,0,0.00,0.00
NULL,7057,"dindigul/east-tml, dindigul, tamil nadu","Ignore",20.01,1,1,100.00,2,0,0.00,19.02
NULL,7057,"anjarakandyhub_anj","Ignore",20.01,1,1,100.00,0,0,0.00,0.00
NULL,7057,"metpally, metpally, telangana","Ignore",20.01,1,1,100.00,0,0,0.00,0.00
NULL,7057,"chaprahub_cpr","Ignore",20.01,1,1,100.00,0,0,0.00,0.00
NULL,7057,"kolhapursplithub_khl","Ignore",20.01,1,1,100.00,0,0,0.00,0.00
NULL,7057,"chos","Ignore",20.01,1,1,100.00,1,0,0.00,33.37
NULL,7057,"bom/bdp-tml, mumbai, maharashtra","Ignore",20.01,1,1,100.00,1,0,0.00,32.46
NULL,7057,"smg/krp-tml, shivamogga, karnataka","Ignore",20.01,1,1,100.00,0,0,0.00,0.00
NULL,7057,"gurdaspur, gurdaspur, punjab","Ignore",20.01,1,1,100.00,0,0,0.00,0.00
NULL,7057,"kauphub_mpl","Ignore",20.01,1,1,100.00,0,0,0.00,0.00
NULL,7057,"handia, handia, uttar pradesh","Ignore",20.01,1,1,100.00,0,0,0.00,0.00
NULL,7057,"vijayapura1, vijayapura, karnataka","Ignore",20.01,1,1,100.00,0,0,0.00,0.00
NULL,7057,"othakadai, otthakadai, tamil nadu","Ignore",20.01,1,1,100.00,1,0,0.00,28.04
NULL,7057,"banarhat office","Ignore",20.01,1,1,100.00,1,0,0.00,14.48
NULL,7057,"hazratganjhub_lko","Ignore",20.01,1,1,100.00,0,0,0.00,0.00
NULL,7057,"mahape","Ignore",20.01,1,1,100.00,6,0,0.00,16.37
NULL,7057,"tiruvalla hub","Ignore",20.01,1,1,100.00,0,0,0.00,0.00
NULL,7057,"rto/chd, bangalore, karnataka","Ignore",20.01,1,1,100.00,0,0,0.00,0.00
NULL,7057,"blr/apt, bangalore, karnataka","Ignore",20.01,1,1,100.00,0,0,0.00,0.00
NULL,7057,"rourkela hub","Ignore",20.01,1,1,100.00,0,0,0.00,0.00
NULL,7057,"sidm","Ignore",20.01,1,1,100.00,1,0,0.00,36.12
NULL,7057,"mungercityhub_mct","Ignore",20.01,1,1,100.00,0,0,0.00,0.00
NULL,7057,"goa/mrg, goa, goa","Ignore",20.01,1,1,100.00,0,0,0.00,0.00
NULL,7057,"templecityhub_ixm","Ignore",20.01,1,1,100.00,0,0,0.00,0.00
NULL,7057,"shimla, shimla, himachal pradesh","Ignore",20.01,1,1,100.00,2,0,0.00,16.42
NULL,7057,"mathlimdh_mth","Ignore",20.01,1,1,100.00,0,0,0.00,0.00
NULL,7057,"kangayamhub_kgy","Ignore",20.01,1,1,100.00,0,0,0.00,0.00
NULL,7057,"baldwara","Ignore",20.01,1,1,100.00,0,0,0.00,0.00
NULL,7057,"pakhanjur","Ignore",20.01,1,1,100.00,0,0,0.00,0.00
NULL,7057,"keeranur, keeranur, tamil nadu","Ignore",20.01,1,1,100.00,0,0,0.00,0.00
NULL,7057,"ulu/amt-tml, howrah, west bengal","Ignore",20.01,1,1,100.00,0,0,0.00,0.00
NULL,7142,"lunglei","Ignore",20.02,2,2,100.00,0,0,0.00,0.00
NULL,7142,"maa/icf-tml, chennai, tamil nadu","Ignore",20.02,2,2,100.00,1,0,0.00,31.98
NULL,7142,"bom/sre-ehv, mumbai, maharashtra","Ignore",20.02,2,2,100.00,0,0,0.00,0.00
NULL,7142,"poonch","Ignore",20.02,2,2,100.00,0,0,0.00,0.00
NULL,7142,"rajnandgaon1, rajnandgaon, chhattisgarh","Ignore",20.02,2,2,100.00,0,0,0.00,0.00
NULL,7142,"ctke","Ignore",20.02,2,2,100.00,0,0,0.00,0.00
NULL,7142,"pirangut","Ignore",20.02,2,2,100.00,0,0,0.00,0.00
NULL,7149,"gangtok office","Ignore",20.22,1,1,100.00,1,1,100.00,131.03
NULL,7149,"umbergaon, umbergaon, gujarat","Ignore",20.22,1,1,100.00,1,1,100.00,61.14
NULL,7149,"najibabad, najibabad, uttar pradesh","Ignore",20.22,1,1,100.00,3,1,33.33,110.83
NULL,7149,"del/mtn, new delhi, delhi","Ignore",20.22,1,1,100.00,7,1,14.29,53.84
NULL,7149,"jai/pkm1, jaipur, rajasthan","Ignore",20.22,1,1,100.00,1,1,100.00,63.54
NULL,7149,"pudukkottai, pudukkottai, tamil nadu","Ignore",20.22,1,1,100.00,2,1,50.00,53.81
NULL,7149,"del/lpn, new delhi, delhi","Ignore",20.22,1,1,100.00,8,1,12.50,59.66
NULL,7149,"betma, betma, madhya pradesh","Ignore",20.22,1,1,100.00,2,1,50.00,135.75
NULL,7149,"silchar","Ignore",20.22,1,1,100.00,3,1,33.33,57.32
NULL,7158,"alwal","Ignore",20.23,2,2,100.00,1,1,100.00,345.70
NULL,7159,"maa/roy-tml, chennai, tamil nadu","Ignore",20.44,1,1,100.00,2,2,100.00,112.22
NULL,7160,"idr/las, indore, madhya pradesh","Ignore",20.65,1,1,100.00,9,3,33.33,160.78
NULL,7161,"thane","Ignore",24.44,5904,269,4.56,466,78,16.74,88.67
